FECHA_CORTE,DEPARTAMENTO,PROVINCIA,DISTRITO,UBIGEO,FECHA_REGISTRO,PRODUCTO,PRECIO_MAYORISTA,PRECIO_MINORISTA,CATEGORIA,UNIDAD_MEDIDA_MAY,UNIDAD_MEDIDA_MIN
20260406,PIURA,PIURA,PIURA,200101,20260313,Melon coquito,2.46,3.05,Frutas,KILOGRAMO,KILOGRAMO
20260406,PIURA,PIURA,PIURA,200101,20260313,Uva alfonso lavalett,4,7.1,Frutas,KILOGRAMO,KILOGRAMO
20260406,PIURA,PIURA,PIURA,200101,20260313,Cebolla cabeza roja,1.92,4.25,Hortalizas,SACO,KILOGRAMO
20260406,PIURA,PIURA,PIURA,200101,20260313,Carne de porcino (corte unico),18.75,20.75,Carnes y huevos,UNIDAD,KILOGRAMO
20260406,PIURA,PIURA,PIURA,200101,20260313,Papa canchan,1.77,3.05,Tuberculos,SACO GRANDE,KILOGRAMO
20260406,PIURA,PIURA,PIURA,200101,20260313,Vainita americana,3.16,6.45,Legumbres,KILOGRAMO,KILOGRAMO
20260406,PIURA,PIURA,PIURA,200101,20260313,Papa amarilla,3.01,5.6,Tuberculos,SACO GRANDE,KILOGRAMO
20260406,PIURA,PIURA,PIURA,200101,20260313,Uva red globe,3.13,6.25,Frutas,KILOGRAMO,KILOGRAMO
20260406,PIURA,PIURA,PIURA,200101,20260313,Camote morado,1.98,4.75,Tuberculos,SACO GRANDE,KILOGRAMO
20260406,PIURA,PIURA,PIURA,200101,20260313,Melocoton durazno huayco,5.45,9.8,Frutas,KILOGRAMO,KILOGRAMO
20260406,PIURA,PIURA,PIURA,200101,20260313,Arveja verde blanca serrana,7.1,8.65,Legumbres,MALLA MEDIANA,KILOGRAMO
20260406,PIURA,PIURA,PIURA,200101,20260313,Manzana israel,3.18,5.35,Frutas,KILOGRAMO,KILOGRAMO
20260406,PIURA,PIURA,PIURA,200101,20260313,Ajo criollo o napuri,7.7,13.5,Hortalizas,MALLA MEDIANA,KILOGRAMO
20260406,PIURA,PIURA,PIURA,200101,20260313,Manzana delicia,2.25,4.45,Frutas,KILOGRAMO,KILOGRAMO
20260406,PIURA,PIURA,PIURA,200101,20260313,Azucar rubia nacional (granel),3.29,4.45,Agro-industriales,SACO NORMAL,KILOGRAMO
20260406,PIURA,PIURA,PIURA,200101,20260313,Mango edward,3.77,5.05,Frutas,KILOGRAMO,KILOGRAMO
20260406,PIURA,PIURA,PIURA,200101,20260313,Azucar blanca nacional (granel),3.27,4.55,Agro-industriales,SACO NORMAL,KILOGRAMO
20260406,PIURA,PIURA,PIURA,200101,20260313,Tomate,2.43,3.75,Hortalizas,KILOGRAMO,KILOGRAMO
20260406,PIURA,PIURA,PIURA,200101,20260313,Arroz superior,3.03,3.5,Cereales,SACO NORMAL,KILOGRAMO
20260406,PIURA,PIURA,PIURA,200101,20260313,Sandia,1.55,2.35,Frutas,KILOGRAMO,KILOGRAMO
20260406,PIURA,PIURA,PIURA,200101,20260313,Arroz extra,3.05,4.45,Cereales,SACO NORMAL,KILOGRAMO
20260406,PIURA,PIURA,PIURA,200101,20260313,Zapallo macre,1.85,3.35,Hortalizas,KILOGRAMO,KILOGRAMO
20260406,PIURA,PIURA,PIURA,200101,20260313,Yuca blanca,1.95,4.65,Tuberculos,KILOGRAMO,KILOGRAMO
20260406,PIURA,PIURA,PIURA,200101,20260313,Zanahoria,2.1,3.55,Hortalizas,SACO MEDIANO,KILOGRAMO
20260406,PIURA,PIURA,PIURA,200101,20260313,Uva italia,3.88,7.6,Frutas,KILOGRAMO,KILOGRAMO
20260406,PIURA,PIURA,PIURA,200101,20260313,Leche reconstituida (azul) 395 gr,3.61,4.45,Agro-industriales,CAJA,LATA
20260406,PIURA,PIURA,PIURA,200101,20260313,Platano seda congo,1.71,3.9,Frutas,KILOGRAMO,KILOGRAMO
20260406,PIURA,PIURA,PIURA,200101,20260313,Frijol canario,5.59,8.15,Menestras,KILOGRAMO,KILOGRAMO
20260406,PIURA,PIURA,PIURA,200101,20260313,Carne fresca de vacuno,21.5,27,Carnes y huevos,KILOGRAMO,KILOGRAMO
20260406,PIURA,PIURA,PIURA,200101,20260313,Carne de pollo (eviscerado),10.9,13.75,Carnes y huevos,KILOGRAMO,KILOGRAMO
20260406,PIURA,PIURA,PIURA,200101,20260313,Aji rocoto,5.4,6.25,Hortalizas,KILOGRAMO,KILOGRAMO
20260406,PIURA,PIURA,PIURA,200101,20260313,Fideos nicolini tallarin,4.65,6.8,Agro-industriales,PAQUETE,KILOGRAMO
20260406,PIURA,PIURA,PIURA,200101,20260313,Aji escabeche,2.46,4,Hortalizas,KILOGRAMO,MALLA
20260406,PIURA,PIURA,PIURA,200101,20260313,Limon sutil bolsa,1.69,2.55,Frutas,KILOGRAMO,KILOGRAMO
20260406,PIURA,PIURA,PIURA,200101,20260313,Choclo (tipo cusco),5.44,9.95,Cereales,CIENTO,UNIDAD
20260406,PIURA,PIURA,PIURA,200101,20260313,Aceite clasico botella 900 ml,9,10.6,Agro-industriales,CAJA CHICA,LITRO
20260406,PIURA,PIURA,PIURA,200101,20260313,Lenteja,5.1,8.55,Menestras,KILOGRAMO,KILOGRAMO
20260406,PIURA,PIURA,PIURA,200101,20260313,Platano bellaco,2.61,3.75,Frutas,LITRO,LITRO
20260406,PIURA,PIURA,PIURA,200101,20260313,Huevos rosados,6.15,10.85,Carnes y huevos,KILOGRAMO,KILOGRAMO
20260406,PIURA,PIURA,PIURA,200101,20260313,Leche fresca,3.9,4.95,Agro-industriales,LITRO,LITRO
20260406,PIURA,PIURA,PIURA,200101,20260313,Haba verde serrana,2.72,7.15,Legumbres,KILOGRAMO,KILOGRAMO
20260406,PIURA,PIURA,PIURA,200101,20260313,Garbanzo,5.08,10,Menestras,KILOGRAMO,KILOGRAMO
20260406,PIURA,PIURA,PIURA,200101,20260313,Pina criolla,1.85,2.55,Frutas,KILOGRAMO,KILOGRAMO
20260406,PIURA,PIURA,PIURA,200101,20260313,Frijol castilla,3.99,7.2,Menestras,KILOGRAMO,KILOGRAMO
20260406,PIURA,PIURA,PIURA,200101,20260313,Papaya,2.4,2.75,Frutas,KILOGRAMO,KILOGRAMO
20260406,PIURA,PIURA,PIURA,200101,20260313,Palta fuerte,5,8.25,Frutas,KILOGRAMO,KILOGRAMO
20260406,PIURA,PIURA,PIURA,200101,20260313,Pallar,5.65,8.2,Menestras,KILOGRAMO,KILOGRAMO
20260406,PIURA,PIURA,PIURA,200101,20260313,Olluco largo,3.1,4.85,Tuberculos,KILOGRAMO,KILOGRAMO
20260406,PIURA,PIURA,PIURA,200101,20260313,Naranja valencia,2.65,4.75,Frutas,KILOGRAMO,KILOGRAMO
20260406,PIURA,PIURA,PIURA,200101,20260313,Chirimoya cumbe,5,6.4,Frutas,CAJON CHICO,KILOGRAMO
20260406,PIURA,PIURA,PIURA,200101,20260311,Uva alfonso lavalett,4,7.05,Frutas,KILOGRAMO,KILOGRAMO
20260406,PIURA,PIURA,PIURA,200101,20260311,Cebolla cabeza roja,1.92,4.25,Hortalizas,SACO,KILOGRAMO
20260406,PIURA,PIURA,PIURA,200101,20260311,Carne de porcino (corte unico),18.25,20.25,Carnes y huevos,UNIDAD,KILOGRAMO
20260406,PIURA,PIURA,PIURA,200101,20260311,Papa canchan,1.76,3.05,Tuberculos,SACO GRANDE,KILOGRAMO
20260406,PIURA,PIURA,PIURA,200101,20260311,Vainita americana,3.11,6.2,Legumbres,KILOGRAMO,KILOGRAMO
20260406,PIURA,PIURA,PIURA,200101,20260311,Papa amarilla,3.01,5.6,Tuberculos,SACO GRANDE,KILOGRAMO
20260406,PIURA,PIURA,PIURA,200101,20260311,Uva red globe,3,6.25,Frutas,KILOGRAMO,KILOGRAMO
20260406,PIURA,PIURA,PIURA,200101,20260311,Camote morado,1.97,3.65,Tuberculos,SACO GRANDE,KILOGRAMO
20260406,PIURA,PIURA,PIURA,200101,20260311,Melocoton durazno huayco,5.43,9.8,Frutas,KILOGRAMO,KILOGRAMO
20260406,PIURA,PIURA,PIURA,200101,20260311,Arveja verde blanca serrana,7.08,8.65,Legumbres,MALLA MEDIANA,KILOGRAMO
20260406,PIURA,PIURA,PIURA,200101,20260311,Manzana israel,2.98,5.1,Frutas,KILOGRAMO,KILOGRAMO
20260406,PIURA,PIURA,PIURA,200101,20260311,Ajo criollo o napuri,7.7,13,Hortalizas,MALLA MEDIANA,KILOGRAMO
20260406,PIURA,PIURA,PIURA,200101,20260311,Manzana delicia,2.25,4.45,Frutas,KILOGRAMO,KILOGRAMO
20260406,PIURA,PIURA,PIURA,200101,20260311,Azucar rubia nacional (granel),3.29,4.35,Agro-industriales,SACO NORMAL,KILOGRAMO
20260406,PIURA,PIURA,PIURA,200101,20260311,Mango edward,3.77,5,Frutas,KILOGRAMO,KILOGRAMO
20260406,PIURA,PIURA,PIURA,200101,20260311,Azucar blanca nacional (granel),3.3,4.55,Agro-industriales,SACO NORMAL,KILOGRAMO
20260406,PIURA,PIURA,PIURA,200101,20260311,Tomate,2.43,3.65,Hortalizas,KILOGRAMO,KILOGRAMO
20260406,PIURA,PIURA,PIURA,200101,20260311,Arroz superior,3.03,3.5,Cereales,SACO NORMAL,KILOGRAMO
20260406,PIURA,PIURA,PIURA,200101,20260311,Sandia,1.55,2.35,Frutas,KILOGRAMO,KILOGRAMO
20260406,PIURA,PIURA,PIURA,200101,20260311,Arroz extra,3.04,4.45,Cereales,SACO NORMAL,KILOGRAMO
20260406,PIURA,PIURA,PIURA,200101,20260311,Zapallo macre,1.85,3.35,Hortalizas,KILOGRAMO,KILOGRAMO
20260406,PIURA,PIURA,PIURA,200101,20260311,Yuca blanca,1.95,4.65,Tuberculos,KILOGRAMO,KILOGRAMO
20260406,PIURA,PIURA,PIURA,200101,20260311,Zanahoria,2.1,3.55,Hortalizas,SACO MEDIANO,KILOGRAMO
20260406,PIURA,PIURA,PIURA,200101,20260311,Uva italia,3.58,7.6,Frutas,KILOGRAMO,KILOGRAMO
20260406,PIURA,PIURA,PIURA,200101,20260311,Leche reconstituida (azul) 395 gr,3.65,4.45,Agro-industriales,CAJA,LATA
20260406,PIURA,PIURA,PIURA,200101,20260311,Platano seda congo,1.71,3.9,Frutas,KILOGRAMO,KILOGRAMO
20260406,PIURA,PIURA,PIURA,200101,20260311,Frijol canario,5.59,8.05,Menestras,KILOGRAMO,KILOGRAMO
20260406,PIURA,PIURA,PIURA,200101,20260311,Carne fresca de vacuno,21.5,27.5,Carnes y huevos,KILOGRAMO,KILOGRAMO
20260406,PIURA,PIURA,PIURA,200101,20260311,Carne de pollo (eviscerado),10.75,13.75,Carnes y huevos,KILOGRAMO,KILOGRAMO
20260406,PIURA,PIURA,PIURA,200101,20260311,Aji rocoto,5.35,6.25,Hortalizas,KILOGRAMO,KILOGRAMO
20260406,PIURA,PIURA,PIURA,200101,20260311,Fideos nicolini tallarin,4.65,6.8,Agro-industriales,PAQUETE,KILOGRAMO
20260406,PIURA,PIURA,PIURA,200101,20260311,Aji escabeche,2.46,3.75,Hortalizas,KILOGRAMO,MALLA
20260406,PIURA,PIURA,PIURA,200101,20260311,Limon sutil bolsa,1.69,2.4,Frutas,KILOGRAMO,KILOGRAMO
20260406,PIURA,PIURA,PIURA,200101,20260311,Choclo (tipo cusco),5.44,9.95,Cereales,CIENTO,UNIDAD
20260406,PIURA,PIURA,PIURA,200101,20260311,Aceite clasico botella 900 ml,9.04,10.6,Agro-industriales,CAJA CHICA,LITRO
20260406,PIURA,PIURA,PIURA,200101,20260311,Lenteja,5.1,8.4,Menestras,KILOGRAMO,KILOGRAMO
20260406,PIURA,PIURA,PIURA,200101,20260311,Platano bellaco,2.46,3.7,Frutas,LITRO,LITRO
20260406,PIURA,PIURA,PIURA,200101,20260311,Huevos rosados,6.21,10.85,Carnes y huevos,KILOGRAMO,KILOGRAMO
20260406,PIURA,PIURA,PIURA,200101,20260311,Leche fresca,3.9,5.15,Agro-industriales,LITRO,LITRO
20260406,PIURA,PIURA,PIURA,200101,20260311,Haba verde serrana,2.72,7.2,Legumbres,KILOGRAMO,KILOGRAMO
20260406,PIURA,PIURA,PIURA,200101,20260311,Garbanzo,5.02,10,Menestras,KILOGRAMO,KILOGRAMO
20260406,PIURA,PIURA,PIURA,200101,20260311,Pina criolla,1.85,2.55,Frutas,KILOGRAMO,KILOGRAMO
20260406,PIURA,PIURA,PIURA,200101,20260311,Frijol castilla,3.97,7.2,Menestras,KILOGRAMO,KILOGRAMO
20260406,PIURA,PIURA,PIURA,200101,20260311,Papaya,2.2,2.75,Frutas,KILOGRAMO,KILOGRAMO
20260406,PIURA,PIURA,PIURA,200101,20260311,Palta fuerte,4.85,8.25,Frutas,KILOGRAMO,KILOGRAMO
20260406,PIURA,PIURA,PIURA,200101,20260311,Pallar,5.65,8.2,Menestras,KILOGRAMO,KILOGRAMO
20260406,PIURA,PIURA,PIURA,200101,20260311,Olluco largo,3.1,4.5,Tuberculos,KILOGRAMO,KILOGRAMO
20260406,PIURA,PIURA,PIURA,200101,20260311,Naranja valencia,2.65,4.7,Frutas,KILOGRAMO,KILOGRAMO
20260406,PIURA,PIURA,PIURA,200101,20260311,Chirimoya cumbe,5,6.9,Frutas,CAJON CHICO,KILOGRAMO
20260406,PIURA,PIURA,PIURA,200101,20260311,Melon coquito,2.29,2.95,Frutas,KILOGRAMO,KILOGRAMO
20260406,PIURA,PIURA,PIURA,200101,20260309,Vainita americana,3.02,5.75,Legumbres,KILOGRAMO,KILOGRAMO
20260406,PIURA,PIURA,PIURA,200101,20260309,Papa amarilla,3.11,5.25,Tuberculos,SACO GRANDE,KILOGRAMO
20260406,PIURA,PIURA,PIURA,200101,20260309,Uva red globe,2.92,6.25,Frutas,KILOGRAMO,KILOGRAMO
20260406,PIURA,PIURA,PIURA,200101,20260309,Camote morado,1.95,3.25,Tuberculos,SACO GRANDE,KILOGRAMO
20260406,PIURA,PIURA,PIURA,200101,20260309,Melocoton durazno huayco,5.43,9.8,Frutas,KILOGRAMO,KILOGRAMO
20260406,PIURA,PIURA,PIURA,200101,20260309,Arveja verde blanca serrana,4.4,8.25,Legumbres,MALLA MEDIANA,KILOGRAMO
20260406,PIURA,PIURA,PIURA,200101,20260309,Manzana israel,3,5.1,Frutas,KILOGRAMO,KILOGRAMO
20260406,PIURA,PIURA,PIURA,200101,20260309,Ajo criollo o napuri,7.67,10.75,Hortalizas,MALLA MEDIANA,KILOGRAMO
20260406,PIURA,PIURA,PIURA,200101,20260309,Manzana delicia,2.25,4.25,Frutas,KILOGRAMO,KILOGRAMO
20260406,PIURA,PIURA,PIURA,200101,20260309,Azucar rubia nacional (granel),3.27,4.15,Agro-industriales,SACO NORMAL,KILOGRAMO
20260406,PIURA,PIURA,PIURA,200101,20260309,Mango edward,3.8,5,Frutas,KILOGRAMO,KILOGRAMO
20260406,PIURA,PIURA,PIURA,200101,20260309,Azucar blanca nacional (granel),3.27,4.45,Agro-industriales,SACO NORMAL,KILOGRAMO
20260406,PIURA,PIURA,PIURA,200101,20260309,Tomate,2.43,3.65,Hortalizas,KILOGRAMO,KILOGRAMO
20260406,PIURA,PIURA,PIURA,200101,20260309,Arroz superior,3.01,3.35,Cereales,SACO NORMAL,KILOGRAMO
20260406,PIURA,PIURA,PIURA,200101,20260309,Sandia,1.55,2.35,Frutas,KILOGRAMO,KILOGRAMO
20260406,PIURA,PIURA,PIURA,200101,20260309,Arroz extra,3.03,4.45,Cereales,SACO NORMAL,KILOGRAMO
20260406,PIURA,PIURA,PIURA,200101,20260309,Zapallo macre,1.85,3.35,Hortalizas,KILOGRAMO,KILOGRAMO
20260406,PIURA,PIURA,PIURA,200101,20260309,Yuca blanca,1.87,4.65,Tuberculos,KILOGRAMO,KILOGRAMO
20260406,PIURA,PIURA,PIURA,200101,20260309,Zanahoria,2.1,3.45,Hortalizas,SACO MEDIANO,KILOGRAMO
20260406,PIURA,PIURA,PIURA,200101,20260309,Uva italia,3.58,7.6,Frutas,KILOGRAMO,KILOGRAMO
20260406,PIURA,PIURA,PIURA,200101,20260309,Leche reconstituida (azul) 395 gr,3.67,4.4,Agro-industriales,CAJA,LATA
20260406,PIURA,PIURA,PIURA,200101,20260309,Platano seda congo,1.71,3.9,Frutas,KILOGRAMO,KILOGRAMO
20260406,PIURA,PIURA,PIURA,200101,20260309,Frijol canario,5.53,7.75,Menestras,KILOGRAMO,KILOGRAMO
20260406,PIURA,PIURA,PIURA,200101,20260309,Carne fresca de vacuno,19.5,26.5,Carnes y huevos,KILOGRAMO,KILOGRAMO
20260406,PIURA,PIURA,PIURA,200101,20260309,Carne de pollo (eviscerado),9.65,9.9,Carnes y huevos,KILOGRAMO,KILOGRAMO
20260406,PIURA,PIURA,PIURA,200101,20260309,Aji rocoto,5.35,6.25,Hortalizas,KILOGRAMO,KILOGRAMO
20260406,PIURA,PIURA,PIURA,200101,20260309,Fideos nicolini tallarin,4.65,6.8,Agro-industriales,PAQUETE,KILOGRAMO
20260406,PIURA,PIURA,PIURA,200101,20260309,Aji escabeche,2.42,3.45,Hortalizas,KILOGRAMO,MALLA
20260406,PIURA,PIURA,PIURA,200101,20260309,Limon sutil bolsa,1.68,2.35,Frutas,KILOGRAMO,KILOGRAMO
20260406,PIURA,PIURA,PIURA,200101,20260309,Choclo (tipo cusco),5.36,9.9,Cereales,CIENTO,UNIDAD
20260406,PIURA,PIURA,PIURA,200101,20260309,Aceite clasico botella 900 ml,9.04,10.6,Agro-industriales,CAJA CHICA,LITRO
20260406,PIURA,PIURA,PIURA,200101,20260309,Lenteja,5.05,8.15,Menestras,KILOGRAMO,KILOGRAMO
20260406,PIURA,PIURA,PIURA,200101,20260309,Platano bellaco,2.43,3.65,Frutas,LITRO,LITRO
20260406,PIURA,PIURA,PIURA,200101,20260309,Huevos rosados,5.65,10.85,Carnes y huevos,KILOGRAMO,KILOGRAMO
20260406,PIURA,PIURA,PIURA,200101,20260309,Leche fresca,3,5.15,Agro-industriales,LITRO,LITRO
20260406,PIURA,PIURA,PIURA,200101,20260309,Haba verde serrana,2.57,6.05,Legumbres,KILOGRAMO,KILOGRAMO
20260406,PIURA,PIURA,PIURA,200101,20260309,Garbanzo,5,9.9,Menestras,KILOGRAMO,KILOGRAMO
20260406,PIURA,PIURA,PIURA,200101,20260309,Pina criolla,1.85,2.55,Frutas,KILOGRAMO,KILOGRAMO
20260406,PIURA,PIURA,PIURA,200101,20260309,Frijol castilla,3.97,7.05,Menestras,KILOGRAMO,KILOGRAMO
20260406,PIURA,PIURA,PIURA,200101,20260309,Papaya,2.2,2.7,Frutas,KILOGRAMO,KILOGRAMO
20260406,PIURA,PIURA,PIURA,200101,20260309,Palta fuerte,4.7,8,Frutas,KILOGRAMO,KILOGRAMO
20260406,PIURA,PIURA,PIURA,200101,20260309,Pallar,5.5,8.2,Menestras,KILOGRAMO,KILOGRAMO
20260406,PIURA,PIURA,PIURA,200101,20260309,Olluco largo,3.35,3.9,Tuberculos,KILOGRAMO,KILOGRAMO
20260406,PIURA,PIURA,PIURA,200101,20260309,Naranja valencia,2.53,4.1,Frutas,KILOGRAMO,KILOGRAMO
20260406,PIURA,PIURA,PIURA,200101,20260309,Chirimoya cumbe,5,8.05,Frutas,CAJON CHICO,KILOGRAMO
20260406,PIURA,PIURA,PIURA,200101,20260309,Melon coquito,2.29,2.95,Frutas,KILOGRAMO,KILOGRAMO
20260406,PIURA,PIURA,PIURA,200101,20260309,Uva alfonso lavalett,4,6.9,Frutas,KILOGRAMO,KILOGRAMO
20260406,PIURA,PIURA,PIURA,200101,20260309,Cebolla cabeza roja,1.79,3.8,Hortalizas,SACO,KILOGRAMO
20260406,PIURA,PIURA,PIURA,200101,20260309,Carne de porcino (corte unico),18.5,20,Carnes y huevos,UNIDAD,KILOGRAMO
20260406,PIURA,PIURA,PIURA,200101,20260309,Papa canchan,1.68,2.65,Tuberculos,SACO GRANDE,KILOGRAMO
20260406,PIURA,PIURA,PIURA,200101,20260306,Zanahoria,2.11,3.45,Hortalizas,SACO MEDIANO,KILOGRAMO
20260406,PIURA,PIURA,PIURA,200101,20260306,Uva italia,3.58,7.6,Frutas,KILOGRAMO,KILOGRAMO
20260406,PIURA,PIURA,PIURA,200101,20260306,Leche reconstituida (azul) 395 gr,3.67,4.4,Agro-industriales,CAJA,LATA
20260406,PIURA,PIURA,PIURA,200101,20260306,Platano seda congo,1.71,3.85,Frutas,KILOGRAMO,KILOGRAMO
20260406,PIURA,PIURA,PIURA,200101,20260306,Frijol canario,5.53,7.75,Menestras,KILOGRAMO,KILOGRAMO
20260406,PIURA,PIURA,PIURA,200101,20260306,Carne fresca de vacuno,20.25,26.5,Carnes y huevos,KILOGRAMO,KILOGRAMO
20260406,PIURA,PIURA,PIURA,200101,20260306,Carne de pollo (eviscerado),9.65,10.1,Carnes y huevos,KILOGRAMO,KILOGRAMO
20260406,PIURA,PIURA,PIURA,200101,20260306,Aji rocoto,5.4,6.25,Hortalizas,KILOGRAMO,KILOGRAMO
20260406,PIURA,PIURA,PIURA,200101,20260306,Fideos nicolini tallarin,4.65,6.8,Agro-industriales,PAQUETE,KILOGRAMO
20260406,PIURA,PIURA,PIURA,200101,20260306,Aji escabeche,2.42,3.45,Hortalizas,KILOGRAMO,MALLA
20260406,PIURA,PIURA,PIURA,200101,20260306,Limon sutil bolsa,1.7,2.35,Frutas,KILOGRAMO,KILOGRAMO
20260406,PIURA,PIURA,PIURA,200101,20260306,Choclo (tipo cusco),5.36,9.9,Cereales,CIENTO,UNIDAD
20260406,PIURA,PIURA,PIURA,200101,20260306,Aceite clasico botella 900 ml,9.04,10.6,Agro-industriales,CAJA CHICA,LITRO
20260406,PIURA,PIURA,PIURA,200101,20260306,Lenteja,5.05,8.15,Menestras,KILOGRAMO,KILOGRAMO
20260406,PIURA,PIURA,PIURA,200101,20260306,Platano bellaco,2.29,3.65,Frutas,LITRO,LITRO
20260406,PIURA,PIURA,PIURA,200101,20260306,Huevos rosados,5.65,10.85,Carnes y huevos,KILOGRAMO,KILOGRAMO
20260406,PIURA,PIURA,PIURA,200101,20260306,Leche fresca,3,5.15,Agro-industriales,LITRO,LITRO
20260406,PIURA,PIURA,PIURA,200101,20260306,Haba verde serrana,2.57,4.8,Legumbres,KILOGRAMO,KILOGRAMO
20260406,PIURA,PIURA,PIURA,200101,20260306,Garbanzo,5,9.9,Menestras,KILOGRAMO,KILOGRAMO
20260406,PIURA,PIURA,PIURA,200101,20260306,Pina criolla,1.85,2.55,Frutas,KILOGRAMO,KILOGRAMO
20260406,PIURA,PIURA,PIURA,200101,20260306,Frijol castilla,4.01,7.1,Menestras,KILOGRAMO,KILOGRAMO
20260406,PIURA,PIURA,PIURA,200101,20260306,Papaya,2.35,2.7,Frutas,KILOGRAMO,KILOGRAMO
20260406,PIURA,PIURA,PIURA,200101,20260306,Palta fuerte,4.7,8.15,Frutas,KILOGRAMO,KILOGRAMO
20260406,PIURA,PIURA,PIURA,200101,20260306,Pallar,5.65,8.2,Menestras,KILOGRAMO,KILOGRAMO
20260406,PIURA,PIURA,PIURA,200101,20260306,Olluco largo,3.25,3.65,Tuberculos,KILOGRAMO,KILOGRAMO
20260406,PIURA,PIURA,PIURA,200101,20260306,Naranja valencia,2.53,4.1,Frutas,KILOGRAMO,KILOGRAMO
20260406,PIURA,PIURA,PIURA,200101,20260306,Chirimoya cumbe,5,8.8,Frutas,CAJON CHICO,KILOGRAMO
20260406,PIURA,PIURA,PIURA,200101,20260306,Melon coquito,2.29,3.1,Frutas,KILOGRAMO,KILOGRAMO
20260406,PIURA,PIURA,PIURA,200101,20260306,Uva alfonso lavalett,4,6.9,Frutas,KILOGRAMO,KILOGRAMO
20260406,PIURA,PIURA,PIURA,200101,20260306,Cebolla cabeza roja,1.77,3.8,Hortalizas,SACO,KILOGRAMO
20260406,PIURA,PIURA,PIURA,200101,20260306,Carne de porcino (corte unico),18.5,20,Carnes y huevos,UNIDAD,KILOGRAMO
20260406,PIURA,PIURA,PIURA,200101,20260306,Papa canchan,1.64,2.7,Tuberculos,SACO GRANDE,KILOGRAMO
20260406,PIURA,PIURA,PIURA,200101,20260306,Vainita americana,3.02,5.75,Legumbres,KILOGRAMO,KILOGRAMO
20260406,PIURA,PIURA,PIURA,200101,20260306,Papa amarilla,3.19,5.25,Tuberculos,SACO GRANDE,KILOGRAMO
20260406,PIURA,PIURA,PIURA,200101,20260306,Uva red globe,3.13,6.25,Frutas,KILOGRAMO,KILOGRAMO
20260406,PIURA,PIURA,PIURA,200101,20260306,Camote morado,1.93,3.25,Tuberculos,SACO GRANDE,KILOGRAMO
20260406,PIURA,PIURA,PIURA,200101,20260306,Melocoton durazno huayco,5.45,9.9,Frutas,KILOGRAMO,KILOGRAMO
20260406,PIURA,PIURA,PIURA,200101,20260306,Arveja verde blanca serrana,4.4,8.65,Legumbres,MALLA MEDIANA,KILOGRAMO
20260406,PIURA,PIURA,PIURA,200101,20260306,Manzana israel,3,5.1,Frutas,KILOGRAMO,KILOGRAMO
20260406,PIURA,PIURA,PIURA,200101,20260306,Ajo criollo o napuri,7.66,10.75,Hortalizas,MALLA MEDIANA,KILOGRAMO
20260406,PIURA,PIURA,PIURA,200101,20260306,Manzana delicia,2.35,4.2,Frutas,KILOGRAMO,KILOGRAMO
20260406,PIURA,PIURA,PIURA,200101,20260306,Azucar rubia nacional (granel),3.27,4.15,Agro-industriales,SACO NORMAL,KILOGRAMO
20260406,PIURA,PIURA,PIURA,200101,20260306,Mango edward,3.8,5.05,Frutas,KILOGRAMO,KILOGRAMO
20260406,PIURA,PIURA,PIURA,200101,20260306,Azucar blanca nacional (granel),3.31,4.4,Agro-industriales,SACO NORMAL,KILOGRAMO
20260406,PIURA,PIURA,PIURA,200101,20260306,Tomate,2.48,3.65,Hortalizas,KILOGRAMO,KILOGRAMO
20260406,PIURA,PIURA,PIURA,200101,20260306,Arroz superior,3.01,3.35,Cereales,SACO NORMAL,KILOGRAMO
20260406,PIURA,PIURA,PIURA,200101,20260306,Sandia,1.55,2.35,Frutas,KILOGRAMO,KILOGRAMO
20260406,PIURA,PIURA,PIURA,200101,20260306,Arroz extra,3.05,4.45,Cereales,SACO NORMAL,KILOGRAMO
20260406,PIURA,PIURA,PIURA,200101,20260306,Zapallo macre,1.85,3.35,Hortalizas,KILOGRAMO,KILOGRAMO
20260406,PIURA,PIURA,PIURA,200101,20260306,Yuca blanca,1.86,4.65,Tuberculos,KILOGRAMO,KILOGRAMO
20260406,PIURA,PIURA,PIURA,200101,20260304,Zanahoria,2.11,3.45,Hortalizas,SACO MEDIANO,KILOGRAMO
20260406,PIURA,PIURA,PIURA,200101,20260304,Uva italia,3.58,6.8,Frutas,KILOGRAMO,KILOGRAMO
20260406,PIURA,PIURA,PIURA,200101,20260304,Leche reconstituida (azul) 395 gr,3.66,4.4,Agro-industriales,CAJA,LATA
20260406,PIURA,PIURA,PIURA,200101,20260304,Platano seda congo,1.71,3.85,Frutas,KILOGRAMO,KILOGRAMO
20260406,PIURA,PIURA,PIURA,200101,20260304,Frijol canario,5.55,7.85,Menestras,KILOGRAMO,KILOGRAMO
20260406,PIURA,PIURA,PIURA,200101,20260304,Carne fresca de vacuno,20.25,27.5,Carnes y huevos,KILOGRAMO,KILOGRAMO
20260406,PIURA,PIURA,PIURA,200101,20260304,Carne de pollo (eviscerado),9.6,10.1,Carnes y huevos,KILOGRAMO,KILOGRAMO
20260406,PIURA,PIURA,PIURA,200101,20260304,Aji rocoto,5.4,6.25,Hortalizas,KILOGRAMO,KILOGRAMO
20260406,PIURA,PIURA,PIURA,200101,20260304,Fideos nicolini tallarin,4.65,6.8,Agro-industriales,PAQUETE,KILOGRAMO
20260406,PIURA,PIURA,PIURA,200101,20260304,Aji escabeche,2.44,3.4,Hortalizas,KILOGRAMO,MALLA
20260406,PIURA,PIURA,PIURA,200101,20260304,Limon sutil bolsa,1.8,2.55,Frutas,KILOGRAMO,KILOGRAMO
20260406,PIURA,PIURA,PIURA,200101,20260304,Choclo (tipo cusco),5.36,9.9,Cereales,CIENTO,UNIDAD
20260406,PIURA,PIURA,PIURA,200101,20260304,Aceite clasico botella 900 ml,9.04,10.6,Agro-industriales,CAJA CHICA,LITRO
20260406,PIURA,PIURA,PIURA,200101,20260304,Lenteja,5.05,8.15,Menestras,KILOGRAMO,KILOGRAMO
20260406,PIURA,PIURA,PIURA,200101,20260304,Platano bellaco,2.43,3.65,Frutas,LITRO,LITRO
20260406,PIURA,PIURA,PIURA,200101,20260304,Huevos rosados,5.65,10.85,Carnes y huevos,KILOGRAMO,KILOGRAMO
20260406,PIURA,PIURA,PIURA,200101,20260304,Leche fresca,3,5.1,Agro-industriales,LITRO,LITRO
20260406,PIURA,PIURA,PIURA,200101,20260304,Haba verde serrana,2.57,4.8,Legumbres,KILOGRAMO,KILOGRAMO
20260406,PIURA,PIURA,PIURA,200101,20260304,Garbanzo,5.04,9.9,Menestras,KILOGRAMO,KILOGRAMO
20260406,PIURA,PIURA,PIURA,200101,20260304,Pina criolla,1.85,2.55,Frutas,KILOGRAMO,KILOGRAMO
20260406,PIURA,PIURA,PIURA,200101,20260304,Frijol castilla,4,7.1,Menestras,KILOGRAMO,KILOGRAMO
20260406,PIURA,PIURA,PIURA,200101,20260304,Palta fuerte,4.7,8.15,Frutas,KILOGRAMO,KILOGRAMO
20260406,PIURA,PIURA,PIURA,200101,20260304,Pallar,5.65,8.2,Menestras,KILOGRAMO,KILOGRAMO
20260406,PIURA,PIURA,PIURA,200101,20260304,Olluco largo,3.25,3.65,Tuberculos,KILOGRAMO,KILOGRAMO
20260406,PIURA,PIURA,PIURA,200101,20260304,Naranja valencia,2.53,3.9,Frutas,KILOGRAMO,KILOGRAMO
20260406,PIURA,PIURA,PIURA,200101,20260304,Chirimoya cumbe,5,9,Frutas,CAJON CHICO,KILOGRAMO
20260406,PIURA,PIURA,PIURA,200101,20260304,Papaya,2.3,2.65,Frutas,KILOGRAMO,KILOGRAMO
20260406,PIURA,PIURA,PIURA,200101,20260304,Melon coquito,2.29,3.1,Frutas,KILOGRAMO,KILOGRAMO
20260406,PIURA,PIURA,PIURA,200101,20260304,Uva alfonso lavalett,4,6.4,Frutas,KILOGRAMO,KILOGRAMO
20260406,PIURA,PIURA,PIURA,200101,20260304,Cebolla cabeza roja,1.77,3.8,Hortalizas,SACO,KILOGRAMO
20260406,PIURA,PIURA,PIURA,200101,20260304,Carne de porcino (corte unico),17.75,20,Carnes y huevos,UNIDAD,KILOGRAMO
20260406,PIURA,PIURA,PIURA,200101,20260304,Papa canchan,1.63,2.65,Tuberculos,SACO GRANDE,KILOGRAMO
20260406,PIURA,PIURA,PIURA,200101,20260304,Vainita americana,3.04,5.75,Legumbres,KILOGRAMO,KILOGRAMO
20260406,PIURA,PIURA,PIURA,200101,20260304,Papa amarilla,3.21,5.25,Tuberculos,SACO GRANDE,KILOGRAMO
20260406,PIURA,PIURA,PIURA,200101,20260304,Uva red globe,3.08,6.25,Frutas,KILOGRAMO,KILOGRAMO
20260406,PIURA,PIURA,PIURA,200101,20260304,Camote morado,1.95,3.25,Tuberculos,SACO GRANDE,KILOGRAMO
20260406,PIURA,PIURA,PIURA,200101,20260304,Melocoton durazno huayco,5.48,9.9,Frutas,KILOGRAMO,KILOGRAMO
20260406,PIURA,PIURA,PIURA,200101,20260304,Arveja verde blanca serrana,4.4,8.4,Legumbres,MALLA MEDIANA,KILOGRAMO
20260406,PIURA,PIURA,PIURA,200101,20260304,Manzana israel,3,5.1,Frutas,KILOGRAMO,KILOGRAMO
20260406,PIURA,PIURA,PIURA,200101,20260304,Ajo criollo o napuri,7.74,11.1,Hortalizas,MALLA MEDIANA,KILOGRAMO
20260406,PIURA,PIURA,PIURA,200101,20260304,Manzana delicia,2.25,4.05,Frutas,KILOGRAMO,KILOGRAMO
20260406,PIURA,PIURA,PIURA,200101,20260304,Azucar rubia nacional (granel),3.27,4.15,Agro-industriales,SACO NORMAL,KILOGRAMO
20260406,PIURA,PIURA,PIURA,200101,20260304,Mango edward,3.77,5.05,Frutas,KILOGRAMO,KILOGRAMO
20260406,PIURA,PIURA,PIURA,200101,20260304,Azucar blanca nacional (granel),3.36,4.35,Agro-industriales,SACO NORMAL,KILOGRAMO
20260406,PIURA,PIURA,PIURA,200101,20260304,Tomate,2.43,3.65,Hortalizas,KILOGRAMO,KILOGRAMO
20260406,PIURA,PIURA,PIURA,200101,20260304,Arroz superior,3.01,3.65,Cereales,SACO NORMAL,KILOGRAMO
20260406,PIURA,PIURA,PIURA,200101,20260304,Sandia,1.45,2.35,Frutas,KILOGRAMO,KILOGRAMO
20260406,PIURA,PIURA,PIURA,200101,20260304,Arroz extra,3.08,4.45,Cereales,SACO NORMAL,KILOGRAMO
20260406,PIURA,PIURA,PIURA,200101,20260304,Zapallo macre,1.85,3.35,Hortalizas,KILOGRAMO,KILOGRAMO
20260406,PIURA,PIURA,PIURA,200101,20260304,Yuca blanca,1.86,4.55,Tuberculos,KILOGRAMO,KILOGRAMO
20260406,PIURA,PIURA,PIURA,200101,20260302,Zanahoria,2.05,3.45,Hortalizas,SACO MEDIANO,KILOGRAMO
20260406,PIURA,PIURA,PIURA,200101,20260302,Uva italia,3.58,6.95,Frutas,KILOGRAMO,KILOGRAMO
20260406,PIURA,PIURA,PIURA,200101,20260302,Leche reconstituida (azul) 395 gr,3.64,4.4,Agro-industriales,CAJA,LATA
20260406,PIURA,PIURA,PIURA,200101,20260302,Platano seda congo,1.71,3.8,Frutas,KILOGRAMO,KILOGRAMO
20260406,PIURA,PIURA,PIURA,200101,20260302,Frijol canario,5.49,8.05,Menestras,KILOGRAMO,KILOGRAMO
20260406,PIURA,PIURA,PIURA,200101,20260302,Carne fresca de vacuno,19.75,27.5,Carnes y huevos,KILOGRAMO,KILOGRAMO
20260406,PIURA,PIURA,PIURA,200101,20260302,Carne de pollo (eviscerado),9.6,10.1,Carnes y huevos,KILOGRAMO,KILOGRAMO
20260406,PIURA,PIURA,PIURA,200101,20260302,Aji rocoto,5.4,6.15,Hortalizas,KILOGRAMO,KILOGRAMO
20260406,PIURA,PIURA,PIURA,200101,20260302,Fideos nicolini tallarin,4.3,6.8,Agro-industriales,PAQUETE,KILOGRAMO
20260406,PIURA,PIURA,PIURA,200101,20260302,Aji escabeche,2.46,3.25,Hortalizas,KILOGRAMO,MALLA
20260406,PIURA,PIURA,PIURA,200101,20260302,Limon sutil bolsa,1.8,2.4,Frutas,KILOGRAMO,KILOGRAMO
20260406,PIURA,PIURA,PIURA,200101,20260302,Choclo (tipo cusco),5.36,9.7,Cereales,CIENTO,UNIDAD
20260406,PIURA,PIURA,PIURA,200101,20260302,Aceite clasico botella 900 ml,9.04,10.6,Agro-industriales,CAJA CHICA,LITRO
20260406,PIURA,PIURA,PIURA,200101,20260302,Lenteja,5.05,8.15,Menestras,KILOGRAMO,KILOGRAMO
20260406,PIURA,PIURA,PIURA,200101,20260302,Platano bellaco,2.43,4.05,Frutas,LITRO,LITRO
20260406,PIURA,PIURA,PIURA,200101,20260302,Huevos rosados,5.65,10.6,Carnes y huevos,KILOGRAMO,KILOGRAMO
20260406,PIURA,PIURA,PIURA,200101,20260302,Leche fresca,3,5.1,Agro-industriales,LITRO,LITRO
20260406,PIURA,PIURA,PIURA,200101,20260302,Haba verde serrana,2.56,4.85,Legumbres,KILOGRAMO,KILOGRAMO
20260406,PIURA,PIURA,PIURA,200101,20260302,Garbanzo,5.04,9.95,Menestras,KILOGRAMO,KILOGRAMO
20260406,PIURA,PIURA,PIURA,200101,20260302,Pina criolla,1.85,2.55,Frutas,KILOGRAMO,KILOGRAMO
20260406,PIURA,PIURA,PIURA,200101,20260302,Frijol castilla,3.94,7.1,Menestras,KILOGRAMO,KILOGRAMO
20260406,PIURA,PIURA,PIURA,200101,20260302,Palta fuerte,4.7,8.45,Frutas,KILOGRAMO,KILOGRAMO
20260406,PIURA,PIURA,PIURA,200101,20260302,Pallar,5.5,8.1,Menestras,KILOGRAMO,KILOGRAMO
20260406,PIURA,PIURA,PIURA,200101,20260302,Olluco largo,3.25,3.35,Tuberculos,KILOGRAMO,KILOGRAMO
20260406,PIURA,PIURA,PIURA,200101,20260302,Naranja valencia,2.5,3.2,Frutas,KILOGRAMO,KILOGRAMO
20260406,PIURA,PIURA,PIURA,200101,20260302,Chirimoya cumbe,4.95,9,Frutas,CAJON CHICO,KILOGRAMO
20260406,PIURA,PIURA,PIURA,200101,20260302,Papaya,2.3,2.65,Frutas,KILOGRAMO,KILOGRAMO
20260406,PIURA,PIURA,PIURA,200101,20260302,Melon coquito,2.25,3.1,Frutas,KILOGRAMO,KILOGRAMO
20260406,PIURA,PIURA,PIURA,200101,20260302,Uva alfonso lavalett,4,6.4,Frutas,KILOGRAMO,KILOGRAMO
20260406,PIURA,PIURA,PIURA,200101,20260302,Cebolla cabeza roja,1.71,3.7,Hortalizas,SACO,KILOGRAMO
20260406,PIURA,PIURA,PIURA,200101,20260302,Carne de porcino (corte unico),17.75,19.75,Carnes y huevos,UNIDAD,KILOGRAMO
20260406,PIURA,PIURA,PIURA,200101,20260302,Papa canchan,1.65,2.65,Tuberculos,SACO GRANDE,KILOGRAMO
20260406,PIURA,PIURA,PIURA,200101,20260302,Papa amarilla,3.21,5.25,Tuberculos,SACO GRANDE,KILOGRAMO
20260406,PIURA,PIURA,PIURA,200101,20260302,Uva red globe,3.08,6.6,Frutas,KILOGRAMO,KILOGRAMO
20260406,PIURA,PIURA,PIURA,200101,20260302,Camote morado,1.9,3.25,Tuberculos,SACO GRANDE,KILOGRAMO
20260406,PIURA,PIURA,PIURA,200101,20260302,Melocoton durazno huayco,5.48,9.75,Frutas,KILOGRAMO,KILOGRAMO
20260406,PIURA,PIURA,PIURA,200101,20260302,Arveja verde blanca serrana,4.4,8.15,Legumbres,MALLA MEDIANA,KILOGRAMO
20260406,PIURA,PIURA,PIURA,200101,20260302,Manzana israel,3,5.1,Frutas,KILOGRAMO,KILOGRAMO
20260406,PIURA,PIURA,PIURA,200101,20260302,Ajo criollo o napuri,7.66,10.4,Hortalizas,MALLA MEDIANA,KILOGRAMO
20260406,PIURA,PIURA,PIURA,200101,20260302,Manzana delicia,2.25,4.05,Frutas,KILOGRAMO,KILOGRAMO
20260406,PIURA,PIURA,PIURA,200101,20260302,Azucar rubia nacional (granel),3.27,4.15,Agro-industriales,SACO NORMAL,KILOGRAMO
20260406,PIURA,PIURA,PIURA,200101,20260302,Mango edward,0,5.1,Frutas,KILOGRAMO,KILOGRAMO
20260406,PIURA,PIURA,PIURA,200101,20260302,Azucar blanca nacional (granel),3.35,4.35,Agro-industriales,SACO NORMAL,KILOGRAMO
20260406,PIURA,PIURA,PIURA,200101,20260302,Tomate,2.43,3.65,Hortalizas,KILOGRAMO,KILOGRAMO
20260406,PIURA,PIURA,PIURA,200101,20260302,Arroz superior,3.01,3.6,Cereales,SACO NORMAL,KILOGRAMO
20260406,PIURA,PIURA,PIURA,200101,20260302,Sandia,1.45,2.4,Frutas,KILOGRAMO,KILOGRAMO
20260406,PIURA,PIURA,PIURA,200101,20260302,Arroz extra,3.08,4.45,Cereales,SACO NORMAL,KILOGRAMO
20260406,PIURA,PIURA,PIURA,200101,20260302,Zapallo macre,1.85,3.35,Hortalizas,KILOGRAMO,KILOGRAMO
20260406,PIURA,PIURA,PIURA,200101,20260302,Yuca blanca,1.88,4.55,Tuberculos,KILOGRAMO,KILOGRAMO
20260406,PIURA,PIURA,PIURA,200101,20260302,Vainita americana,3.04,5.6,Legumbres,KILOGRAMO,KILOGRAMO
20260306,PIURA,PIURA,PIURA,200101,20260227,Frijol canario,5.47,8.05,Menestras,KILOGRAMO,KILOGRAMO
20260306,PIURA,PIURA,PIURA,200101,20260227,Carne fresca de vacuno,19.25,27.5,Carnes y huevos,KILOGRAMO,KILOGRAMO
20260306,PIURA,PIURA,PIURA,200101,20260227,Carne de pollo (eviscerado),9.35,10.6,Carnes y huevos,KILOGRAMO,KILOGRAMO
20260306,PIURA,PIURA,PIURA,200101,20260227,Aji rocoto,5.4,6.15,Hortalizas,KILOGRAMO,KILOGRAMO
20260306,PIURA,PIURA,PIURA,200101,20260227,Fideos nicolini tallarin,4.45,6.8,Agro-industriales,PAQUETE,KILOGRAMO
20260306,PIURA,PIURA,PIURA,200101,20260227,Aji escabeche,2.44,3.1,Hortalizas,KILOGRAMO,MALLA
20260306,PIURA,PIURA,PIURA,200101,20260227,Limon sutil bolsa,1.78,2.4,Frutas,KILOGRAMO,KILOGRAMO
20260306,PIURA,PIURA,PIURA,200101,20260227,Choclo (tipo cusco),5.36,9.7,Cereales,CIENTO,UNIDAD
20260306,PIURA,PIURA,PIURA,200101,20260227,Aceite clasico botella 900 ml,9.04,10.6,Agro-industriales,CAJA CHICA,LITRO
20260306,PIURA,PIURA,PIURA,200101,20260227,Lenteja,5.05,8.1,Menestras,KILOGRAMO,KILOGRAMO
20260306,PIURA,PIURA,PIURA,200101,20260227,Platano bellaco,2.43,4.05,Frutas,LITRO,LITRO
20260306,PIURA,PIURA,PIURA,200101,20260227,Huevos rosados,5.65,10.6,Carnes y huevos,KILOGRAMO,KILOGRAMO
20260306,PIURA,PIURA,PIURA,200101,20260227,Leche fresca,3,5.1,Agro-industriales,LITRO,LITRO
20260306,PIURA,PIURA,PIURA,200101,20260227,Haba verde serrana,2.54,4.85,Legumbres,KILOGRAMO,KILOGRAMO
20260306,PIURA,PIURA,PIURA,200101,20260227,Garbanzo,5.03,10.15,Menestras,KILOGRAMO,KILOGRAMO
20260306,PIURA,PIURA,PIURA,200101,20260227,Pina criolla,1.85,2.55,Frutas,KILOGRAMO,KILOGRAMO
20260306,PIURA,PIURA,PIURA,200101,20260227,Frijol castilla,3.94,7.15,Menestras,KILOGRAMO,KILOGRAMO
20260306,PIURA,PIURA,PIURA,200101,20260227,Palta fuerte,4.7,8.45,Frutas,KILOGRAMO,KILOGRAMO
20260306,PIURA,PIURA,PIURA,200101,20260227,Pallar,5.4,8.2,Menestras,KILOGRAMO,KILOGRAMO
20260306,PIURA,PIURA,PIURA,200101,20260227,Olluco largo,3.05,3.35,Tuberculos,KILOGRAMO,KILOGRAMO
20260306,PIURA,PIURA,PIURA,200101,20260227,Naranja valencia,2.5,3.45,Frutas,KILOGRAMO,KILOGRAMO
20260306,PIURA,PIURA,PIURA,200101,20260227,Chirimoya cumbe,4.95,9.3,Frutas,CAJON CHICO,KILOGRAMO
20260306,PIURA,PIURA,PIURA,200101,20260227,Papaya,2.3,2.95,Frutas,KILOGRAMO,KILOGRAMO
20260306,PIURA,PIURA,PIURA,200101,20260227,Melon coquito,2.25,3.1,Frutas,KILOGRAMO,KILOGRAMO
20260306,PIURA,PIURA,PIURA,200101,20260227,Uva alfonso lavalett,3.96,6.4,Frutas,KILOGRAMO,KILOGRAMO
20260306,PIURA,PIURA,PIURA,200101,20260227,Cebolla cabeza roja,1.73,3.35,Hortalizas,SACO,KILOGRAMO
20260306,PIURA,PIURA,PIURA,200101,20260227,Carne de porcino (corte unico),17.75,19.75,Carnes y huevos,UNIDAD,KILOGRAMO
20260306,PIURA,PIURA,PIURA,200101,20260227,Papa canchan,1.63,2.65,Tuberculos,SACO GRANDE,KILOGRAMO
20260306,PIURA,PIURA,PIURA,200101,20260227,Papa amarilla,3.2,5.25,Tuberculos,SACO GRANDE,KILOGRAMO
20260306,PIURA,PIURA,PIURA,200101,20260227,Uva red globe,2.96,6.6,Frutas,KILOGRAMO,KILOGRAMO
20260306,PIURA,PIURA,PIURA,200101,20260227,Camote morado,1.86,3.25,Tuberculos,SACO GRANDE,KILOGRAMO
20260306,PIURA,PIURA,PIURA,200101,20260227,Melocoton durazno huayco,5.48,10.05,Frutas,KILOGRAMO,KILOGRAMO
20260306,PIURA,PIURA,PIURA,200101,20260227,Arveja verde blanca serrana,4.4,8.15,Legumbres,MALLA MEDIANA,KILOGRAMO
20260306,PIURA,PIURA,PIURA,200101,20260227,Manzana israel,3.1,5.35,Frutas,KILOGRAMO,KILOGRAMO
20260306,PIURA,PIURA,PIURA,200101,20260227,Ajo criollo o napuri,7.65,10.15,Hortalizas,MALLA MEDIANA,KILOGRAMO
20260306,PIURA,PIURA,PIURA,200101,20260227,Manzana delicia,2.25,4.05,Frutas,KILOGRAMO,KILOGRAMO
20260306,PIURA,PIURA,PIURA,200101,20260227,Azucar rubia nacional (granel),3.27,4.15,Agro-industriales,SACO NORMAL,KILOGRAMO
20260306,PIURA,PIURA,PIURA,200101,20260227,Mango edward,3.77,5.1,Frutas,KILOGRAMO,KILOGRAMO
20260306,PIURA,PIURA,PIURA,200101,20260227,Azucar blanca nacional (granel),3.36,4.45,Agro-industriales,SACO NORMAL,KILOGRAMO
20260306,PIURA,PIURA,PIURA,200101,20260227,Tomate,2.43,3.65,Hortalizas,KILOGRAMO,KILOGRAMO
20260306,PIURA,PIURA,PIURA,200101,20260227,Arroz superior,3.01,3.6,Cereales,SACO NORMAL,KILOGRAMO
20260306,PIURA,PIURA,PIURA,200101,20260227,Sandia,1.45,2.4,Frutas,KILOGRAMO,KILOGRAMO
20260306,PIURA,PIURA,PIURA,200101,20260227,Arroz extra,3.08,4.45,Cereales,SACO NORMAL,KILOGRAMO
20260306,PIURA,PIURA,PIURA,200101,20260227,Zapallo macre,1.85,3.35,Hortalizas,KILOGRAMO,KILOGRAMO
20260306,PIURA,PIURA,PIURA,200101,20260227,Yuca blanca,1.87,4.45,Tuberculos,KILOGRAMO,KILOGRAMO
20260306,PIURA,PIURA,PIURA,200101,20260227,Vainita americana,3.04,5.25,Legumbres,KILOGRAMO,KILOGRAMO
20260306,PIURA,PIURA,PIURA,200101,20260227,Zanahoria,2.05,3.45,Hortalizas,SACO MEDIANO,KILOGRAMO
20260306,PIURA,PIURA,PIURA,200101,20260227,Uva italia,3.71,7.1,Frutas,KILOGRAMO,KILOGRAMO
20260306,PIURA,PIURA,PIURA,200101,20260227,Leche reconstituida (azul) 395 gr,3.64,4.4,Agro-industriales,CAJA,LATA
20260306,PIURA,PIURA,PIURA,200101,20260227,Platano seda congo,1.71,4,Frutas,KILOGRAMO,KILOGRAMO
20260306,PIURA,PIURA,PIURA,200101,20260223,Palta fuerte,4.65,8.4,Frutas,KILOGRAMO,KILOGRAMO
20260306,PIURA,PIURA,PIURA,200101,20260223,Pallar,5.4,8.15,Menestras,KILOGRAMO,KILOGRAMO
20260306,PIURA,PIURA,PIURA,200101,20260223,Olluco largo,3.05,3.35,Tuberculos,KILOGRAMO,KILOGRAMO
20260306,PIURA,PIURA,PIURA,200101,20260223,Naranja valencia,2.5,3.45,Frutas,KILOGRAMO,KILOGRAMO
20260306,PIURA,PIURA,PIURA,200101,20260223,Chirimoya cumbe,5.2,9.2,Frutas,CAJON CHICO,KILOGRAMO
20260306,PIURA,PIURA,PIURA,200101,20260223,Papaya,2.25,2.95,Frutas,KILOGRAMO,KILOGRAMO
20260306,PIURA,PIURA,PIURA,200101,20260223,Melon coquito,2.13,3.1,Frutas,KILOGRAMO,KILOGRAMO
20260306,PIURA,PIURA,PIURA,200101,20260223,Uva alfonso lavalett,3.92,6.4,Frutas,KILOGRAMO,KILOGRAMO
20260306,PIURA,PIURA,PIURA,200101,20260223,Cebolla cabeza roja,1.67,3.35,Hortalizas,SACO,KILOGRAMO
20260306,PIURA,PIURA,PIURA,200101,20260223,Carne de porcino (corte unico),17.75,19.75,Carnes y huevos,UNIDAD,KILOGRAMO
20260306,PIURA,PIURA,PIURA,200101,20260223,Papa canchan,1.69,2.6,Tuberculos,SACO GRANDE,KILOGRAMO
20260306,PIURA,PIURA,PIURA,200101,20260223,Uva red globe,2.96,6.6,Frutas,KILOGRAMO,KILOGRAMO
20260306,PIURA,PIURA,PIURA,200101,20260223,Camote morado,1.85,3.15,Tuberculos,SACO GRANDE,KILOGRAMO
20260306,PIURA,PIURA,PIURA,200101,20260223,Melocoton durazno huayco,5.45,10.2,Frutas,KILOGRAMO,KILOGRAMO
20260306,PIURA,PIURA,PIURA,200101,20260223,Arveja verde blanca serrana,4.4,8.15,Legumbres,MALLA MEDIANA,KILOGRAMO
20260306,PIURA,PIURA,PIURA,200101,20260223,Manzana israel,3.08,5.35,Frutas,KILOGRAMO,KILOGRAMO
20260306,PIURA,PIURA,PIURA,200101,20260223,Ajo criollo o napuri,7.45,10.1,Hortalizas,MALLA MEDIANA,KILOGRAMO
20260306,PIURA,PIURA,PIURA,200101,20260223,Manzana delicia,2.15,4,Frutas,KILOGRAMO,KILOGRAMO
20260306,PIURA,PIURA,PIURA,200101,20260223,Azucar rubia nacional (granel),3.26,4.05,Agro-industriales,SACO NORMAL,KILOGRAMO
20260306,PIURA,PIURA,PIURA,200101,20260223,Mango edward,3.73,5.5,Frutas,KILOGRAMO,KILOGRAMO
20260306,PIURA,PIURA,PIURA,200101,20260223,Azucar blanca nacional (granel),3.34,4.35,Agro-industriales,SACO NORMAL,KILOGRAMO
20260306,PIURA,PIURA,PIURA,200101,20260223,Tomate,2.41,3.55,Hortalizas,KILOGRAMO,KILOGRAMO
20260306,PIURA,PIURA,PIURA,200101,20260223,Arroz superior,3.01,3.6,Cereales,SACO NORMAL,KILOGRAMO
20260306,PIURA,PIURA,PIURA,200101,20260223,Sandia,1.45,2.4,Frutas,KILOGRAMO,KILOGRAMO
20260306,PIURA,PIURA,PIURA,200101,20260223,Arroz extra,3.08,4.5,Cereales,SACO NORMAL,KILOGRAMO
20260306,PIURA,PIURA,PIURA,200101,20260223,Zapallo macre,1.92,3.25,Hortalizas,KILOGRAMO,KILOGRAMO
20260306,PIURA,PIURA,PIURA,200101,20260223,Yuca blanca,1.85,4.45,Tuberculos,KILOGRAMO,KILOGRAMO
20260306,PIURA,PIURA,PIURA,200101,20260223,Vainita americana,3.03,5.25,Legumbres,KILOGRAMO,KILOGRAMO
20260306,PIURA,PIURA,PIURA,200101,20260223,Papa amarilla,3.22,5.2,Tuberculos,SACO GRANDE,KILOGRAMO
20260306,PIURA,PIURA,PIURA,200101,20260223,Zanahoria,2.05,3.4,Hortalizas,SACO MEDIANO,KILOGRAMO
20260306,PIURA,PIURA,PIURA,200101,20260223,Uva italia,3.58,7.05,Frutas,KILOGRAMO,KILOGRAMO
20260306,PIURA,PIURA,PIURA,200101,20260223,Leche reconstituida (azul) 395 gr,3.63,4.2,Agro-industriales,CAJA,LATA
20260306,PIURA,PIURA,PIURA,200101,20260223,Fideos nicolini tallarin,4.45,6.8,Agro-industriales,PAQUETE,KILOGRAMO
20260306,PIURA,PIURA,PIURA,200101,20260223,Platano seda congo,1.64,3.95,Frutas,KILOGRAMO,KILOGRAMO
20260306,PIURA,PIURA,PIURA,200101,20260223,Carne fresca de vacuno,18.65,26.75,Carnes y huevos,KILOGRAMO,KILOGRAMO
20260306,PIURA,PIURA,PIURA,200101,20260223,Carne de pollo (eviscerado),9.1,10.1,Carnes y huevos,KILOGRAMO,KILOGRAMO
20260306,PIURA,PIURA,PIURA,200101,20260223,Aji rocoto,5.4,6.15,Hortalizas,KILOGRAMO,KILOGRAMO
20260306,PIURA,PIURA,PIURA,200101,20260223,Aji escabeche,2.44,2.95,Hortalizas,KILOGRAMO,MALLA
20260306,PIURA,PIURA,PIURA,200101,20260223,Limon sutil bolsa,1.77,2.4,Frutas,KILOGRAMO,KILOGRAMO
20260306,PIURA,PIURA,PIURA,200101,20260223,Choclo (tipo cusco),5.36,9.65,Cereales,CIENTO,UNIDAD
20260306,PIURA,PIURA,PIURA,200101,20260223,Aceite clasico botella 900 ml,8.67,10,Agro-industriales,CAJA CHICA,LITRO
20260306,PIURA,PIURA,PIURA,200101,20260223,Lenteja,5.05,8.1,Menestras,KILOGRAMO,KILOGRAMO
20260306,PIURA,PIURA,PIURA,200101,20260223,Platano bellaco,2.39,4.05,Frutas,LITRO,LITRO
20260306,PIURA,PIURA,PIURA,200101,20260223,Huevos rosados,5.62,10.05,Carnes y huevos,KILOGRAMO,KILOGRAMO
20260306,PIURA,PIURA,PIURA,200101,20260223,Leche fresca,3,5.1,Agro-industriales,LITRO,LITRO
20260306,PIURA,PIURA,PIURA,200101,20260223,Haba verde serrana,2.57,4.75,Legumbres,KILOGRAMO,KILOGRAMO
20260306,PIURA,PIURA,PIURA,200101,20260223,Garbanzo,5.03,10.15,Menestras,KILOGRAMO,KILOGRAMO
20260306,PIURA,PIURA,PIURA,200101,20260223,Pina criolla,1.85,2.55,Frutas,KILOGRAMO,KILOGRAMO
20260306,PIURA,PIURA,PIURA,200101,20260223,Frijol castilla,3.92,7.15,Menestras,KILOGRAMO,KILOGRAMO
20260306,PIURA,PIURA,PIURA,200101,20260223,Frijol canario,5.47,8.1,Menestras,KILOGRAMO,KILOGRAMO
20260306,PIURA,PIURA,PIURA,200101,20260218,Melon coquito,2.13,3.1,Frutas,KILOGRAMO,KILOGRAMO
20260306,PIURA,PIURA,PIURA,200101,20260218,Uva alfonso lavalett,4.17,6.55,Frutas,KILOGRAMO,KILOGRAMO
20260306,PIURA,PIURA,PIURA,200101,20260218,Cebolla cabeza roja,1.67,3.35,Hortalizas,SACO,KILOGRAMO
20260306,PIURA,PIURA,PIURA,200101,20260218,Carne de porcino (corte unico),17.75,19.75,Carnes y huevos,UNIDAD,KILOGRAMO
20260306,PIURA,PIURA,PIURA,200101,20260218,Papa canchan,1.68,2.6,Tuberculos,SACO GRANDE,KILOGRAMO
20260306,PIURA,PIURA,PIURA,200101,20260218,Uva red globe,2.96,6.95,Frutas,KILOGRAMO,KILOGRAMO
20260306,PIURA,PIURA,PIURA,200101,20260218,Camote morado,1.85,3.15,Tuberculos,SACO GRANDE,KILOGRAMO
20260306,PIURA,PIURA,PIURA,200101,20260218,Melocoton durazno huayco,5.43,10.15,Frutas,KILOGRAMO,KILOGRAMO
20260306,PIURA,PIURA,PIURA,200101,20260218,Arveja verde blanca serrana,4.35,8.25,Legumbres,MALLA MEDIANA,KILOGRAMO
20260306,PIURA,PIURA,PIURA,200101,20260218,Manzana israel,3.05,5.4,Frutas,KILOGRAMO,KILOGRAMO
20260306,PIURA,PIURA,PIURA,200101,20260218,Ajo criollo o napuri,7.4,10,Hortalizas,MALLA MEDIANA,KILOGRAMO
20260306,PIURA,PIURA,PIURA,200101,20260218,Manzana delicia,2.15,4,Frutas,KILOGRAMO,KILOGRAMO
20260306,PIURA,PIURA,PIURA,200101,20260218,Azucar rubia nacional (granel),3.31,4.05,Agro-industriales,SACO NORMAL,KILOGRAMO
20260306,PIURA,PIURA,PIURA,200101,20260218,Mango edward,3.67,5.4,Frutas,KILOGRAMO,KILOGRAMO
20260306,PIURA,PIURA,PIURA,200101,20260218,Azucar blanca nacional (granel),3.34,4.35,Agro-industriales,SACO NORMAL,KILOGRAMO
20260306,PIURA,PIURA,PIURA,200101,20260218,Tomate,2.36,3.7,Hortalizas,KILOGRAMO,KILOGRAMO
20260306,PIURA,PIURA,PIURA,200101,20260218,Arroz superior,3,3.65,Cereales,SACO NORMAL,KILOGRAMO
20260306,PIURA,PIURA,PIURA,200101,20260218,Sandia,1.45,2.4,Frutas,KILOGRAMO,KILOGRAMO
20260306,PIURA,PIURA,PIURA,200101,20260218,Arroz extra,3.08,4.5,Cereales,SACO NORMAL,KILOGRAMO
20260306,PIURA,PIURA,PIURA,200101,20260218,Zapallo macre,1.92,3.4,Hortalizas,KILOGRAMO,KILOGRAMO
20260306,PIURA,PIURA,PIURA,200101,20260218,Yuca blanca,1.85,4.33,Tuberculos,KILOGRAMO,KILOGRAMO
20260306,PIURA,PIURA,PIURA,200101,20260218,Vainita americana,3.04,5.25,Legumbres,KILOGRAMO,KILOGRAMO
20260306,PIURA,PIURA,PIURA,200101,20260218,Papa amarilla,3.24,5.25,Tuberculos,SACO GRANDE,KILOGRAMO
20260306,PIURA,PIURA,PIURA,200101,20260218,Zanahoria,2.04,3.4,Hortalizas,SACO MEDIANO,KILOGRAMO
20260306,PIURA,PIURA,PIURA,200101,20260218,Uva italia,3.33,7.05,Frutas,KILOGRAMO,KILOGRAMO
20260306,PIURA,PIURA,PIURA,200101,20260218,Leche reconstituida (azul) 395 gr,3.64,4.2,Agro-industriales,CAJA,LATA
20260306,PIURA,PIURA,PIURA,200101,20260218,Fideos nicolini tallarin,4.45,6.8,Agro-industriales,PAQUETE,KILOGRAMO
20260306,PIURA,PIURA,PIURA,200101,20260218,Platano seda congo,1.64,3.9,Frutas,KILOGRAMO,KILOGRAMO
20260306,PIURA,PIURA,PIURA,200101,20260218,Carne fresca de vacuno,19.05,26.25,Carnes y huevos,KILOGRAMO,KILOGRAMO
20260306,PIURA,PIURA,PIURA,200101,20260218,Carne de pollo (eviscerado),8.45,9.6,Carnes y huevos,KILOGRAMO,KILOGRAMO
20260306,PIURA,PIURA,PIURA,200101,20260218,Aji rocoto,5.4,6.35,Hortalizas,KILOGRAMO,KILOGRAMO
20260306,PIURA,PIURA,PIURA,200101,20260218,Aji escabeche,2.44,2.95,Hortalizas,KILOGRAMO,MALLA
20260306,PIURA,PIURA,PIURA,200101,20260218,Limon sutil bolsa,1.73,2.4,Frutas,KILOGRAMO,KILOGRAMO
20260306,PIURA,PIURA,PIURA,200101,20260218,Choclo (tipo cusco),5.34,9.7,Cereales,CIENTO,UNIDAD
20260306,PIURA,PIURA,PIURA,200101,20260218,Aceite clasico botella 900 ml,8.67,10.05,Agro-industriales,CAJA CHICA,LITRO
20260306,PIURA,PIURA,PIURA,200101,20260218,Lenteja,5.05,8.1,Menestras,KILOGRAMO,KILOGRAMO
20260306,PIURA,PIURA,PIURA,200101,20260218,Platano bellaco,2.25,4.05,Frutas,LITRO,LITRO
20260306,PIURA,PIURA,PIURA,200101,20260218,Huevos rosados,5.69,10.05,Carnes y huevos,KILOGRAMO,KILOGRAMO
20260306,PIURA,PIURA,PIURA,200101,20260218,Leche fresca,3,5.1,Agro-industriales,LITRO,LITRO
20260306,PIURA,PIURA,PIURA,200101,20260218,Haba verde serrana,2.57,4.75,Legumbres,KILOGRAMO,KILOGRAMO
20260306,PIURA,PIURA,PIURA,200101,20260218,Garbanzo,5.03,10.15,Menestras,KILOGRAMO,KILOGRAMO
20260306,PIURA,PIURA,PIURA,200101,20260218,Pina criolla,2,2.55,Frutas,KILOGRAMO,KILOGRAMO
20260306,PIURA,PIURA,PIURA,200101,20260218,Frijol castilla,3.92,6.8,Menestras,KILOGRAMO,KILOGRAMO
20260306,PIURA,PIURA,PIURA,200101,20260218,Frijol canario,5.44,8.1,Menestras,KILOGRAMO,KILOGRAMO
20260306,PIURA,PIURA,PIURA,200101,20260218,Palta fuerte,4.65,8.35,Frutas,KILOGRAMO,KILOGRAMO
20260306,PIURA,PIURA,PIURA,200101,20260218,Pallar,5.65,8.15,Menestras,KILOGRAMO,KILOGRAMO
20260306,PIURA,PIURA,PIURA,200101,20260218,Olluco largo,3.05,3.45,Tuberculos,KILOGRAMO,KILOGRAMO
20260306,PIURA,PIURA,PIURA,200101,20260218,Naranja valencia,2.5,3.45,Frutas,KILOGRAMO,KILOGRAMO
20260306,PIURA,PIURA,PIURA,200101,20260218,Chirimoya cumbe,5.2,10.05,Frutas,CAJON CHICO,KILOGRAMO
20260306,PIURA,PIURA,PIURA,200101,20260218,Papaya,2.1,2.95,Frutas,KILOGRAMO,KILOGRAMO
20260306,PIURA,PIURA,PIURA,200101,20260216,Uva alfonso lavalett,4.17,6.55,Frutas,KILOGRAMO,KILOGRAMO
20260306,PIURA,PIURA,PIURA,200101,20260216,Cebolla cabeza roja,1.67,3.2,Hortalizas,SACO,KILOGRAMO
20260306,PIURA,PIURA,PIURA,200101,20260216,Carne de porcino (corte unico),17.75,19.75,Carnes y huevos,UNIDAD,KILOGRAMO
20260306,PIURA,PIURA,PIURA,200101,20260216,Papa canchan,1.68,2.6,Tuberculos,SACO GRANDE,KILOGRAMO
20260306,PIURA,PIURA,PIURA,200101,20260216,Uva red globe,2.88,6.95,Frutas,KILOGRAMO,KILOGRAMO
20260306,PIURA,PIURA,PIURA,200101,20260216,Camote morado,1.87,3.1,Tuberculos,SACO GRANDE,KILOGRAMO
20260306,PIURA,PIURA,PIURA,200101,20260216,Melocoton durazno huayco,5.4,10.15,Frutas,KILOGRAMO,KILOGRAMO
20260306,PIURA,PIURA,PIURA,200101,20260216,Arveja verde blanca serrana,4.25,7.25,Legumbres,MALLA MEDIANA,KILOGRAMO
20260306,PIURA,PIURA,PIURA,200101,20260216,Manzana israel,3.1,5.35,Frutas,KILOGRAMO,KILOGRAMO
20260306,PIURA,PIURA,PIURA,200101,20260216,Ajo criollo o napuri,7.4,9.9,Hortalizas,MALLA MEDIANA,KILOGRAMO
20260306,PIURA,PIURA,PIURA,200101,20260216,Manzana delicia,2.15,3.95,Frutas,KILOGRAMO,KILOGRAMO
20260306,PIURA,PIURA,PIURA,200101,20260216,Azucar rubia nacional (granel),3.31,4.05,Agro-industriales,SACO NORMAL,KILOGRAMO
20260306,PIURA,PIURA,PIURA,200101,20260216,Mango edward,3.7,5.4,Frutas,KILOGRAMO,KILOGRAMO
20260306,PIURA,PIURA,PIURA,200101,20260216,Azucar blanca nacional (granel),3.39,4.25,Agro-industriales,SACO NORMAL,KILOGRAMO
20260306,PIURA,PIURA,PIURA,200101,20260216,Tomate,2.27,3.7,Hortalizas,KILOGRAMO,KILOGRAMO
20260306,PIURA,PIURA,PIURA,200101,20260216,Arroz superior,3,3.65,Cereales,SACO NORMAL,KILOGRAMO
20260306,PIURA,PIURA,PIURA,200101,20260216,Sandia,1.45,2.4,Frutas,KILOGRAMO,KILOGRAMO
20260306,PIURA,PIURA,PIURA,200101,20260216,Arroz extra,3.08,4.45,Cereales,SACO NORMAL,KILOGRAMO
20260306,PIURA,PIURA,PIURA,200101,20260216,Zapallo macre,1.9,3.4,Hortalizas,KILOGRAMO,KILOGRAMO
20260306,PIURA,PIURA,PIURA,200101,20260216,Yuca blanca,1.87,4.45,Tuberculos,KILOGRAMO,KILOGRAMO
20260306,PIURA,PIURA,PIURA,200101,20260216,Vainita americana,3.04,5.25,Legumbres,KILOGRAMO,KILOGRAMO
20260306,PIURA,PIURA,PIURA,200101,20260216,Papa amarilla,3.27,5.2,Tuberculos,SACO GRANDE,KILOGRAMO
20260306,PIURA,PIURA,PIURA,200101,20260216,Zanahoria,2.04,3.35,Hortalizas,SACO MEDIANO,KILOGRAMO
20260306,PIURA,PIURA,PIURA,200101,20260216,Uva italia,3.38,7.05,Frutas,KILOGRAMO,KILOGRAMO
20260306,PIURA,PIURA,PIURA,200101,20260216,Leche reconstituida (azul) 395 gr,3.63,4.1,Agro-industriales,CAJA,LATA
20260306,PIURA,PIURA,PIURA,200101,20260216,Fideos nicolini tallarin,4.6,6.7,Agro-industriales,PAQUETE,KILOGRAMO
20260306,PIURA,PIURA,PIURA,200101,20260216,Platano seda congo,1.64,3.9,Frutas,KILOGRAMO,KILOGRAMO
20260306,PIURA,PIURA,PIURA,200101,20260216,Carne fresca de vacuno,19.75,25.5,Carnes y huevos,KILOGRAMO,KILOGRAMO
20260306,PIURA,PIURA,PIURA,200101,20260216,Carne de pollo (eviscerado),8.4,9.6,Carnes y huevos,KILOGRAMO,KILOGRAMO
20260306,PIURA,PIURA,PIURA,200101,20260216,Aji rocoto,5.35,6.15,Hortalizas,KILOGRAMO,KILOGRAMO
20260306,PIURA,PIURA,PIURA,200101,20260216,Aji escabeche,2.44,2.95,Hortalizas,KILOGRAMO,MALLA
20260306,PIURA,PIURA,PIURA,200101,20260216,Limon sutil bolsa,1.73,2.15,Frutas,KILOGRAMO,KILOGRAMO
20260306,PIURA,PIURA,PIURA,200101,20260216,Choclo (tipo cusco),5.34,9.7,Cereales,CIENTO,UNIDAD
20260306,PIURA,PIURA,PIURA,200101,20260216,Aceite clasico botella 900 ml,8.67,10.05,Agro-industriales,CAJA CHICA,LITRO
20260306,PIURA,PIURA,PIURA,200101,20260216,Lenteja,5.05,8.1,Menestras,KILOGRAMO,KILOGRAMO
20260306,PIURA,PIURA,PIURA,200101,20260216,Platano bellaco,2.18,4,Frutas,LITRO,LITRO
20260306,PIURA,PIURA,PIURA,200101,20260216,Huevos rosados,5.69,10.05,Carnes y huevos,KILOGRAMO,KILOGRAMO
20260306,PIURA,PIURA,PIURA,200101,20260216,Leche fresca,3,5.1,Agro-industriales,LITRO,LITRO
20260306,PIURA,PIURA,PIURA,200101,20260216,Haba verde serrana,2.54,4.65,Legumbres,KILOGRAMO,KILOGRAMO
20260306,PIURA,PIURA,PIURA,200101,20260216,Garbanzo,4.98,10.15,Menestras,KILOGRAMO,KILOGRAMO
20260306,PIURA,PIURA,PIURA,200101,20260216,Pina criolla,2,2.55,Frutas,KILOGRAMO,KILOGRAMO
20260306,PIURA,PIURA,PIURA,200101,20260216,Frijol castilla,3.92,6.5,Menestras,KILOGRAMO,KILOGRAMO
20260306,PIURA,PIURA,PIURA,200101,20260216,Frijol canario,5.4,8.1,Menestras,KILOGRAMO,KILOGRAMO
20260306,PIURA,PIURA,PIURA,200101,20260216,Palta fuerte,4.52,8.25,Frutas,KILOGRAMO,KILOGRAMO
20260306,PIURA,PIURA,PIURA,200101,20260216,Pallar,5.65,8.15,Menestras,KILOGRAMO,KILOGRAMO
20260306,PIURA,PIURA,PIURA,200101,20260216,Olluco largo,3.05,3.45,Tuberculos,KILOGRAMO,KILOGRAMO
20260306,PIURA,PIURA,PIURA,200101,20260216,Naranja valencia,2.5,3.45,Frutas,KILOGRAMO,KILOGRAMO
20260306,PIURA,PIURA,PIURA,200101,20260216,Chirimoya cumbe,5.05,10.05,Frutas,CAJON CHICO,KILOGRAMO
20260306,PIURA,PIURA,PIURA,200101,20260216,Papaya,2.07,2.95,Frutas,KILOGRAMO,KILOGRAMO
20260306,PIURA,PIURA,PIURA,200101,20260216,Melon coquito,2.13,3.1,Frutas,KILOGRAMO,KILOGRAMO
20260306,PIURA,PIURA,PIURA,200101,20260213,Uva red globe,2.88,6.95,Frutas,KILOGRAMO,KILOGRAMO
20260306,PIURA,PIURA,PIURA,200101,20260213,Camote morado,1.87,3.1,Tuberculos,SACO GRANDE,KILOGRAMO
20260306,PIURA,PIURA,PIURA,200101,20260213,Melocoton durazno huayco,5.4,10.1,Frutas,KILOGRAMO,KILOGRAMO
20260306,PIURA,PIURA,PIURA,200101,20260213,Arveja verde blanca serrana,4.25,7.25,Legumbres,MALLA MEDIANA,KILOGRAMO
20260306,PIURA,PIURA,PIURA,200101,20260213,Manzana israel,3.1,5.1,Frutas,KILOGRAMO,KILOGRAMO
20260306,PIURA,PIURA,PIURA,200101,20260213,Ajo criollo o napuri,7.4,9.9,Hortalizas,MALLA MEDIANA,KILOGRAMO
20260306,PIURA,PIURA,PIURA,200101,20260213,Manzana delicia,2.25,4.4,Frutas,KILOGRAMO,KILOGRAMO
20260306,PIURA,PIURA,PIURA,200101,20260213,Azucar rubia nacional (granel),3.31,4.05,Agro-industriales,SACO NORMAL,KILOGRAMO
20260306,PIURA,PIURA,PIURA,200101,20260213,Mango edward,3.7,5.4,Frutas,KILOGRAMO,KILOGRAMO
20260306,PIURA,PIURA,PIURA,200101,20260213,Azucar blanca nacional (granel),3.42,4.35,Agro-industriales,SACO NORMAL,KILOGRAMO
20260306,PIURA,PIURA,PIURA,200101,20260213,Tomate,2.3,3.75,Hortalizas,KILOGRAMO,KILOGRAMO
20260306,PIURA,PIURA,PIURA,200101,20260213,Arroz superior,3.01,3.65,Cereales,SACO NORMAL,KILOGRAMO
20260306,PIURA,PIURA,PIURA,200101,20260213,Sandia,1.45,2.4,Frutas,KILOGRAMO,KILOGRAMO
20260306,PIURA,PIURA,PIURA,200101,20260213,Arroz extra,3.08,4.5,Cereales,SACO NORMAL,KILOGRAMO
20260306,PIURA,PIURA,PIURA,200101,20260213,Zapallo macre,1.9,3.4,Hortalizas,KILOGRAMO,KILOGRAMO
20260306,PIURA,PIURA,PIURA,200101,20260213,Yuca blanca,1.87,4.7,Tuberculos,KILOGRAMO,KILOGRAMO
20260306,PIURA,PIURA,PIURA,200101,20260213,Vainita americana,3.04,5.25,Legumbres,KILOGRAMO,KILOGRAMO
20260306,PIURA,PIURA,PIURA,200101,20260213,Papa amarilla,3.29,5.2,Tuberculos,SACO GRANDE,KILOGRAMO
20260306,PIURA,PIURA,PIURA,200101,20260213,Zanahoria,2.12,3.35,Hortalizas,SACO MEDIANO,KILOGRAMO
20260306,PIURA,PIURA,PIURA,200101,20260213,Uva italia,3.38,7.05,Frutas,KILOGRAMO,KILOGRAMO
20260306,PIURA,PIURA,PIURA,200101,20260213,Leche reconstituida (azul) 395 gr,3.66,4.1,Agro-industriales,CAJA,LATA
20260306,PIURA,PIURA,PIURA,200101,20260213,Fideos nicolini tallarin,4.8,6.7,Agro-industriales,PAQUETE,KILOGRAMO
20260306,PIURA,PIURA,PIURA,200101,20260213,Platano seda congo,1.64,3.9,Frutas,KILOGRAMO,KILOGRAMO
20260306,PIURA,PIURA,PIURA,200101,20260213,Carne fresca de vacuno,19.75,25.5,Carnes y huevos,KILOGRAMO,KILOGRAMO
20260306,PIURA,PIURA,PIURA,200101,20260213,Carne de pollo (eviscerado),8.35,9.6,Carnes y huevos,KILOGRAMO,KILOGRAMO
20260306,PIURA,PIURA,PIURA,200101,20260213,Aji rocoto,5.35,6.25,Hortalizas,KILOGRAMO,KILOGRAMO
20260306,PIURA,PIURA,PIURA,200101,20260213,Aji escabeche,2.43,2.95,Hortalizas,KILOGRAMO,MALLA
20260306,PIURA,PIURA,PIURA,200101,20260213,Limon sutil bolsa,1.76,2.4,Frutas,KILOGRAMO,KILOGRAMO
20260306,PIURA,PIURA,PIURA,200101,20260213,Choclo (tipo cusco),5.4,9.7,Cereales,CIENTO,UNIDAD
20260306,PIURA,PIURA,PIURA,200101,20260213,Aceite clasico botella 900 ml,8.67,10.05,Agro-industriales,CAJA CHICA,LITRO
20260306,PIURA,PIURA,PIURA,200101,20260213,Lenteja,5.05,8.2,Menestras,KILOGRAMO,KILOGRAMO
20260306,PIURA,PIURA,PIURA,200101,20260213,Platano bellaco,2.18,4,Frutas,LITRO,LITRO
20260306,PIURA,PIURA,PIURA,200101,20260213,Huevos rosados,5.69,10.05,Carnes y huevos,KILOGRAMO,KILOGRAMO
20260306,PIURA,PIURA,PIURA,200101,20260213,Leche fresca,3,5.1,Agro-industriales,LITRO,LITRO
20260306,PIURA,PIURA,PIURA,200101,20260213,Haba verde serrana,2.58,4.65,Legumbres,KILOGRAMO,KILOGRAMO
20260306,PIURA,PIURA,PIURA,200101,20260213,Garbanzo,4.91,10.15,Menestras,KILOGRAMO,KILOGRAMO
20260306,PIURA,PIURA,PIURA,200101,20260213,Pina criolla,2,2.55,Frutas,KILOGRAMO,KILOGRAMO
20260306,PIURA,PIURA,PIURA,200101,20260213,Frijol castilla,3.92,6.5,Menestras,KILOGRAMO,KILOGRAMO
20260306,PIURA,PIURA,PIURA,200101,20260213,Frijol canario,5.4,8.15,Menestras,KILOGRAMO,KILOGRAMO
20260306,PIURA,PIURA,PIURA,200101,20260213,Palta fuerte,4.55,8.25,Frutas,KILOGRAMO,KILOGRAMO
20260306,PIURA,PIURA,PIURA,200101,20260213,Pallar,5.65,8.15,Menestras,KILOGRAMO,KILOGRAMO
20260306,PIURA,PIURA,PIURA,200101,20260213,Olluco largo,3.05,3.45,Tuberculos,KILOGRAMO,KILOGRAMO
20260306,PIURA,PIURA,PIURA,200101,20260213,Naranja valencia,2.5,3.45,Frutas,KILOGRAMO,KILOGRAMO
20260306,PIURA,PIURA,PIURA,200101,20260213,Chirimoya cumbe,5.05,10.05,Frutas,CAJON CHICO,KILOGRAMO
20260306,PIURA,PIURA,PIURA,200101,20260213,Papaya,2.05,2.95,Frutas,KILOGRAMO,KILOGRAMO
20260306,PIURA,PIURA,PIURA,200101,20260213,Uva alfonso lavalett,4.17,6.55,Frutas,KILOGRAMO,KILOGRAMO
20260306,PIURA,PIURA,PIURA,200101,20260213,Melon coquito,2.21,3,Frutas,KILOGRAMO,KILOGRAMO
20260306,PIURA,PIURA,PIURA,200101,20260213,Cebolla cabeza roja,1.67,3.55,Hortalizas,SACO,KILOGRAMO
20260306,PIURA,PIURA,PIURA,200101,20260213,Carne de porcino (corte unico),17.75,19.75,Carnes y huevos,UNIDAD,KILOGRAMO
20260306,PIURA,PIURA,PIURA,200101,20260213,Papa canchan,1.68,2.75,Tuberculos,SACO GRANDE,KILOGRAMO
20260306,PIURA,PIURA,PIURA,200101,20260211,Zanahoria,2.08,3.35,Hortalizas,SACO MEDIANO,KILOGRAMO
20260306,PIURA,PIURA,PIURA,200101,20260211,Uva italia,3.38,7.05,Frutas,KILOGRAMO,KILOGRAMO
20260306,PIURA,PIURA,PIURA,200101,20260211,Leche reconstituida (azul) 395 gr,3.66,4.1,Agro-industriales,CAJA,LATA
20260306,PIURA,PIURA,PIURA,200101,20260211,Fideos nicolini tallarin,4.8,6.7,Agro-industriales,PAQUETE,KILOGRAMO
20260306,PIURA,PIURA,PIURA,200101,20260211,Platano seda congo,1.64,3.9,Frutas,KILOGRAMO,KILOGRAMO
20260306,PIURA,PIURA,PIURA,200101,20260211,Carne fresca de vacuno,19.75,25.25,Carnes y huevos,KILOGRAMO,KILOGRAMO
20260306,PIURA,PIURA,PIURA,200101,20260211,Carne de pollo (eviscerado),8.1,9.5,Carnes y huevos,KILOGRAMO,KILOGRAMO
20260306,PIURA,PIURA,PIURA,200101,20260211,Aji rocoto,5.2,6.25,Hortalizas,KILOGRAMO,KILOGRAMO
20260306,PIURA,PIURA,PIURA,200101,20260211,Aji escabeche,2.43,2.95,Hortalizas,KILOGRAMO,MALLA
20260306,PIURA,PIURA,PIURA,200101,20260211,Limon sutil bolsa,1.8,2.4,Frutas,KILOGRAMO,KILOGRAMO
20260306,PIURA,PIURA,PIURA,200101,20260211,Choclo (tipo cusco),5.34,9.65,Cereales,CIENTO,UNIDAD
20260306,PIURA,PIURA,PIURA,200101,20260211,Aceite clasico botella 900 ml,8.67,10.05,Agro-industriales,CAJA CHICA,LITRO
20260306,PIURA,PIURA,PIURA,200101,20260211,Lenteja,5.05,8.2,Menestras,KILOGRAMO,KILOGRAMO
20260306,PIURA,PIURA,PIURA,200101,20260211,Platano bellaco,2.18,4.05,Frutas,LITRO,LITRO
20260306,PIURA,PIURA,PIURA,200101,20260211,Huevos rosados,5.69,10.05,Carnes y huevos,KILOGRAMO,KILOGRAMO
20260306,PIURA,PIURA,PIURA,200101,20260211,Leche fresca,3,5.1,Agro-industriales,LITRO,LITRO
20260306,PIURA,PIURA,PIURA,200101,20260211,Haba verde serrana,2.59,4.65,Legumbres,KILOGRAMO,KILOGRAMO
20260306,PIURA,PIURA,PIURA,200101,20260211,Garbanzo,4.87,10.15,Menestras,KILOGRAMO,KILOGRAMO
20260306,PIURA,PIURA,PIURA,200101,20260211,Pina criolla,2,2.55,Frutas,KILOGRAMO,KILOGRAMO
20260306,PIURA,PIURA,PIURA,200101,20260211,Frijol castilla,3.91,6.5,Menestras,KILOGRAMO,KILOGRAMO
20260306,PIURA,PIURA,PIURA,200101,20260211,Frijol canario,5.39,8.15,Menestras,KILOGRAMO,KILOGRAMO
20260306,PIURA,PIURA,PIURA,200101,20260211,Palta fuerte,4.5,8.25,Frutas,KILOGRAMO,KILOGRAMO
20260306,PIURA,PIURA,PIURA,200101,20260211,Pallar,5.65,8.15,Menestras,KILOGRAMO,KILOGRAMO
20260306,PIURA,PIURA,PIURA,200101,20260211,Olluco largo,3.05,3.45,Tuberculos,KILOGRAMO,KILOGRAMO
20260306,PIURA,PIURA,PIURA,200101,20260211,Naranja valencia,2.5,3.45,Frutas,KILOGRAMO,KILOGRAMO
20260306,PIURA,PIURA,PIURA,200101,20260211,Chirimoya cumbe,5.05,10.05,Frutas,CAJON CHICO,KILOGRAMO
20260306,PIURA,PIURA,PIURA,200101,20260211,Papaya,2.05,3,Frutas,KILOGRAMO,KILOGRAMO
20260306,PIURA,PIURA,PIURA,200101,20260211,Uva alfonso lavalett,4.17,6.55,Frutas,KILOGRAMO,KILOGRAMO
20260306,PIURA,PIURA,PIURA,200101,20260211,Melon coquito,2.25,2.85,Frutas,KILOGRAMO,KILOGRAMO
20260306,PIURA,PIURA,PIURA,200101,20260211,Cebolla cabeza roja,1.69,3.55,Hortalizas,SACO,KILOGRAMO
20260306,PIURA,PIURA,PIURA,200101,20260211,Carne de porcino (corte unico),17.6,19.75,Carnes y huevos,UNIDAD,KILOGRAMO
20260306,PIURA,PIURA,PIURA,200101,20260211,Papa canchan,1.64,2.7,Tuberculos,SACO GRANDE,KILOGRAMO
20260306,PIURA,PIURA,PIURA,200101,20260211,Uva red globe,3.11,6.95,Frutas,KILOGRAMO,KILOGRAMO
20260306,PIURA,PIURA,PIURA,200101,20260211,Camote morado,1.84,3.1,Tuberculos,SACO GRANDE,KILOGRAMO
20260306,PIURA,PIURA,PIURA,200101,20260211,Melocoton durazno huayco,5.33,10.1,Frutas,KILOGRAMO,KILOGRAMO
20260306,PIURA,PIURA,PIURA,200101,20260211,Arveja verde blanca serrana,4.25,7.25,Legumbres,MALLA MEDIANA,KILOGRAMO
20260306,PIURA,PIURA,PIURA,200101,20260211,Manzana israel,3.1,5.1,Frutas,KILOGRAMO,KILOGRAMO
20260306,PIURA,PIURA,PIURA,200101,20260211,Ajo criollo o napuri,7.3,9.9,Hortalizas,MALLA MEDIANA,KILOGRAMO
20260306,PIURA,PIURA,PIURA,200101,20260211,Manzana delicia,2.25,4.4,Frutas,KILOGRAMO,KILOGRAMO
20260306,PIURA,PIURA,PIURA,200101,20260211,Azucar rubia nacional (granel),3.31,4.05,Agro-industriales,SACO NORMAL,KILOGRAMO
20260306,PIURA,PIURA,PIURA,200101,20260211,Mango edward,3.7,5.45,Frutas,KILOGRAMO,KILOGRAMO
20260306,PIURA,PIURA,PIURA,200101,20260211,Azucar blanca nacional (granel),3.42,4.25,Agro-industriales,SACO NORMAL,KILOGRAMO
20260306,PIURA,PIURA,PIURA,200101,20260211,Tomate,2.27,3.6,Hortalizas,KILOGRAMO,KILOGRAMO
20260306,PIURA,PIURA,PIURA,200101,20260211,Arroz superior,3,3.65,Cereales,SACO NORMAL,KILOGRAMO
20260306,PIURA,PIURA,PIURA,200101,20260211,Sandia,1.45,2.4,Frutas,KILOGRAMO,KILOGRAMO
20260306,PIURA,PIURA,PIURA,200101,20260211,Arroz extra,3.08,4.5,Cereales,SACO NORMAL,KILOGRAMO
20260306,PIURA,PIURA,PIURA,200101,20260211,Zapallo macre,1.88,3.4,Hortalizas,KILOGRAMO,KILOGRAMO
20260306,PIURA,PIURA,PIURA,200101,20260211,Yuca blanca,1.84,4.7,Tuberculos,KILOGRAMO,KILOGRAMO
20260306,PIURA,PIURA,PIURA,200101,20260211,Vainita americana,3.03,5.25,Legumbres,KILOGRAMO,KILOGRAMO
20260306,PIURA,PIURA,PIURA,200101,20260211,Papa amarilla,3.25,5.1,Tuberculos,SACO GRANDE,KILOGRAMO
20260306,PIURA,PIURA,PIURA,200101,20260209,Zanahoria,2.01,3.35,Hortalizas,SACO MEDIANO,KILOGRAMO
20260306,PIURA,PIURA,PIURA,200101,20260209,Uva italia,3.38,6.95,Frutas,KILOGRAMO,KILOGRAMO
20260306,PIURA,PIURA,PIURA,200101,20260209,Leche reconstituida (azul) 395 gr,3.66,4.1,Agro-industriales,CAJA,LATA
20260306,PIURA,PIURA,PIURA,200101,20260209,Fideos nicolini tallarin,4.8,6.7,Agro-industriales,PAQUETE,KILOGRAMO
20260306,PIURA,PIURA,PIURA,200101,20260209,Platano seda congo,1.64,3.9,Frutas,KILOGRAMO,KILOGRAMO
20260306,PIURA,PIURA,PIURA,200101,20260209,Carne fresca de vacuno,19,21.05,Carnes y huevos,KILOGRAMO,KILOGRAMO
20260306,PIURA,PIURA,PIURA,200101,20260209,Carne de pollo (eviscerado),8.1,9.4,Carnes y huevos,KILOGRAMO,KILOGRAMO
20260306,PIURA,PIURA,PIURA,200101,20260209,Aji rocoto,5.05,6.4,Hortalizas,KILOGRAMO,KILOGRAMO
20260306,PIURA,PIURA,PIURA,200101,20260209,Aji escabeche,2.39,3.1,Hortalizas,KILOGRAMO,MALLA
20260306,PIURA,PIURA,PIURA,200101,20260209,Limon sutil bolsa,1.8,2.15,Frutas,KILOGRAMO,KILOGRAMO
20260306,PIURA,PIURA,PIURA,200101,20260209,Choclo (tipo cusco),5.26,9.65,Cereales,CIENTO,UNIDAD
20260306,PIURA,PIURA,PIURA,200101,20260209,Aceite clasico botella 900 ml,8.54,10,Agro-industriales,CAJA CHICA,LITRO
20260306,PIURA,PIURA,PIURA,200101,20260209,Lenteja,5.05,8.2,Menestras,KILOGRAMO,KILOGRAMO
20260306,PIURA,PIURA,PIURA,200101,20260209,Platano bellaco,2.29,4.1,Frutas,LITRO,LITRO
20260306,PIURA,PIURA,PIURA,200101,20260209,Huevos rosados,5.69,10.05,Carnes y huevos,KILOGRAMO,KILOGRAMO
20260306,PIURA,PIURA,PIURA,200101,20260209,Leche fresca,3,4.9,Agro-industriales,LITRO,LITRO
20260306,PIURA,PIURA,PIURA,200101,20260209,Haba verde serrana,2.56,4.65,Legumbres,KILOGRAMO,KILOGRAMO
20260306,PIURA,PIURA,PIURA,200101,20260209,Garbanzo,4.87,10.15,Menestras,KILOGRAMO,KILOGRAMO
20260306,PIURA,PIURA,PIURA,200101,20260209,Pina criolla,2,2.45,Frutas,KILOGRAMO,KILOGRAMO
20260306,PIURA,PIURA,PIURA,200101,20260209,Frijol castilla,3.91,6.45,Menestras,KILOGRAMO,KILOGRAMO
20260306,PIURA,PIURA,PIURA,200101,20260209,Frijol canario,5.39,8.15,Menestras,KILOGRAMO,KILOGRAMO
20260306,PIURA,PIURA,PIURA,200101,20260209,Pallar,5.45,8.15,Menestras,KILOGRAMO,KILOGRAMO
20260306,PIURA,PIURA,PIURA,200101,20260209,Olluco largo,3.05,3.75,Tuberculos,KILOGRAMO,KILOGRAMO
20260306,PIURA,PIURA,PIURA,200101,20260209,Naranja valencia,2.53,3.3,Frutas,KILOGRAMO,KILOGRAMO
20260306,PIURA,PIURA,PIURA,200101,20260209,Chirimoya cumbe,5.7,10.05,Frutas,CAJON CHICO,KILOGRAMO
20260306,PIURA,PIURA,PIURA,200101,20260209,Papaya,2.05,3,Frutas,KILOGRAMO,KILOGRAMO
20260306,PIURA,PIURA,PIURA,200101,20260209,Palta fuerte,4.45,8.1,Frutas,KILOGRAMO,KILOGRAMO
20260306,PIURA,PIURA,PIURA,200101,20260209,Uva alfonso lavalett,4.13,6.55,Frutas,KILOGRAMO,KILOGRAMO
20260306,PIURA,PIURA,PIURA,200101,20260209,Melon coquito,2.25,2.85,Frutas,KILOGRAMO,KILOGRAMO
20260306,PIURA,PIURA,PIURA,200101,20260209,Cebolla cabeza roja,1.67,3.25,Hortalizas,SACO,KILOGRAMO
20260306,PIURA,PIURA,PIURA,200101,20260209,Carne de porcino (corte unico),17.75,21,Carnes y huevos,UNIDAD,KILOGRAMO
20260306,PIURA,PIURA,PIURA,200101,20260209,Papa canchan,1.6,2.7,Tuberculos,SACO GRANDE,KILOGRAMO
20260306,PIURA,PIURA,PIURA,200101,20260209,Uva red globe,2.96,6.95,Frutas,KILOGRAMO,KILOGRAMO
20260306,PIURA,PIURA,PIURA,200101,20260209,Camote morado,1.8,3.1,Tuberculos,SACO GRANDE,KILOGRAMO
20260306,PIURA,PIURA,PIURA,200101,20260209,Melocoton durazno huayco,7.5,10.15,Frutas,KILOGRAMO,KILOGRAMO
20260306,PIURA,PIURA,PIURA,200101,20260209,Arveja verde blanca serrana,4.18,7.25,Legumbres,MALLA MEDIANA,KILOGRAMO
20260306,PIURA,PIURA,PIURA,200101,20260209,Manzana israel,3.1,5.1,Frutas,KILOGRAMO,KILOGRAMO
20260306,PIURA,PIURA,PIURA,200101,20260209,Ajo criollo o napuri,6.8,10.05,Hortalizas,MALLA MEDIANA,KILOGRAMO
20260306,PIURA,PIURA,PIURA,200101,20260209,Manzana delicia,2.2,4.35,Frutas,KILOGRAMO,KILOGRAMO
20260306,PIURA,PIURA,PIURA,200101,20260209,Azucar rubia nacional (granel),3.31,4.05,Agro-industriales,SACO NORMAL,KILOGRAMO
20260306,PIURA,PIURA,PIURA,200101,20260209,Mango edward,3.5,5.4,Frutas,KILOGRAMO,KILOGRAMO
20260306,PIURA,PIURA,PIURA,200101,20260209,Azucar blanca nacional (granel),3.41,4.5,Agro-industriales,SACO NORMAL,KILOGRAMO
20260306,PIURA,PIURA,PIURA,200101,20260209,Tomate,2.27,3.6,Hortalizas,KILOGRAMO,KILOGRAMO
20260306,PIURA,PIURA,PIURA,200101,20260209,Arroz superior,2.97,3.65,Cereales,SACO NORMAL,KILOGRAMO
20260306,PIURA,PIURA,PIURA,200101,20260209,Sandia,1.45,2.4,Frutas,KILOGRAMO,KILOGRAMO
20260306,PIURA,PIURA,PIURA,200101,20260209,Arroz extra,3.12,4.5,Cereales,SACO NORMAL,KILOGRAMO
20260306,PIURA,PIURA,PIURA,200101,20260209,Zapallo macre,1.88,3.4,Hortalizas,KILOGRAMO,KILOGRAMO
20260306,PIURA,PIURA,PIURA,200101,20260209,Yuca blanca,1.82,4.55,Tuberculos,KILOGRAMO,KILOGRAMO
20260306,PIURA,PIURA,PIURA,200101,20260209,Vainita americana,3.06,5.25,Legumbres,KILOGRAMO,KILOGRAMO
20260306,PIURA,PIURA,PIURA,200101,20260209,Papa amarilla,3.22,5.1,Tuberculos,SACO GRANDE,KILOGRAMO
20260206,PIURA,PIURA,PIURA,200101,20260126,Zanahoria,2.01,3.1,Hortalizas,SACO MEDIANO,KILOGRAMO
20260206,PIURA,PIURA,PIURA,200101,20260126,Uva italia,3.54,6.95,Frutas,KILOGRAMO,KILOGRAMO
20260206,PIURA,PIURA,PIURA,200101,20260126,Leche reconstituida (azul) 395 gr,3.61,4.1,Agro-industriales,CAJA,LATA
20260206,PIURA,PIURA,PIURA,200101,20260126,Fideos nicolini tallarin,4.8,6.8,Agro-industriales,PAQUETE,KILOGRAMO
20260206,PIURA,PIURA,PIURA,200101,20260126,Platano seda congo,1.54,4.45,Frutas,KILOGRAMO,KILOGRAMO
20260206,PIURA,PIURA,PIURA,200101,20260126,Carne fresca de vacuno,19.5,21.05,Carnes y huevos,KILOGRAMO,KILOGRAMO
20260206,PIURA,PIURA,PIURA,200101,20260126,Carne de pollo (eviscerado),8.6,8.9,Carnes y huevos,KILOGRAMO,KILOGRAMO
20260206,PIURA,PIURA,PIURA,200101,20260126,Aji rocoto,5.05,6.7,Hortalizas,KILOGRAMO,KILOGRAMO
20260206,PIURA,PIURA,PIURA,200101,20260126,Aji escabeche,2.39,3.1,Hortalizas,KILOGRAMO,MALLA
20260206,PIURA,PIURA,PIURA,200101,20260126,Limon sutil bolsa,1.81,2.35,Frutas,KILOGRAMO,KILOGRAMO
20260206,PIURA,PIURA,PIURA,200101,20260126,Choclo (tipo cusco),5.18,9.55,Cereales,CIENTO,UNIDAD
20260206,PIURA,PIURA,PIURA,200101,20260126,Aceite clasico botella 900 ml,8.38,10,Agro-industriales,CAJA CHICA,LITRO
20260206,PIURA,PIURA,PIURA,200101,20260126,Lenteja,5.05,8.2,Menestras,KILOGRAMO,KILOGRAMO
20260206,PIURA,PIURA,PIURA,200101,20260126,Platano bellaco,2.21,4.1,Frutas,LITRO,LITRO
20260206,PIURA,PIURA,PIURA,200101,20260126,Huevos rosados,5.69,10.05,Carnes y huevos,KILOGRAMO,KILOGRAMO
20260206,PIURA,PIURA,PIURA,200101,20260126,Leche fresca,3,4.9,Agro-industriales,LITRO,LITRO
20260206,PIURA,PIURA,PIURA,200101,20260126,Haba verde serrana,2.59,4.65,Legumbres,KILOGRAMO,KILOGRAMO
20260206,PIURA,PIURA,PIURA,200101,20260126,Garbanzo,4.79,10.15,Menestras,KILOGRAMO,KILOGRAMO
20260206,PIURA,PIURA,PIURA,200101,20260126,Pina criolla,1.95,2.45,Frutas,KILOGRAMO,KILOGRAMO
20260206,PIURA,PIURA,PIURA,200101,20260126,Frijol castilla,3.91,6.45,Menestras,KILOGRAMO,KILOGRAMO
20260206,PIURA,PIURA,PIURA,200101,20260126,Frijol canario,5.34,8,Menestras,KILOGRAMO,KILOGRAMO
20260206,PIURA,PIURA,PIURA,200101,20260126,Pallar,5.45,8.15,Menestras,KILOGRAMO,KILOGRAMO
20260206,PIURA,PIURA,PIURA,200101,20260126,Olluco largo,3.05,3.7,Tuberculos,KILOGRAMO,KILOGRAMO
20260206,PIURA,PIURA,PIURA,200101,20260126,Naranja valencia,2.44,3.3,Frutas,KILOGRAMO,KILOGRAMO
20260206,PIURA,PIURA,PIURA,200101,20260126,Chirimoya cumbe,5.2,10,Frutas,CAJON CHICO,KILOGRAMO
20260206,PIURA,PIURA,PIURA,200101,20260126,Papaya,2.05,3,Frutas,KILOGRAMO,KILOGRAMO
20260206,PIURA,PIURA,PIURA,200101,20260126,Palta fuerte,5.05,9.65,Frutas,KILOGRAMO,KILOGRAMO
20260206,PIURA,PIURA,PIURA,200101,20260126,Uva alfonso lavalett,3.92,6.35,Frutas,KILOGRAMO,KILOGRAMO
20260206,PIURA,PIURA,PIURA,200101,20260126,Melon coquito,2.25,2.9,Frutas,KILOGRAMO,KILOGRAMO
20260206,PIURA,PIURA,PIURA,200101,20260126,Cebolla cabeza roja,1.63,3.25,Hortalizas,SACO,KILOGRAMO
20260206,PIURA,PIURA,PIURA,200101,20260126,Carne de porcino (corte unico),17.6,21,Carnes y huevos,UNIDAD,KILOGRAMO
20260206,PIURA,PIURA,PIURA,200101,20260126,Papa canchan,1.6,2.7,Tuberculos,SACO GRANDE,KILOGRAMO
20260206,PIURA,PIURA,PIURA,200101,20260126,Camote morado,1.77,3.1,Tuberculos,SACO GRANDE,KILOGRAMO
20260206,PIURA,PIURA,PIURA,200101,20260126,Melocoton durazno huayco,4.85,10.15,Frutas,KILOGRAMO,KILOGRAMO
20260206,PIURA,PIURA,PIURA,200101,20260126,Arveja verde blanca serrana,4.15,7.25,Legumbres,MALLA MEDIANA,KILOGRAMO
20260206,PIURA,PIURA,PIURA,200101,20260126,Manzana israel,3.28,5.1,Frutas,KILOGRAMO,KILOGRAMO
20260206,PIURA,PIURA,PIURA,200101,20260126,Ajo criollo o napuri,6.5,10.05,Hortalizas,MALLA MEDIANA,KILOGRAMO
20260206,PIURA,PIURA,PIURA,200101,20260126,Manzana delicia,2.15,4.35,Frutas,KILOGRAMO,KILOGRAMO
20260206,PIURA,PIURA,PIURA,200101,20260126,Azucar rubia nacional (granel),3.33,4.05,Agro-industriales,SACO NORMAL,KILOGRAMO
20260206,PIURA,PIURA,PIURA,200101,20260126,Mango edward,3.57,5.4,Frutas,KILOGRAMO,KILOGRAMO
20260206,PIURA,PIURA,PIURA,200101,20260126,Azucar blanca nacional (granel),3.52,4.45,Agro-industriales,SACO NORMAL,KILOGRAMO
20260206,PIURA,PIURA,PIURA,200101,20260126,Tomate,2.27,4,Hortalizas,KILOGRAMO,KILOGRAMO
20260206,PIURA,PIURA,PIURA,200101,20260126,Arroz superior,2.97,3.65,Cereales,SACO NORMAL,KILOGRAMO
20260206,PIURA,PIURA,PIURA,200101,20260126,Sandia,1.45,2.4,Frutas,KILOGRAMO,KILOGRAMO
20260206,PIURA,PIURA,PIURA,200101,20260126,Arroz extra,3.13,4.5,Cereales,SACO NORMAL,KILOGRAMO
20260206,PIURA,PIURA,PIURA,200101,20260126,Zapallo macre,1.78,3.4,Hortalizas,KILOGRAMO,KILOGRAMO
20260206,PIURA,PIURA,PIURA,200101,20260126,Yuca blanca,1.8,4.8,Tuberculos,KILOGRAMO,KILOGRAMO
20260206,PIURA,PIURA,PIURA,200101,20260126,Vainita americana,3.08,5.25,Legumbres,KILOGRAMO,KILOGRAMO
20260206,PIURA,PIURA,PIURA,200101,20260126,Papa amarilla,3.22,5.1,Tuberculos,SACO GRANDE,KILOGRAMO
20260206,PIURA,PIURA,PIURA,200101,20260126,Uva red globe,2.96,0,Frutas,KILOGRAMO,KILOGRAMO
20260206,PIURA,PIURA,PIURA,200101,20260121,Carne fresca de vacuno,19.5,21.05,Carnes y huevos,KILOGRAMO,KILOGRAMO
20260206,PIURA,PIURA,PIURA,200101,20260121,Carne de pollo (eviscerado),8.1,8.85,Carnes y huevos,KILOGRAMO,KILOGRAMO
20260206,PIURA,PIURA,PIURA,200101,20260121,Aji rocoto,5.4,6.4,Hortalizas,KILOGRAMO,KILOGRAMO
20260206,PIURA,PIURA,PIURA,200101,20260121,Aji escabeche,2.46,3.05,Hortalizas,KILOGRAMO,MALLA
20260206,PIURA,PIURA,PIURA,200101,20260121,Limon sutil bolsa,1.78,2.35,Frutas,KILOGRAMO,KILOGRAMO
20260206,PIURA,PIURA,PIURA,200101,20260121,Choclo (tipo cusco),5.2,9.4,Cereales,CIENTO,UNIDAD
20260206,PIURA,PIURA,PIURA,200101,20260121,Aceite clasico botella 900 ml,8.13,9.95,Agro-industriales,CAJA CHICA,LITRO
20260206,PIURA,PIURA,PIURA,200101,20260121,Lenteja,4.95,8.1,Menestras,KILOGRAMO,KILOGRAMO
20260206,PIURA,PIURA,PIURA,200101,20260121,Platano bellaco,2.18,3.95,Frutas,LITRO,LITRO
20260206,PIURA,PIURA,PIURA,200101,20260121,Huevos rosados,5.6,10,Carnes y huevos,KILOGRAMO,KILOGRAMO
20260206,PIURA,PIURA,PIURA,200101,20260121,Leche fresca,3,4.9,Agro-industriales,LITRO,LITRO
20260206,PIURA,PIURA,PIURA,200101,20260121,Haba verde serrana,2.59,4.65,Legumbres,KILOGRAMO,KILOGRAMO
20260206,PIURA,PIURA,PIURA,200101,20260121,Garbanzo,4.61,10.05,Menestras,KILOGRAMO,KILOGRAMO
20260206,PIURA,PIURA,PIURA,200101,20260121,Pina criolla,1.9,2.4,Frutas,KILOGRAMO,KILOGRAMO
20260206,PIURA,PIURA,PIURA,200101,20260121,Frijol castilla,3.93,6.4,Menestras,KILOGRAMO,KILOGRAMO
20260206,PIURA,PIURA,PIURA,200101,20260121,Frijol canario,5.41,8.15,Menestras,KILOGRAMO,KILOGRAMO
20260206,PIURA,PIURA,PIURA,200101,20260121,Pallar,5.45,8.15,Menestras,KILOGRAMO,KILOGRAMO
20260206,PIURA,PIURA,PIURA,200101,20260121,Olluco largo,3.05,3.7,Tuberculos,KILOGRAMO,KILOGRAMO
20260206,PIURA,PIURA,PIURA,200101,20260121,Naranja valencia,2.44,3.25,Frutas,KILOGRAMO,KILOGRAMO
20260206,PIURA,PIURA,PIURA,200101,20260121,Chirimoya cumbe,4.6,10.35,Frutas,CAJON CHICO,KILOGRAMO
20260206,PIURA,PIURA,PIURA,200101,20260121,Papaya,2.05,3,Frutas,KILOGRAMO,KILOGRAMO
20260206,PIURA,PIURA,PIURA,200101,20260121,Palta fuerte,5.15,9.4,Frutas,KILOGRAMO,KILOGRAMO
20260206,PIURA,PIURA,PIURA,200101,20260121,Uva alfonso lavalett,3.75,6.35,Frutas,KILOGRAMO,KILOGRAMO
20260206,PIURA,PIURA,PIURA,200101,20260121,Melon coquito,2.13,2.85,Frutas,KILOGRAMO,KILOGRAMO
20260206,PIURA,PIURA,PIURA,200101,20260121,Cebolla cabeza roja,1.66,3.55,Hortalizas,SACO,KILOGRAMO
20260206,PIURA,PIURA,PIURA,200101,20260121,Carne de porcino (corte unico),16.9,20.75,Carnes y huevos,UNIDAD,KILOGRAMO
20260206,PIURA,PIURA,PIURA,200101,20260121,Papa canchan,1.47,2.55,Tuberculos,SACO GRANDE,KILOGRAMO
20260206,PIURA,PIURA,PIURA,200101,20260121,Camote morado,1.89,3.65,Tuberculos,SACO GRANDE,KILOGRAMO
20260206,PIURA,PIURA,PIURA,200101,20260121,Melocoton durazno huayco,4.8,10.15,Frutas,KILOGRAMO,KILOGRAMO
20260206,PIURA,PIURA,PIURA,200101,20260121,Arveja verde blanca serrana,4.15,7.55,Legumbres,MALLA MEDIANA,KILOGRAMO
20260206,PIURA,PIURA,PIURA,200101,20260121,Manzana israel,3.28,5.3,Frutas,KILOGRAMO,KILOGRAMO
20260206,PIURA,PIURA,PIURA,200101,20260121,Ajo criollo o napuri,5.84,10.05,Hortalizas,MALLA MEDIANA,KILOGRAMO
20260206,PIURA,PIURA,PIURA,200101,20260121,Manzana delicia,2.05,4.1,Frutas,KILOGRAMO,KILOGRAMO
20260206,PIURA,PIURA,PIURA,200101,20260121,Azucar rubia nacional (granel),3.3,4.05,Agro-industriales,SACO NORMAL,KILOGRAMO
20260206,PIURA,PIURA,PIURA,200101,20260121,Mango edward,3.77,5.3,Frutas,KILOGRAMO,KILOGRAMO
20260206,PIURA,PIURA,PIURA,200101,20260121,Azucar blanca nacional (granel),3.47,4.45,Agro-industriales,SACO NORMAL,KILOGRAMO
20260206,PIURA,PIURA,PIURA,200101,20260121,Tomate,2.09,4.15,Hortalizas,KILOGRAMO,KILOGRAMO
20260206,PIURA,PIURA,PIURA,200101,20260121,Arroz superior,2.98,3.6,Cereales,SACO NORMAL,KILOGRAMO
20260206,PIURA,PIURA,PIURA,200101,20260121,Sandia,1.45,2.15,Frutas,KILOGRAMO,KILOGRAMO
20260206,PIURA,PIURA,PIURA,200101,20260121,Arroz extra,3.13,4.5,Cereales,SACO NORMAL,KILOGRAMO
20260206,PIURA,PIURA,PIURA,200101,20260121,Zapallo macre,1.78,3.4,Hortalizas,KILOGRAMO,KILOGRAMO
20260206,PIURA,PIURA,PIURA,200101,20260121,Yuca blanca,1.81,4.8,Tuberculos,KILOGRAMO,KILOGRAMO
20260206,PIURA,PIURA,PIURA,200101,20260121,Vainita americana,3.13,5.35,Legumbres,KILOGRAMO,KILOGRAMO
20260206,PIURA,PIURA,PIURA,200101,20260121,Papa amarilla,3.53,5.45,Tuberculos,SACO GRANDE,KILOGRAMO
20260206,PIURA,PIURA,PIURA,200101,20260121,Uva red globe,2.96,0,Frutas,KILOGRAMO,KILOGRAMO
20260206,PIURA,PIURA,PIURA,200101,20260121,Zanahoria,1.78,3.25,Hortalizas,SACO MEDIANO,KILOGRAMO
20260206,PIURA,PIURA,PIURA,200101,20260121,Uva italia,3.38,6.9,Frutas,KILOGRAMO,KILOGRAMO
20260206,PIURA,PIURA,PIURA,200101,20260121,Leche reconstituida (azul) 395 gr,3.59,4.05,Agro-industriales,CAJA,LATA
20260206,PIURA,PIURA,PIURA,200101,20260121,Fideos nicolini tallarin,4.8,6.75,Agro-industriales,PAQUETE,KILOGRAMO
20260206,PIURA,PIURA,PIURA,200101,20260121,Platano seda congo,1.54,4.4,Frutas,KILOGRAMO,KILOGRAMO
20260206,PIURA,PIURA,PIURA,200101,20260119,Pallar,5.45,8.15,Menestras,KILOGRAMO,KILOGRAMO
20260206,PIURA,PIURA,PIURA,200101,20260119,Olluco largo,3.05,3.7,Tuberculos,KILOGRAMO,KILOGRAMO
20260206,PIURA,PIURA,PIURA,200101,20260119,Naranja valencia,2.44,3.25,Frutas,KILOGRAMO,KILOGRAMO
20260206,PIURA,PIURA,PIURA,200101,20260119,Chirimoya cumbe,4.6,10.35,Frutas,CAJON CHICO,KILOGRAMO
20260206,PIURA,PIURA,PIURA,200101,20260119,Papaya,2.05,3,Frutas,KILOGRAMO,KILOGRAMO
20260206,PIURA,PIURA,PIURA,200101,20260119,Palta fuerte,5.15,9.65,Frutas,KILOGRAMO,KILOGRAMO
20260206,PIURA,PIURA,PIURA,200101,20260119,Uva alfonso lavalett,3.75,6.4,Frutas,KILOGRAMO,KILOGRAMO
20260206,PIURA,PIURA,PIURA,200101,20260119,Melon coquito,2.13,2.85,Frutas,KILOGRAMO,KILOGRAMO
20260206,PIURA,PIURA,PIURA,200101,20260119,Cebolla cabeza roja,1.66,3.55,Hortalizas,SACO,KILOGRAMO
20260206,PIURA,PIURA,PIURA,200101,20260119,Carne de porcino (corte unico),16.9,20.75,Carnes y huevos,UNIDAD,KILOGRAMO
20260206,PIURA,PIURA,PIURA,200101,20260119,Papa canchan,1.47,2.5,Tuberculos,SACO GRANDE,KILOGRAMO
20260206,PIURA,PIURA,PIURA,200101,20260119,Melocoton durazno huayco,4.8,10.15,Frutas,KILOGRAMO,KILOGRAMO
20260206,PIURA,PIURA,PIURA,200101,20260119,Arveja verde blanca serrana,4.15,7.55,Legumbres,MALLA MEDIANA,KILOGRAMO
20260206,PIURA,PIURA,PIURA,200101,20260119,Manzana israel,3.28,5.35,Frutas,KILOGRAMO,KILOGRAMO
20260206,PIURA,PIURA,PIURA,200101,20260119,Ajo criollo o napuri,5.84,10.05,Hortalizas,MALLA MEDIANA,KILOGRAMO
20260206,PIURA,PIURA,PIURA,200101,20260119,Manzana delicia,2.05,4.1,Frutas,KILOGRAMO,KILOGRAMO
20260206,PIURA,PIURA,PIURA,200101,20260119,Azucar rubia nacional (granel),3.3,4.05,Agro-industriales,SACO NORMAL,KILOGRAMO
20260206,PIURA,PIURA,PIURA,200101,20260119,Mango edward,3.77,5.3,Frutas,KILOGRAMO,KILOGRAMO
20260206,PIURA,PIURA,PIURA,200101,20260119,Azucar blanca nacional (granel),3.47,4.45,Agro-industriales,SACO NORMAL,KILOGRAMO
20260206,PIURA,PIURA,PIURA,200101,20260119,Tomate,2.09,4.15,Hortalizas,KILOGRAMO,KILOGRAMO
20260206,PIURA,PIURA,PIURA,200101,20260119,Arroz superior,2.98,3.6,Cereales,SACO NORMAL,KILOGRAMO
20260206,PIURA,PIURA,PIURA,200101,20260119,Sandia,1.45,2.15,Frutas,KILOGRAMO,KILOGRAMO
20260206,PIURA,PIURA,PIURA,200101,20260119,Arroz extra,3.13,4.5,Cereales,SACO NORMAL,KILOGRAMO
20260206,PIURA,PIURA,PIURA,200101,20260119,Zapallo macre,1.78,3.4,Hortalizas,KILOGRAMO,KILOGRAMO
20260206,PIURA,PIURA,PIURA,200101,20260119,Yuca blanca,1.81,4.8,Tuberculos,KILOGRAMO,KILOGRAMO
20260206,PIURA,PIURA,PIURA,200101,20260119,Vainita americana,3.13,5.35,Legumbres,KILOGRAMO,KILOGRAMO
20260206,PIURA,PIURA,PIURA,200101,20260119,Papa amarilla,3.53,5.45,Tuberculos,SACO GRANDE,KILOGRAMO
20260206,PIURA,PIURA,PIURA,200101,20260119,Uva red globe,2.96,6.95,Frutas,KILOGRAMO,KILOGRAMO
20260206,PIURA,PIURA,PIURA,200101,20260119,Camote morado,1.89,3.65,Tuberculos,SACO GRANDE,KILOGRAMO
20260206,PIURA,PIURA,PIURA,200101,20260119,Zanahoria,1.78,3.3,Hortalizas,SACO MEDIANO,KILOGRAMO
20260206,PIURA,PIURA,PIURA,200101,20260119,Uva italia,3.38,6.9,Frutas,KILOGRAMO,KILOGRAMO
20260206,PIURA,PIURA,PIURA,200101,20260119,Leche reconstituida (azul) 395 gr,3.59,4.05,Agro-industriales,CAJA,LATA
20260206,PIURA,PIURA,PIURA,200101,20260119,Fideos nicolini tallarin,4.8,6.75,Agro-industriales,PAQUETE,KILOGRAMO
20260206,PIURA,PIURA,PIURA,200101,20260119,Choclo (tipo cusco),5.2,9.5,Cereales,CIENTO,UNIDAD
20260206,PIURA,PIURA,PIURA,200101,20260119,Platano seda congo,1.54,4.4,Frutas,KILOGRAMO,KILOGRAMO
20260206,PIURA,PIURA,PIURA,200101,20260119,Carne de pollo (eviscerado),8.1,8.85,Carnes y huevos,KILOGRAMO,KILOGRAMO
20260206,PIURA,PIURA,PIURA,200101,20260119,Aji rocoto,5.4,6.75,Hortalizas,KILOGRAMO,KILOGRAMO
20260206,PIURA,PIURA,PIURA,200101,20260119,Aji escabeche,2.46,3.05,Hortalizas,KILOGRAMO,MALLA
20260206,PIURA,PIURA,PIURA,200101,20260119,Limon sutil bolsa,1.78,2.35,Frutas,KILOGRAMO,KILOGRAMO
20260206,PIURA,PIURA,PIURA,200101,20260119,Aceite clasico botella 900 ml,8.08,10.05,Agro-industriales,CAJA CHICA,LITRO
20260206,PIURA,PIURA,PIURA,200101,20260119,Lenteja,4.95,8.1,Menestras,KILOGRAMO,KILOGRAMO
20260206,PIURA,PIURA,PIURA,200101,20260119,Platano bellaco,2.18,4.05,Frutas,LITRO,LITRO
20260206,PIURA,PIURA,PIURA,200101,20260119,Huevos rosados,5.6,10,Carnes y huevos,KILOGRAMO,KILOGRAMO
20260206,PIURA,PIURA,PIURA,200101,20260119,Leche fresca,3,4.9,Agro-industriales,LITRO,LITRO
20260206,PIURA,PIURA,PIURA,200101,20260119,Haba verde serrana,2.59,4.55,Legumbres,KILOGRAMO,KILOGRAMO
20260206,PIURA,PIURA,PIURA,200101,20260119,Garbanzo,4.61,10.05,Menestras,KILOGRAMO,KILOGRAMO
20260206,PIURA,PIURA,PIURA,200101,20260119,Pina criolla,1.9,2.4,Frutas,KILOGRAMO,KILOGRAMO
20260206,PIURA,PIURA,PIURA,200101,20260119,Frijol castilla,3.93,6.45,Menestras,KILOGRAMO,KILOGRAMO
20260206,PIURA,PIURA,PIURA,200101,20260119,Frijol canario,5.41,8.15,Menestras,KILOGRAMO,KILOGRAMO
20260206,PIURA,PIURA,PIURA,200101,20260119,Carne fresca de vacuno,19.5,21.05,Carnes y huevos,KILOGRAMO,KILOGRAMO
20260206,PIURA,PIURA,PIURA,200101,20260114,Uva alfonso lavalett,3.71,6.4,Frutas,KILOGRAMO,KILOGRAMO
20260206,PIURA,PIURA,PIURA,200101,20260114,Melon coquito,2.13,2.85,Frutas,KILOGRAMO,KILOGRAMO
20260206,PIURA,PIURA,PIURA,200101,20260114,Cebolla cabeza roja,1.72,3.55,Hortalizas,SACO,KILOGRAMO
20260206,PIURA,PIURA,PIURA,200101,20260114,Carne de porcino (corte unico),16.7,20.75,Carnes y huevos,UNIDAD,KILOGRAMO
20260206,PIURA,PIURA,PIURA,200101,20260114,Papa canchan,1.47,2.55,Tuberculos,SACO GRANDE,KILOGRAMO
20260206,PIURA,PIURA,PIURA,200101,20260114,Melocoton durazno huayco,4.58,10.45,Frutas,KILOGRAMO,KILOGRAMO
20260206,PIURA,PIURA,PIURA,200101,20260114,Arveja verde blanca serrana,4.18,7.55,Legumbres,MALLA MEDIANA,KILOGRAMO
20260206,PIURA,PIURA,PIURA,200101,20260114,Manzana israel,3.28,5.35,Frutas,KILOGRAMO,KILOGRAMO
20260206,PIURA,PIURA,PIURA,200101,20260114,Ajo criollo o napuri,5.84,10,Hortalizas,MALLA MEDIANA,KILOGRAMO
20260206,PIURA,PIURA,PIURA,200101,20260114,Manzana delicia,2.18,4.1,Frutas,KILOGRAMO,KILOGRAMO
20260206,PIURA,PIURA,PIURA,200101,20260114,Azucar rubia nacional (granel),3.31,4,Agro-industriales,SACO NORMAL,KILOGRAMO
20260206,PIURA,PIURA,PIURA,200101,20260114,Mango edward,3.9,5.45,Frutas,KILOGRAMO,KILOGRAMO
20260206,PIURA,PIURA,PIURA,200101,20260114,Azucar blanca nacional (granel),3.47,4.45,Agro-industriales,SACO NORMAL,KILOGRAMO
20260206,PIURA,PIURA,PIURA,200101,20260114,Tomate,2.09,4.15,Hortalizas,KILOGRAMO,KILOGRAMO
20260206,PIURA,PIURA,PIURA,200101,20260114,Arroz superior,2.99,3.6,Cereales,SACO NORMAL,KILOGRAMO
20260206,PIURA,PIURA,PIURA,200101,20260114,Sandia,1.45,2.15,Frutas,KILOGRAMO,KILOGRAMO
20260206,PIURA,PIURA,PIURA,200101,20260114,Arroz extra,3.12,4.45,Cereales,SACO NORMAL,KILOGRAMO
20260206,PIURA,PIURA,PIURA,200101,20260114,Zapallo macre,1.82,3.4,Hortalizas,KILOGRAMO,KILOGRAMO
20260206,PIURA,PIURA,PIURA,200101,20260114,Yuca blanca,1.81,4.8,Tuberculos,KILOGRAMO,KILOGRAMO
20260206,PIURA,PIURA,PIURA,200101,20260114,Vainita americana,3.13,5.35,Legumbres,KILOGRAMO,KILOGRAMO
20260206,PIURA,PIURA,PIURA,200101,20260114,Papa amarilla,3.53,5.45,Tuberculos,SACO GRANDE,KILOGRAMO
20260206,PIURA,PIURA,PIURA,200101,20260114,Uva red globe,2.96,6.95,Frutas,KILOGRAMO,KILOGRAMO
20260206,PIURA,PIURA,PIURA,200101,20260114,Camote morado,1.89,3.65,Tuberculos,SACO GRANDE,KILOGRAMO
20260206,PIURA,PIURA,PIURA,200101,20260114,Uva italia,3.38,6.9,Frutas,KILOGRAMO,KILOGRAMO
20260206,PIURA,PIURA,PIURA,200101,20260114,Leche reconstituida (azul) 395 gr,3.59,4.05,Agro-industriales,CAJA,LATA
20260206,PIURA,PIURA,PIURA,200101,20260114,Fideos nicolini tallarin,4.8,6.75,Agro-industriales,PAQUETE,KILOGRAMO
20260206,PIURA,PIURA,PIURA,200101,20260114,Choclo (tipo cusco),5.2,9.5,Cereales,CIENTO,UNIDAD
20260206,PIURA,PIURA,PIURA,200101,20260114,Platano seda congo,1.54,4.35,Frutas,KILOGRAMO,KILOGRAMO
20260206,PIURA,PIURA,PIURA,200101,20260114,Zanahoria,1.78,3.3,Hortalizas,SACO MEDIANO,KILOGRAMO
20260206,PIURA,PIURA,PIURA,200101,20260114,Carne de pollo (eviscerado),8.7,9.9,Carnes y huevos,KILOGRAMO,KILOGRAMO
20260206,PIURA,PIURA,PIURA,200101,20260114,Aji rocoto,5.4,6.75,Hortalizas,KILOGRAMO,KILOGRAMO
20260206,PIURA,PIURA,PIURA,200101,20260114,Aji escabeche,2.46,3.65,Hortalizas,KILOGRAMO,MALLA
20260206,PIURA,PIURA,PIURA,200101,20260114,Limon sutil bolsa,1.82,2.55,Frutas,KILOGRAMO,KILOGRAMO
20260206,PIURA,PIURA,PIURA,200101,20260114,Aceite clasico botella 900 ml,8.08,10.05,Agro-industriales,CAJA CHICA,LITRO
20260206,PIURA,PIURA,PIURA,200101,20260114,Lenteja,4.95,8.05,Menestras,KILOGRAMO,KILOGRAMO
20260206,PIURA,PIURA,PIURA,200101,20260114,Platano bellaco,2.11,4.05,Frutas,LITRO,LITRO
20260206,PIURA,PIURA,PIURA,200101,20260114,Huevos rosados,5.71,10,Carnes y huevos,KILOGRAMO,KILOGRAMO
20260206,PIURA,PIURA,PIURA,200101,20260114,Leche fresca,3,4.9,Agro-industriales,LITRO,LITRO
20260206,PIURA,PIURA,PIURA,200101,20260114,Haba verde serrana,2.59,4.55,Legumbres,KILOGRAMO,KILOGRAMO
20260206,PIURA,PIURA,PIURA,200101,20260114,Garbanzo,4.61,9.65,Menestras,KILOGRAMO,KILOGRAMO
20260206,PIURA,PIURA,PIURA,200101,20260114,Pina criolla,1.9,2.4,Frutas,KILOGRAMO,KILOGRAMO
20260206,PIURA,PIURA,PIURA,200101,20260114,Frijol castilla,3.95,6.45,Menestras,KILOGRAMO,KILOGRAMO
20260206,PIURA,PIURA,PIURA,200101,20260114,Frijol canario,5.41,8.15,Menestras,KILOGRAMO,KILOGRAMO
20260206,PIURA,PIURA,PIURA,200101,20260114,Carne fresca de vacuno,18,22.3,Carnes y huevos,KILOGRAMO,KILOGRAMO
20260206,PIURA,PIURA,PIURA,200101,20260114,Pallar,5.45,8.15,Menestras,KILOGRAMO,KILOGRAMO
20260206,PIURA,PIURA,PIURA,200101,20260114,Olluco largo,3.05,3.7,Tuberculos,KILOGRAMO,KILOGRAMO
20260206,PIURA,PIURA,PIURA,200101,20260114,Naranja valencia,2.44,3.25,Frutas,KILOGRAMO,KILOGRAMO
20260206,PIURA,PIURA,PIURA,200101,20260114,Chirimoya cumbe,4.6,10.35,Frutas,CAJON CHICO,KILOGRAMO
20260206,PIURA,PIURA,PIURA,200101,20260114,Papaya,2.05,3,Frutas,KILOGRAMO,KILOGRAMO
20260206,PIURA,PIURA,PIURA,200101,20260114,Palta fuerte,5.21,10.15,Frutas,KILOGRAMO,KILOGRAMO
20260206,PIURA,PIURA,PIURA,200101,20260112,Cebolla cabeza roja,1.67,3.55,Hortalizas,SACO,KILOGRAMO
20260206,PIURA,PIURA,PIURA,200101,20260112,Carne de porcino (corte unico),16.55,20,Carnes y huevos,UNIDAD,KILOGRAMO
20260206,PIURA,PIURA,PIURA,200101,20260112,Papa canchan,1.46,2.55,Tuberculos,SACO GRANDE,KILOGRAMO
20260206,PIURA,PIURA,PIURA,200101,20260112,Melocoton durazno huayco,4.55,10.4,Frutas,KILOGRAMO,KILOGRAMO
20260206,PIURA,PIURA,PIURA,200101,20260112,Arveja verde blanca serrana,4.21,7.55,Legumbres,MALLA MEDIANA,KILOGRAMO
20260206,PIURA,PIURA,PIURA,200101,20260112,Manzana israel,3.23,5.35,Frutas,KILOGRAMO,KILOGRAMO
20260206,PIURA,PIURA,PIURA,200101,20260112,Ajo criollo o napuri,5.69,10,Hortalizas,MALLA MEDIANA,KILOGRAMO
20260206,PIURA,PIURA,PIURA,200101,20260112,Manzana delicia,2.08,4.1,Frutas,KILOGRAMO,KILOGRAMO
20260206,PIURA,PIURA,PIURA,200101,20260112,Azucar rubia nacional (granel),3.3,4.05,Agro-industriales,SACO NORMAL,KILOGRAMO
20260206,PIURA,PIURA,PIURA,200101,20260112,Mango edward,3.7,5.5,Frutas,KILOGRAMO,KILOGRAMO
20260206,PIURA,PIURA,PIURA,200101,20260112,Azucar blanca nacional (granel),3.47,4.45,Agro-industriales,SACO NORMAL,KILOGRAMO
20260206,PIURA,PIURA,PIURA,200101,20260112,Tomate,2.02,4.1,Hortalizas,KILOGRAMO,KILOGRAMO
20260206,PIURA,PIURA,PIURA,200101,20260112,Arroz superior,2.97,3.6,Cereales,SACO NORMAL,KILOGRAMO
20260206,PIURA,PIURA,PIURA,200101,20260112,Sandia,1.55,2.15,Frutas,KILOGRAMO,KILOGRAMO
20260206,PIURA,PIURA,PIURA,200101,20260112,Arroz extra,3.14,4.5,Cereales,SACO NORMAL,KILOGRAMO
20260206,PIURA,PIURA,PIURA,200101,20260112,Zapallo macre,1.82,3.4,Hortalizas,KILOGRAMO,KILOGRAMO
20260206,PIURA,PIURA,PIURA,200101,20260112,Yuca blanca,1.79,4.75,Tuberculos,KILOGRAMO,KILOGRAMO
20260206,PIURA,PIURA,PIURA,200101,20260112,Vainita americana,3.12,5.35,Legumbres,KILOGRAMO,KILOGRAMO
20260206,PIURA,PIURA,PIURA,200101,20260112,Papa amarilla,3.56,5.45,Tuberculos,SACO GRANDE,KILOGRAMO
20260206,PIURA,PIURA,PIURA,200101,20260112,Uva red globe,2.83,7.05,Frutas,KILOGRAMO,KILOGRAMO
20260206,PIURA,PIURA,PIURA,200101,20260112,Camote morado,1.86,3.65,Tuberculos,SACO GRANDE,KILOGRAMO
20260206,PIURA,PIURA,PIURA,200101,20260112,Uva italia,3.33,6.75,Frutas,KILOGRAMO,KILOGRAMO
20260206,PIURA,PIURA,PIURA,200101,20260112,Leche reconstituida (azul) 395 gr,3.59,3.95,Agro-industriales,CAJA,LATA
20260206,PIURA,PIURA,PIURA,200101,20260112,Fideos nicolini tallarin,4.75,6.75,Agro-industriales,PAQUETE,KILOGRAMO
20260206,PIURA,PIURA,PIURA,200101,20260112,Choclo (tipo cusco),5.24,9.5,Cereales,CIENTO,UNIDAD
20260206,PIURA,PIURA,PIURA,200101,20260112,Platano seda congo,1.54,4.45,Frutas,KILOGRAMO,KILOGRAMO
20260206,PIURA,PIURA,PIURA,200101,20260112,Zanahoria,1.78,3.3,Hortalizas,SACO MEDIANO,KILOGRAMO
20260206,PIURA,PIURA,PIURA,200101,20260112,Carne de pollo (eviscerado),8.7,9.9,Carnes y huevos,KILOGRAMO,KILOGRAMO
20260206,PIURA,PIURA,PIURA,200101,20260112,Aji rocoto,5.4,6.75,Hortalizas,KILOGRAMO,KILOGRAMO
20260206,PIURA,PIURA,PIURA,200101,20260112,Aji escabeche,2.47,3.55,Hortalizas,KILOGRAMO,MALLA
20260206,PIURA,PIURA,PIURA,200101,20260112,Limon sutil bolsa,1.82,2.6,Frutas,KILOGRAMO,KILOGRAMO
20260206,PIURA,PIURA,PIURA,200101,20260112,Aceite clasico botella 900 ml,8.13,10,Agro-industriales,CAJA CHICA,LITRO
20260206,PIURA,PIURA,PIURA,200101,20260112,Lenteja,4.95,8.1,Menestras,KILOGRAMO,KILOGRAMO
20260206,PIURA,PIURA,PIURA,200101,20260112,Platano bellaco,2.11,4.05,Frutas,LITRO,LITRO
20260206,PIURA,PIURA,PIURA,200101,20260112,Huevos rosados,5.75,10,Carnes y huevos,KILOGRAMO,KILOGRAMO
20260206,PIURA,PIURA,PIURA,200101,20260112,Leche fresca,3.05,4.9,Agro-industriales,LITRO,LITRO
20260206,PIURA,PIURA,PIURA,200101,20260112,Haba verde serrana,2.59,4.55,Legumbres,KILOGRAMO,KILOGRAMO
20260206,PIURA,PIURA,PIURA,200101,20260112,Garbanzo,4.58,9.55,Menestras,KILOGRAMO,KILOGRAMO
20260206,PIURA,PIURA,PIURA,200101,20260112,Pina criolla,1.9,2.4,Frutas,KILOGRAMO,KILOGRAMO
20260206,PIURA,PIURA,PIURA,200101,20260112,Frijol castilla,3.95,6.45,Menestras,KILOGRAMO,KILOGRAMO
20260206,PIURA,PIURA,PIURA,200101,20260112,Frijol canario,5.43,8.1,Menestras,KILOGRAMO,KILOGRAMO
20260206,PIURA,PIURA,PIURA,200101,20260112,Carne fresca de vacuno,18,22.3,Carnes y huevos,KILOGRAMO,KILOGRAMO
20260206,PIURA,PIURA,PIURA,200101,20260112,Pallar,5.35,8.15,Menestras,KILOGRAMO,KILOGRAMO
20260206,PIURA,PIURA,PIURA,200101,20260112,Olluco largo,3.1,4.05,Tuberculos,KILOGRAMO,KILOGRAMO
20260206,PIURA,PIURA,PIURA,200101,20260112,Naranja valencia,2.44,3.25,Frutas,KILOGRAMO,KILOGRAMO
20260206,PIURA,PIURA,PIURA,200101,20260112,Chirimoya cumbe,4.5,10.35,Frutas,CAJON CHICO,KILOGRAMO
20260206,PIURA,PIURA,PIURA,200101,20260112,Papaya,2.05,3.05,Frutas,KILOGRAMO,KILOGRAMO
20260206,PIURA,PIURA,PIURA,200101,20260112,Palta fuerte,5.06,10.15,Frutas,KILOGRAMO,KILOGRAMO
20260206,PIURA,PIURA,PIURA,200101,20260112,Uva alfonso lavalett,3.71,6.25,Frutas,KILOGRAMO,KILOGRAMO
20260206,PIURA,PIURA,PIURA,200101,20260112,Melon coquito,1.96,2.75,Frutas,KILOGRAMO,KILOGRAMO
20260106,PIURA,PIURA,PIURA,200101,20251217,Melocoton durazno huayco,4.65,10.5,Frutas,KILOGRAMO,KILOGRAMO
20260106,PIURA,PIURA,PIURA,200101,20251217,Arveja verde blanca serrana,4.03,7.55,Legumbres,MALLA MEDIANA,KILOGRAMO
20260106,PIURA,PIURA,PIURA,200101,20251217,Manzana israel,3.2,5.55,Frutas,KILOGRAMO,KILOGRAMO
20260106,PIURA,PIURA,PIURA,200101,20251217,Ajo criollo o napuri,6.37,10.25,Hortalizas,MALLA MEDIANA,KILOGRAMO
20260106,PIURA,PIURA,PIURA,200101,20251217,Manzana delicia,2.13,4.3,Frutas,KILOGRAMO,KILOGRAMO
20260106,PIURA,PIURA,PIURA,200101,20251217,Azucar rubia nacional (granel),3.36,4.25,Agro-industriales,SACO NORMAL,KILOGRAMO
20260106,PIURA,PIURA,PIURA,200101,20251217,Mango edward,3.57,5.65,Frutas,KILOGRAMO,KILOGRAMO
20260106,PIURA,PIURA,PIURA,200101,20251217,Azucar blanca nacional (granel),3.56,4.45,Agro-industriales,SACO NORMAL,KILOGRAMO
20260106,PIURA,PIURA,PIURA,200101,20251217,Tomate,2.05,4.1,Hortalizas,KILOGRAMO,KILOGRAMO
20260106,PIURA,PIURA,PIURA,200101,20251217,Arroz superior,3,3.7,Cereales,SACO NORMAL,KILOGRAMO
20260106,PIURA,PIURA,PIURA,200101,20251217,Sandia,1.55,2.15,Frutas,KILOGRAMO,KILOGRAMO
20260106,PIURA,PIURA,PIURA,200101,20251217,Arroz extra,3.17,4.5,Cereales,SACO NORMAL,KILOGRAMO
20260106,PIURA,PIURA,PIURA,200101,20251217,Zapallo macre,1.82,3.4,Hortalizas,KILOGRAMO,KILOGRAMO
20260106,PIURA,PIURA,PIURA,200101,20251217,Yuca blanca,1.79,4.65,Tuberculos,KILOGRAMO,KILOGRAMO
20260106,PIURA,PIURA,PIURA,200101,20251217,Vainita americana,3.25,5.35,Legumbres,KILOGRAMO,KILOGRAMO
20260106,PIURA,PIURA,PIURA,200101,20251217,Papa amarilla,3.46,5.35,Tuberculos,SACO GRANDE,KILOGRAMO
20260106,PIURA,PIURA,PIURA,200101,20251217,Uva red globe,4.21,7.35,Frutas,KILOGRAMO,KILOGRAMO
20260106,PIURA,PIURA,PIURA,200101,20251217,Camote morado,1.9,3.65,Tuberculos,SACO GRANDE,KILOGRAMO
20260106,PIURA,PIURA,PIURA,200101,20251217,Uva italia,3.83,6.35,Frutas,KILOGRAMO,KILOGRAMO
20260106,PIURA,PIURA,PIURA,200101,20251217,Leche reconstituida (azul) 395 gr,3.6,4.2,Agro-industriales,CAJA,LATA
20260106,PIURA,PIURA,PIURA,200101,20251217,Fideos nicolini tallarin,4.75,6.75,Agro-industriales,PAQUETE,KILOGRAMO
20260106,PIURA,PIURA,PIURA,200101,20251217,Choclo (tipo cusco),5.42,9.4,Cereales,CIENTO,UNIDAD
20260106,PIURA,PIURA,PIURA,200101,20251217,Platano seda congo,1.68,4.45,Frutas,KILOGRAMO,KILOGRAMO
20260106,PIURA,PIURA,PIURA,200101,20251217,Zanahoria,1.86,3.35,Hortalizas,SACO MEDIANO,KILOGRAMO
20260106,PIURA,PIURA,PIURA,200101,20251217,Carne de pollo (eviscerado),8.65,10.5,Carnes y huevos,KILOGRAMO,KILOGRAMO
20260106,PIURA,PIURA,PIURA,200101,20251217,Aji rocoto,5.7,6.7,Hortalizas,KILOGRAMO,KILOGRAMO
20260106,PIURA,PIURA,PIURA,200101,20251217,Aji escabeche,2.46,3.45,Hortalizas,KILOGRAMO,MALLA
20260106,PIURA,PIURA,PIURA,200101,20251217,Limon sutil bolsa,2.13,2.9,Frutas,KILOGRAMO,KILOGRAMO
20260106,PIURA,PIURA,PIURA,200101,20251217,Aceite clasico botella 900 ml,9.03,10,Agro-industriales,CAJA CHICA,LITRO
20260106,PIURA,PIURA,PIURA,200101,20251217,Lenteja,4.95,8.35,Menestras,KILOGRAMO,KILOGRAMO
20260106,PIURA,PIURA,PIURA,200101,20251217,Platano bellaco,2.11,4.1,Frutas,LITRO,LITRO
20260106,PIURA,PIURA,PIURA,200101,20251217,Huevos rosados,5.73,10,Carnes y huevos,KILOGRAMO,KILOGRAMO
20260106,PIURA,PIURA,PIURA,200101,20251217,Leche fresca,3,4.9,Agro-industriales,LITRO,LITRO
20260106,PIURA,PIURA,PIURA,200101,20251217,Haba verde serrana,2,4.6,Legumbres,KILOGRAMO,KILOGRAMO
20260106,PIURA,PIURA,PIURA,200101,20251217,Garbanzo,4.8,9.7,Menestras,KILOGRAMO,KILOGRAMO
20260106,PIURA,PIURA,PIURA,200101,20251217,Pina criolla,1.9,2.4,Frutas,KILOGRAMO,KILOGRAMO
20260106,PIURA,PIURA,PIURA,200101,20251217,Frijol castilla,4.08,6.45,Menestras,KILOGRAMO,KILOGRAMO
20260106,PIURA,PIURA,PIURA,200101,20251217,Frijol canario,5.43,7.95,Menestras,KILOGRAMO,KILOGRAMO
20260106,PIURA,PIURA,PIURA,200101,20251217,Carne fresca de vacuno,16.5,22.3,Carnes y huevos,KILOGRAMO,KILOGRAMO
20260106,PIURA,PIURA,PIURA,200101,20251217,Pallar,5.85,8.1,Menestras,KILOGRAMO,KILOGRAMO
20260106,PIURA,PIURA,PIURA,200101,20251217,Olluco largo,3.25,4,Tuberculos,KILOGRAMO,KILOGRAMO
20260106,PIURA,PIURA,PIURA,200101,20251217,Naranja valencia,2.44,3.45,Frutas,KILOGRAMO,KILOGRAMO
20260106,PIURA,PIURA,PIURA,200101,20251217,Chirimoya cumbe,4.5,10.6,Frutas,CAJON CHICO,KILOGRAMO
20260106,PIURA,PIURA,PIURA,200101,20251217,Papaya,2,3.05,Frutas,KILOGRAMO,KILOGRAMO
20260106,PIURA,PIURA,PIURA,200101,20251217,Palta fuerte,5.05,6.75,Frutas,KILOGRAMO,KILOGRAMO
20260106,PIURA,PIURA,PIURA,200101,20251217,Uva alfonso lavalett,3.75,6.4,Frutas,KILOGRAMO,KILOGRAMO
20260106,PIURA,PIURA,PIURA,200101,20251217,Melon coquito,2.21,2.8,Frutas,KILOGRAMO,KILOGRAMO
20260106,PIURA,PIURA,PIURA,200101,20251217,Cebolla cabeza roja,1.67,3.8,Hortalizas,SACO,KILOGRAMO
20260106,PIURA,PIURA,PIURA,200101,20251217,Carne de porcino (corte unico),16.75,19.75,Carnes y huevos,UNIDAD,KILOGRAMO
20260106,PIURA,PIURA,PIURA,200101,20251217,Papa canchan,1.39,2.55,Tuberculos,SACO GRANDE,KILOGRAMO
20260106,PIURA,PIURA,PIURA,200101,20251215,Uva italia,3.63,6.35,Frutas,KILOGRAMO,KILOGRAMO
20260106,PIURA,PIURA,PIURA,200101,20251215,Leche reconstituida (azul) 395 gr,3.6,4.2,Agro-industriales,CAJA,LATA
20260106,PIURA,PIURA,PIURA,200101,20251215,Fideos nicolini tallarin,4.75,6.75,Agro-industriales,PAQUETE,KILOGRAMO
20260106,PIURA,PIURA,PIURA,200101,20251215,Choclo (tipo cusco),5.42,9.4,Cereales,CIENTO,UNIDAD
20260106,PIURA,PIURA,PIURA,200101,20251215,Platano seda congo,1.82,4.45,Frutas,KILOGRAMO,KILOGRAMO
20260106,PIURA,PIURA,PIURA,200101,20251215,Zanahoria,1.96,3.35,Hortalizas,SACO MEDIANO,KILOGRAMO
20260106,PIURA,PIURA,PIURA,200101,20251215,Carne de pollo (eviscerado),8.4,9.85,Carnes y huevos,KILOGRAMO,KILOGRAMO
20260106,PIURA,PIURA,PIURA,200101,20251215,Aji rocoto,5.7,6.7,Hortalizas,KILOGRAMO,KILOGRAMO
20260106,PIURA,PIURA,PIURA,200101,20251215,Aji escabeche,2.46,3.45,Hortalizas,KILOGRAMO,MALLA
20260106,PIURA,PIURA,PIURA,200101,20251215,Limon sutil bolsa,2.73,3.05,Frutas,KILOGRAMO,KILOGRAMO
20260106,PIURA,PIURA,PIURA,200101,20251215,Aceite clasico botella 900 ml,7.73,10.6,Agro-industriales,CAJA CHICA,LITRO
20260106,PIURA,PIURA,PIURA,200101,20251215,Lenteja,4.95,8.35,Menestras,KILOGRAMO,KILOGRAMO
20260106,PIURA,PIURA,PIURA,200101,20251215,Platano bellaco,2.11,4.1,Frutas,LITRO,LITRO
20260106,PIURA,PIURA,PIURA,200101,20251215,Huevos rosados,5.73,9.95,Carnes y huevos,KILOGRAMO,KILOGRAMO
20260106,PIURA,PIURA,PIURA,200101,20251215,Leche fresca,3,4.9,Agro-industriales,LITRO,LITRO
20260106,PIURA,PIURA,PIURA,200101,20251215,Haba verde serrana,2,4.6,Legumbres,KILOGRAMO,KILOGRAMO
20260106,PIURA,PIURA,PIURA,200101,20251215,Garbanzo,4.88,9.7,Menestras,KILOGRAMO,KILOGRAMO
20260106,PIURA,PIURA,PIURA,200101,20251215,Pina criolla,1.9,2.4,Frutas,KILOGRAMO,KILOGRAMO
20260106,PIURA,PIURA,PIURA,200101,20251215,Frijol castilla,4.08,6.45,Menestras,KILOGRAMO,KILOGRAMO
20260106,PIURA,PIURA,PIURA,200101,20251215,Frijol canario,5.49,7.35,Menestras,KILOGRAMO,KILOGRAMO
20260106,PIURA,PIURA,PIURA,200101,20251215,Carne fresca de vacuno,16.5,22.3,Carnes y huevos,KILOGRAMO,KILOGRAMO
20260106,PIURA,PIURA,PIURA,200101,20251215,Pallar,5.85,8.1,Menestras,KILOGRAMO,KILOGRAMO
20260106,PIURA,PIURA,PIURA,200101,20251215,Olluco largo,3.35,3.9,Tuberculos,KILOGRAMO,KILOGRAMO
20260106,PIURA,PIURA,PIURA,200101,20251215,Naranja valencia,2.56,3.45,Frutas,KILOGRAMO,KILOGRAMO
20260106,PIURA,PIURA,PIURA,200101,20251215,Chirimoya cumbe,4.5,10.6,Frutas,CAJON CHICO,KILOGRAMO
20260106,PIURA,PIURA,PIURA,200101,20251215,Papaya,2,3.05,Frutas,KILOGRAMO,KILOGRAMO
20260106,PIURA,PIURA,PIURA,200101,20251215,Palta fuerte,5.65,6.15,Frutas,KILOGRAMO,KILOGRAMO
20260106,PIURA,PIURA,PIURA,200101,20251215,Uva alfonso lavalett,3.71,6.4,Frutas,KILOGRAMO,KILOGRAMO
20260106,PIURA,PIURA,PIURA,200101,20251215,Melon coquito,2.21,2.8,Frutas,KILOGRAMO,KILOGRAMO
20260106,PIURA,PIURA,PIURA,200101,20251215,Tomate,2.07,4.1,Hortalizas,KILOGRAMO,KILOGRAMO
20260106,PIURA,PIURA,PIURA,200101,20251215,Cebolla cabeza roja,1.72,4.15,Hortalizas,SACO,KILOGRAMO
20260106,PIURA,PIURA,PIURA,200101,20251215,Carne de porcino (corte unico),16.75,19.2,Carnes y huevos,UNIDAD,KILOGRAMO
20260106,PIURA,PIURA,PIURA,200101,20251215,Papa canchan,1.34,2.55,Tuberculos,SACO GRANDE,KILOGRAMO
20260106,PIURA,PIURA,PIURA,200101,20251215,Arveja verde blanca serrana,4.08,7.55,Legumbres,MALLA MEDIANA,KILOGRAMO
20260106,PIURA,PIURA,PIURA,200101,20251215,Manzana israel,3.28,5.4,Frutas,KILOGRAMO,KILOGRAMO
20260106,PIURA,PIURA,PIURA,200101,20251215,Ajo criollo o napuri,8.14,16.15,Hortalizas,MALLA MEDIANA,KILOGRAMO
20260106,PIURA,PIURA,PIURA,200101,20251215,Manzana delicia,2.25,4.3,Frutas,KILOGRAMO,KILOGRAMO
20260106,PIURA,PIURA,PIURA,200101,20251215,Azucar rubia nacional (granel),3.18,4.7,Agro-industriales,SACO NORMAL,KILOGRAMO
20260106,PIURA,PIURA,PIURA,200101,20251215,Mango edward,4.03,5.65,Frutas,KILOGRAMO,KILOGRAMO
20260106,PIURA,PIURA,PIURA,200101,20251215,Azucar blanca nacional (granel),3.46,4.6,Agro-industriales,SACO NORMAL,KILOGRAMO
20260106,PIURA,PIURA,PIURA,200101,20251215,Arroz superior,2.85,3.7,Cereales,SACO NORMAL,KILOGRAMO
20260106,PIURA,PIURA,PIURA,200101,20251215,Sandia,1.55,2.15,Frutas,KILOGRAMO,KILOGRAMO
20260106,PIURA,PIURA,PIURA,200101,20251215,Arroz extra,3.17,4.5,Cereales,SACO NORMAL,KILOGRAMO
20260106,PIURA,PIURA,PIURA,200101,20251215,Zapallo macre,1.82,3.4,Hortalizas,KILOGRAMO,KILOGRAMO
20260106,PIURA,PIURA,PIURA,200101,20251215,Yuca blanca,1.77,4.65,Tuberculos,KILOGRAMO,KILOGRAMO
20260106,PIURA,PIURA,PIURA,200101,20251215,Vainita americana,3.29,5.65,Legumbres,KILOGRAMO,KILOGRAMO
20260106,PIURA,PIURA,PIURA,200101,20251215,Papa amarilla,3.45,5.35,Tuberculos,SACO GRANDE,KILOGRAMO
20260106,PIURA,PIURA,PIURA,200101,20251215,Uva red globe,4.21,7.35,Frutas,KILOGRAMO,KILOGRAMO
20260106,PIURA,PIURA,PIURA,200101,20251215,Camote morado,1.9,3.65,Tuberculos,SACO GRANDE,KILOGRAMO
20260106,PIURA,PIURA,PIURA,200101,20251215,Melocoton durazno huayco,4.65,10.5,Frutas,KILOGRAMO,KILOGRAMO
20260106,PIURA,PIURA,PIURA,200101,20251210,Uva italia,3.63,6.25,Frutas,KILOGRAMO,KILOGRAMO
20260106,PIURA,PIURA,PIURA,200101,20251210,Leche reconstituida (azul) 395 gr,3.6,4.2,Agro-industriales,CAJA,LATA
20260106,PIURA,PIURA,PIURA,200101,20251210,Fideos nicolini tallarin,4.85,6.75,Agro-industriales,PAQUETE,KILOGRAMO
20260106,PIURA,PIURA,PIURA,200101,20251210,Choclo (tipo cusco),5.64,9.45,Cereales,CIENTO,UNIDAD
20260106,PIURA,PIURA,PIURA,200101,20251210,Platano seda congo,1.89,4.4,Frutas,KILOGRAMO,KILOGRAMO
20260106,PIURA,PIURA,PIURA,200101,20251210,Zanahoria,1.96,3.35,Hortalizas,SACO MEDIANO,KILOGRAMO
20260106,PIURA,PIURA,PIURA,200101,20251210,Carne de pollo (eviscerado),8.35,9.85,Carnes y huevos,KILOGRAMO,KILOGRAMO
20260106,PIURA,PIURA,PIURA,200101,20251210,Aji rocoto,6.05,6.4,Hortalizas,KILOGRAMO,KILOGRAMO
20260106,PIURA,PIURA,PIURA,200101,20251210,Aji escabeche,2.73,3.45,Hortalizas,KILOGRAMO,MALLA
20260106,PIURA,PIURA,PIURA,200101,20251210,Limon sutil bolsa,2.87,3.75,Frutas,KILOGRAMO,KILOGRAMO
20260106,PIURA,PIURA,PIURA,200101,20251210,Aceite clasico botella 900 ml,7.64,10.6,Agro-industriales,CAJA CHICA,LITRO
20260106,PIURA,PIURA,PIURA,200101,20251210,Lenteja,4.95,8.35,Menestras,KILOGRAMO,KILOGRAMO
20260106,PIURA,PIURA,PIURA,200101,20251210,Platano bellaco,2.11,4,Frutas,LITRO,LITRO
20260106,PIURA,PIURA,PIURA,200101,20251210,Huevos rosados,5.87,9.95,Carnes y huevos,KILOGRAMO,KILOGRAMO
20260106,PIURA,PIURA,PIURA,200101,20251210,Leche fresca,3,4.9,Agro-industriales,LITRO,LITRO
20260106,PIURA,PIURA,PIURA,200101,20251210,Haba verde serrana,2.1,4.5,Legumbres,KILOGRAMO,KILOGRAMO
20260106,PIURA,PIURA,PIURA,200101,20251210,Garbanzo,5.12,9.9,Menestras,KILOGRAMO,KILOGRAMO
20260106,PIURA,PIURA,PIURA,200101,20251210,Pina criolla,2,2.4,Frutas,KILOGRAMO,KILOGRAMO
20260106,PIURA,PIURA,PIURA,200101,20251210,Frijol castilla,4.14,6.45,Menestras,KILOGRAMO,KILOGRAMO
20260106,PIURA,PIURA,PIURA,200101,20251210,Frijol canario,5.55,7.35,Menestras,KILOGRAMO,KILOGRAMO
20260106,PIURA,PIURA,PIURA,200101,20251210,Carne fresca de vacuno,16.5,22.25,Carnes y huevos,KILOGRAMO,KILOGRAMO
20260106,PIURA,PIURA,PIURA,200101,20251210,Olluco largo,3.1,3.85,Tuberculos,KILOGRAMO,KILOGRAMO
20260106,PIURA,PIURA,PIURA,200101,20251210,Naranja valencia,2.65,3.45,Frutas,KILOGRAMO,KILOGRAMO
20260106,PIURA,PIURA,PIURA,200101,20251210,Chirimoya cumbe,4.5,10.6,Frutas,CAJON CHICO,KILOGRAMO
20260106,PIURA,PIURA,PIURA,200101,20251210,Papaya,2,2.95,Frutas,KILOGRAMO,KILOGRAMO
20260106,PIURA,PIURA,PIURA,200101,20251210,Palta fuerte,5.25,6.15,Frutas,KILOGRAMO,KILOGRAMO
20260106,PIURA,PIURA,PIURA,200101,20251210,Pallar,6.1,8.1,Menestras,KILOGRAMO,KILOGRAMO
20260106,PIURA,PIURA,PIURA,200101,20251210,Uva alfonso lavalett,3.67,6.4,Frutas,KILOGRAMO,KILOGRAMO
20260106,PIURA,PIURA,PIURA,200101,20251210,Melon coquito,2.17,2.95,Frutas,KILOGRAMO,KILOGRAMO
20260106,PIURA,PIURA,PIURA,200101,20251210,Tomate,2.14,4.05,Hortalizas,KILOGRAMO,KILOGRAMO
20260106,PIURA,PIURA,PIURA,200101,20251210,Cebolla cabeza roja,1.79,4.15,Hortalizas,SACO,KILOGRAMO
20260106,PIURA,PIURA,PIURA,200101,20251210,Carne de porcino (corte unico),16.75,19.2,Carnes y huevos,UNIDAD,KILOGRAMO
20260106,PIURA,PIURA,PIURA,200101,20251210,Papa canchan,1.81,2.4,Tuberculos,SACO GRANDE,KILOGRAMO
20260106,PIURA,PIURA,PIURA,200101,20251210,Arveja verde blanca serrana,4.17,7.5,Legumbres,MALLA MEDIANA,KILOGRAMO
20260106,PIURA,PIURA,PIURA,200101,20251210,Manzana israel,3.28,5.4,Frutas,KILOGRAMO,KILOGRAMO
20260106,PIURA,PIURA,PIURA,200101,20251210,Ajo criollo o napuri,8.49,16.15,Hortalizas,MALLA MEDIANA,KILOGRAMO
20260106,PIURA,PIURA,PIURA,200101,20251210,Manzana delicia,2.25,4.5,Frutas,KILOGRAMO,KILOGRAMO
20260106,PIURA,PIURA,PIURA,200101,20251210,Azucar rubia nacional (granel),3.18,4.7,Agro-industriales,SACO NORMAL,KILOGRAMO
20260106,PIURA,PIURA,PIURA,200101,20251210,Mango edward,4.47,5.85,Frutas,KILOGRAMO,KILOGRAMO
20260106,PIURA,PIURA,PIURA,200101,20251210,Azucar blanca nacional (granel),3.45,4.5,Agro-industriales,SACO NORMAL,KILOGRAMO
20260106,PIURA,PIURA,PIURA,200101,20251210,Arroz superior,3,3.7,Cereales,SACO NORMAL,KILOGRAMO
20260106,PIURA,PIURA,PIURA,200101,20251210,Sandia,1.55,2.15,Frutas,KILOGRAMO,KILOGRAMO
20260106,PIURA,PIURA,PIURA,200101,20251210,Arroz extra,3.2,4.5,Cereales,SACO NORMAL,KILOGRAMO
20260106,PIURA,PIURA,PIURA,200101,20251210,Zapallo macre,1.82,3.4,Hortalizas,KILOGRAMO,KILOGRAMO
20260106,PIURA,PIURA,PIURA,200101,20251210,Yuca blanca,1.93,4.65,Tuberculos,KILOGRAMO,KILOGRAMO
20260106,PIURA,PIURA,PIURA,200101,20251210,Vainita americana,3.44,5.65,Legumbres,KILOGRAMO,KILOGRAMO
20260106,PIURA,PIURA,PIURA,200101,20251210,Papa amarilla,3.9,5.25,Tuberculos,SACO GRANDE,KILOGRAMO
20260106,PIURA,PIURA,PIURA,200101,20251210,Uva red globe,4.21,7.35,Frutas,KILOGRAMO,KILOGRAMO
20260106,PIURA,PIURA,PIURA,200101,20251210,Camote morado,1.92,3.65,Tuberculos,SACO GRANDE,KILOGRAMO
20260106,PIURA,PIURA,PIURA,200101,20251210,Melocoton durazno huayco,4.8,10.6,Frutas,KILOGRAMO,KILOGRAMO
20260106,PIURA,PIURA,PIURA,200101,20251205,Uva italia,3.63,6.25,Frutas,KILOGRAMO,KILOGRAMO
20260106,PIURA,PIURA,PIURA,200101,20251205,Leche reconstituida (azul) 395 gr,3.6,4.2,Agro-industriales,CAJA,LATA
20260106,PIURA,PIURA,PIURA,200101,20251205,Fideos nicolini tallarin,4.85,6.75,Agro-industriales,PAQUETE,KILOGRAMO
20260106,PIURA,PIURA,PIURA,200101,20251205,Choclo (tipo cusco),5.64,9.45,Cereales,CIENTO,UNIDAD
20260106,PIURA,PIURA,PIURA,200101,20251205,Platano seda congo,1.89,4.4,Frutas,KILOGRAMO,KILOGRAMO
20260106,PIURA,PIURA,PIURA,200101,20251205,Zanahoria,1.96,3.35,Hortalizas,SACO MEDIANO,KILOGRAMO
20260106,PIURA,PIURA,PIURA,200101,20251205,Carne de pollo (eviscerado),8.35,9.85,Carnes y huevos,KILOGRAMO,KILOGRAMO
20260106,PIURA,PIURA,PIURA,200101,20251205,Aji rocoto,6.05,6.4,Hortalizas,KILOGRAMO,KILOGRAMO
20260106,PIURA,PIURA,PIURA,200101,20251205,Aji escabeche,2.73,3.45,Hortalizas,KILOGRAMO,MALLA
20260106,PIURA,PIURA,PIURA,200101,20251205,Limon sutil bolsa,2.87,3.75,Frutas,KILOGRAMO,KILOGRAMO
20260106,PIURA,PIURA,PIURA,200101,20251205,Aceite clasico botella 900 ml,7.64,10.6,Agro-industriales,CAJA CHICA,LITRO
20260106,PIURA,PIURA,PIURA,200101,20251205,Lenteja,4.95,8.35,Menestras,KILOGRAMO,KILOGRAMO
20260106,PIURA,PIURA,PIURA,200101,20251205,Platano bellaco,2.11,4,Frutas,LITRO,LITRO
20260106,PIURA,PIURA,PIURA,200101,20251205,Huevos rosados,5.87,9.95,Carnes y huevos,KILOGRAMO,KILOGRAMO
20260106,PIURA,PIURA,PIURA,200101,20251205,Leche fresca,3,4.9,Agro-industriales,LITRO,LITRO
20260106,PIURA,PIURA,PIURA,200101,20251205,Haba verde serrana,2.1,4.5,Legumbres,KILOGRAMO,KILOGRAMO
20260106,PIURA,PIURA,PIURA,200101,20251205,Garbanzo,5.12,9.9,Menestras,KILOGRAMO,KILOGRAMO
20260106,PIURA,PIURA,PIURA,200101,20251205,Pina criolla,2,2.4,Frutas,KILOGRAMO,KILOGRAMO
20260106,PIURA,PIURA,PIURA,200101,20251205,Frijol castilla,4.14,6.45,Menestras,KILOGRAMO,KILOGRAMO
20260106,PIURA,PIURA,PIURA,200101,20251205,Frijol canario,5.55,7.35,Menestras,KILOGRAMO,KILOGRAMO
20260106,PIURA,PIURA,PIURA,200101,20251205,Carne fresca de vacuno,16.5,22.25,Carnes y huevos,KILOGRAMO,KILOGRAMO
20260106,PIURA,PIURA,PIURA,200101,20251205,Olluco largo,3.1,3.85,Tuberculos,KILOGRAMO,KILOGRAMO
20260106,PIURA,PIURA,PIURA,200101,20251205,Naranja valencia,2.65,3.45,Frutas,KILOGRAMO,KILOGRAMO
20260106,PIURA,PIURA,PIURA,200101,20251205,Chirimoya cumbe,4.5,10.6,Frutas,CAJON CHICO,KILOGRAMO
20260106,PIURA,PIURA,PIURA,200101,20251205,Papaya,2,2.95,Frutas,KILOGRAMO,KILOGRAMO
20260106,PIURA,PIURA,PIURA,200101,20251205,Palta fuerte,5.25,6.15,Frutas,KILOGRAMO,KILOGRAMO
20260106,PIURA,PIURA,PIURA,200101,20251205,Pallar,6.1,8.1,Menestras,KILOGRAMO,KILOGRAMO
20260106,PIURA,PIURA,PIURA,200101,20251205,Uva alfonso lavalett,3.67,6.4,Frutas,KILOGRAMO,KILOGRAMO
20260106,PIURA,PIURA,PIURA,200101,20251205,Melon coquito,2.17,2.95,Frutas,KILOGRAMO,KILOGRAMO
20260106,PIURA,PIURA,PIURA,200101,20251205,Tomate,2.14,4.05,Hortalizas,KILOGRAMO,KILOGRAMO
20260106,PIURA,PIURA,PIURA,200101,20251205,Cebolla cabeza roja,1.79,4.15,Hortalizas,SACO,KILOGRAMO
20260106,PIURA,PIURA,PIURA,200101,20251205,Carne de porcino (corte unico),16.75,19.2,Carnes y huevos,UNIDAD,KILOGRAMO
20260106,PIURA,PIURA,PIURA,200101,20251205,Papa canchan,1.81,2.4,Tuberculos,SACO GRANDE,KILOGRAMO
20260106,PIURA,PIURA,PIURA,200101,20251205,Arveja verde blanca serrana,4.17,7.5,Legumbres,MALLA MEDIANA,KILOGRAMO
20260106,PIURA,PIURA,PIURA,200101,20251205,Manzana israel,3.28,5.4,Frutas,KILOGRAMO,KILOGRAMO
20260106,PIURA,PIURA,PIURA,200101,20251205,Ajo criollo o napuri,8.49,16.15,Hortalizas,MALLA MEDIANA,KILOGRAMO
20260106,PIURA,PIURA,PIURA,200101,20251205,Manzana delicia,2.25,4.5,Frutas,KILOGRAMO,KILOGRAMO
20260106,PIURA,PIURA,PIURA,200101,20251205,Azucar rubia nacional (granel),3.18,4.7,Agro-industriales,SACO NORMAL,KILOGRAMO
20260106,PIURA,PIURA,PIURA,200101,20251205,Mango edward,4.47,5.85,Frutas,KILOGRAMO,KILOGRAMO
20260106,PIURA,PIURA,PIURA,200101,20251205,Azucar blanca nacional (granel),3.45,4.5,Agro-industriales,SACO NORMAL,KILOGRAMO
20260106,PIURA,PIURA,PIURA,200101,20251205,Arroz superior,3,3.7,Cereales,SACO NORMAL,KILOGRAMO
20260106,PIURA,PIURA,PIURA,200101,20251205,Sandia,1.55,2.15,Frutas,KILOGRAMO,KILOGRAMO
20260106,PIURA,PIURA,PIURA,200101,20251205,Arroz extra,3.2,4.5,Cereales,SACO NORMAL,KILOGRAMO
20260106,PIURA,PIURA,PIURA,200101,20251205,Zapallo macre,1.82,3.4,Hortalizas,KILOGRAMO,KILOGRAMO
20260106,PIURA,PIURA,PIURA,200101,20251205,Yuca blanca,1.93,4.65,Tuberculos,KILOGRAMO,KILOGRAMO
20260106,PIURA,PIURA,PIURA,200101,20251205,Vainita americana,3.44,5.65,Legumbres,KILOGRAMO,KILOGRAMO
20260106,PIURA,PIURA,PIURA,200101,20251205,Papa amarilla,3.9,5.25,Tuberculos,SACO GRANDE,KILOGRAMO
20260106,PIURA,PIURA,PIURA,200101,20251205,Uva red globe,4.21,7.35,Frutas,KILOGRAMO,KILOGRAMO
20260106,PIURA,PIURA,PIURA,200101,20251205,Camote morado,1.92,3.65,Tuberculos,SACO GRANDE,KILOGRAMO
20260106,PIURA,PIURA,PIURA,200101,20251205,Melocoton durazno huayco,4.8,10.6,Frutas,KILOGRAMO,KILOGRAMO
20260106,PIURA,PIURA,PIURA,200101,20251201,Carne de pollo (eviscerado),8.35,9.85,Carnes y huevos,KILOGRAMO,KILOGRAMO
20260106,PIURA,PIURA,PIURA,200101,20251201,Aji rocoto,6.1,6.4,Hortalizas,KILOGRAMO,KILOGRAMO
20260106,PIURA,PIURA,PIURA,200101,20251201,Aji escabeche,2.73,3.45,Hortalizas,KILOGRAMO,MALLA
20260106,PIURA,PIURA,PIURA,200101,20251201,Limon sutil bolsa,2.87,3.9,Frutas,KILOGRAMO,KILOGRAMO
20260106,PIURA,PIURA,PIURA,200101,20251201,Aceite clasico botella 900 ml,7.64,10.5,Agro-industriales,CAJA CHICA,LITRO
20260106,PIURA,PIURA,PIURA,200101,20251201,Lenteja,5.1,8.35,Menestras,KILOGRAMO,KILOGRAMO
20260106,PIURA,PIURA,PIURA,200101,20251201,Platano bellaco,2.21,4,Frutas,LITRO,LITRO
20260106,PIURA,PIURA,PIURA,200101,20251201,Huevos rosados,5.87,9.95,Carnes y huevos,KILOGRAMO,KILOGRAMO
20260106,PIURA,PIURA,PIURA,200101,20251201,Leche fresca,3,4.9,Agro-industriales,LITRO,LITRO
20260106,PIURA,PIURA,PIURA,200101,20251201,Haba verde serrana,2.1,4.5,Legumbres,KILOGRAMO,KILOGRAMO
20260106,PIURA,PIURA,PIURA,200101,20251201,Garbanzo,5.12,9.9,Menestras,KILOGRAMO,KILOGRAMO
20260106,PIURA,PIURA,PIURA,200101,20251201,Pina criolla,2,2.4,Frutas,KILOGRAMO,KILOGRAMO
20260106,PIURA,PIURA,PIURA,200101,20251201,Frijol castilla,4.14,6.55,Menestras,KILOGRAMO,KILOGRAMO
20260106,PIURA,PIURA,PIURA,200101,20251201,Frijol canario,5.55,7.35,Menestras,KILOGRAMO,KILOGRAMO
20260106,PIURA,PIURA,PIURA,200101,20251201,Carne fresca de vacuno,16.5,22.25,Carnes y huevos,KILOGRAMO,KILOGRAMO
20260106,PIURA,PIURA,PIURA,200101,20251201,Olluco largo,3.1,4.05,Tuberculos,KILOGRAMO,KILOGRAMO
20260106,PIURA,PIURA,PIURA,200101,20251201,Naranja valencia,2.65,3.45,Frutas,KILOGRAMO,KILOGRAMO
20260106,PIURA,PIURA,PIURA,200101,20251201,Chirimoya cumbe,5.2,10.6,Frutas,CAJON CHICO,KILOGRAMO
20260106,PIURA,PIURA,PIURA,200101,20251201,Papaya,2,2.95,Frutas,KILOGRAMO,KILOGRAMO
20260106,PIURA,PIURA,PIURA,200101,20251201,Palta fuerte,5.15,6.15,Frutas,KILOGRAMO,KILOGRAMO
20260106,PIURA,PIURA,PIURA,200101,20251201,Pallar,6.1,8.1,Menestras,KILOGRAMO,KILOGRAMO
20260106,PIURA,PIURA,PIURA,200101,20251201,Uva alfonso lavalett,3.67,6.4,Frutas,KILOGRAMO,KILOGRAMO
20260106,PIURA,PIURA,PIURA,200101,20251201,Melon coquito,2.17,3.05,Frutas,KILOGRAMO,KILOGRAMO
20260106,PIURA,PIURA,PIURA,200101,20251201,Tomate,2.14,4.05,Hortalizas,KILOGRAMO,KILOGRAMO
20260106,PIURA,PIURA,PIURA,200101,20251201,Cebolla cabeza roja,1.81,4.15,Hortalizas,SACO,KILOGRAMO
20260106,PIURA,PIURA,PIURA,200101,20251201,Carne de porcino (corte unico),16.75,19.2,Carnes y huevos,UNIDAD,KILOGRAMO
20260106,PIURA,PIURA,PIURA,200101,20251201,Papa canchan,1.8,2.4,Tuberculos,SACO GRANDE,KILOGRAMO
20260106,PIURA,PIURA,PIURA,200101,20251201,Arveja verde blanca serrana,4.37,7.55,Legumbres,MALLA MEDIANA,KILOGRAMO
20260106,PIURA,PIURA,PIURA,200101,20251201,Manzana israel,3.28,5.4,Frutas,KILOGRAMO,KILOGRAMO
20260106,PIURA,PIURA,PIURA,200101,20251201,Ajo criollo o napuri,8.53,16.15,Hortalizas,MALLA MEDIANA,KILOGRAMO
20260106,PIURA,PIURA,PIURA,200101,20251201,Manzana delicia,2.25,4.5,Frutas,KILOGRAMO,KILOGRAMO
20260106,PIURA,PIURA,PIURA,200101,20251201,Azucar rubia nacional (granel),3.18,4.7,Agro-industriales,SACO NORMAL,KILOGRAMO
20260106,PIURA,PIURA,PIURA,200101,20251201,Mango edward,4.33,5.75,Frutas,KILOGRAMO,KILOGRAMO
20260106,PIURA,PIURA,PIURA,200101,20251201,Azucar blanca nacional (granel),3.45,4.45,Agro-industriales,SACO NORMAL,KILOGRAMO
20260106,PIURA,PIURA,PIURA,200101,20251201,Arroz superior,3,3.7,Cereales,SACO NORMAL,KILOGRAMO
20260106,PIURA,PIURA,PIURA,200101,20251201,Sandia,1.55,2.15,Frutas,KILOGRAMO,KILOGRAMO
20260106,PIURA,PIURA,PIURA,200101,20251201,Arroz extra,3.2,4.5,Cereales,SACO NORMAL,KILOGRAMO
20260106,PIURA,PIURA,PIURA,200101,20251201,Zapallo macre,1.82,3.4,Hortalizas,KILOGRAMO,KILOGRAMO
20260106,PIURA,PIURA,PIURA,200101,20251201,Yuca blanca,1.91,4.65,Tuberculos,KILOGRAMO,KILOGRAMO
20260106,PIURA,PIURA,PIURA,200101,20251201,Vainita americana,3.44,5.65,Legumbres,KILOGRAMO,KILOGRAMO
20260106,PIURA,PIURA,PIURA,200101,20251201,Papa amarilla,3.88,5.15,Tuberculos,SACO GRANDE,KILOGRAMO
20260106,PIURA,PIURA,PIURA,200101,20251201,Uva red globe,4.21,7.4,Frutas,KILOGRAMO,KILOGRAMO
20260106,PIURA,PIURA,PIURA,200101,20251201,Camote morado,1.89,3.65,Tuberculos,SACO GRANDE,KILOGRAMO
20260106,PIURA,PIURA,PIURA,200101,20251201,Melocoton durazno huayco,4.83,10.6,Frutas,KILOGRAMO,KILOGRAMO
20260106,PIURA,PIURA,PIURA,200101,20251201,Uva italia,3.63,6.25,Frutas,KILOGRAMO,KILOGRAMO
20260106,PIURA,PIURA,PIURA,200101,20251201,Leche reconstituida (azul) 395 gr,3.61,4.2,Agro-industriales,CAJA,LATA
20260106,PIURA,PIURA,PIURA,200101,20251201,Fideos nicolini tallarin,4.95,6.85,Agro-industriales,PAQUETE,KILOGRAMO
20260106,PIURA,PIURA,PIURA,200101,20251201,Choclo (tipo cusco),5.66,9.55,Cereales,CIENTO,UNIDAD
20260106,PIURA,PIURA,PIURA,200101,20251201,Platano seda congo,1.89,4.4,Frutas,KILOGRAMO,KILOGRAMO
20260106,PIURA,PIURA,PIURA,200101,20251201,Zanahoria,1.97,3.35,Hortalizas,SACO MEDIANO,KILOGRAMO
20251206,PIURA,PIURA,PIURA,200101,20251128,Olluco largo,3.1,4.1,Tuberculos,KILOGRAMO,KILOGRAMO
20251206,PIURA,PIURA,PIURA,200101,20251128,Naranja valencia,2.65,3.95,Frutas,KILOGRAMO,KILOGRAMO
20251206,PIURA,PIURA,PIURA,200101,20251128,Chirimoya cumbe,5.2,10.65,Frutas,CAJON CHICO,KILOGRAMO
20251206,PIURA,PIURA,PIURA,200101,20251128,Papaya,2,3.05,Frutas,KILOGRAMO,KILOGRAMO
20251206,PIURA,PIURA,PIURA,200101,20251128,Palta fuerte,5.25,6.15,Frutas,KILOGRAMO,KILOGRAMO
20251206,PIURA,PIURA,PIURA,200101,20251128,Pallar,6.1,8.1,Menestras,KILOGRAMO,KILOGRAMO
20251206,PIURA,PIURA,PIURA,200101,20251128,Uva alfonso lavalett,3.71,6.35,Frutas,KILOGRAMO,KILOGRAMO
20251206,PIURA,PIURA,PIURA,200101,20251128,Melon coquito,2.13,3,Frutas,KILOGRAMO,KILOGRAMO
20251206,PIURA,PIURA,PIURA,200101,20251128,Tomate,2.14,4.05,Hortalizas,KILOGRAMO,KILOGRAMO
20251206,PIURA,PIURA,PIURA,200101,20251128,Cebolla cabeza roja,1.77,4.15,Hortalizas,SACO,KILOGRAMO
20251206,PIURA,PIURA,PIURA,200101,20251128,Carne de porcino (corte unico),16.75,19.2,Carnes y huevos,UNIDAD,KILOGRAMO
20251206,PIURA,PIURA,PIURA,200101,20251128,Papa canchan,1.8,2.4,Tuberculos,SACO GRANDE,KILOGRAMO
20251206,PIURA,PIURA,PIURA,200101,20251128,Manzana israel,3.33,5.4,Frutas,KILOGRAMO,KILOGRAMO
20251206,PIURA,PIURA,PIURA,200101,20251128,Ajo criollo o napuri,8.58,16.15,Hortalizas,MALLA MEDIANA,KILOGRAMO
20251206,PIURA,PIURA,PIURA,200101,20251128,Manzana delicia,2.25,4.5,Frutas,KILOGRAMO,KILOGRAMO
20251206,PIURA,PIURA,PIURA,200101,20251128,Azucar rubia nacional (granel),3.18,4.7,Agro-industriales,SACO NORMAL,KILOGRAMO
20251206,PIURA,PIURA,PIURA,200101,20251128,Mango edward,4.63,5.95,Frutas,KILOGRAMO,KILOGRAMO
20251206,PIURA,PIURA,PIURA,200101,20251128,Azucar blanca nacional (granel),3.45,4.45,Agro-industriales,SACO NORMAL,KILOGRAMO
20251206,PIURA,PIURA,PIURA,200101,20251128,Arroz superior,3,3.7,Cereales,SACO NORMAL,KILOGRAMO
20251206,PIURA,PIURA,PIURA,200101,20251128,Sandia,1.55,2.2,Frutas,KILOGRAMO,KILOGRAMO
20251206,PIURA,PIURA,PIURA,200101,20251128,Arroz extra,3.19,4.55,Cereales,SACO NORMAL,KILOGRAMO
20251206,PIURA,PIURA,PIURA,200101,20251128,Zapallo macre,1.82,3.65,Hortalizas,KILOGRAMO,KILOGRAMO
20251206,PIURA,PIURA,PIURA,200101,20251128,Yuca blanca,1.9,4.65,Tuberculos,KILOGRAMO,KILOGRAMO
20251206,PIURA,PIURA,PIURA,200101,20251128,Vainita americana,3.44,5.65,Legumbres,KILOGRAMO,KILOGRAMO
20251206,PIURA,PIURA,PIURA,200101,20251128,Papa amarilla,3.87,5.15,Tuberculos,SACO GRANDE,KILOGRAMO
20251206,PIURA,PIURA,PIURA,200101,20251128,Uva red globe,4.29,7.35,Frutas,KILOGRAMO,KILOGRAMO
20251206,PIURA,PIURA,PIURA,200101,20251128,Camote morado,1.91,3.65,Tuberculos,SACO GRANDE,KILOGRAMO
20251206,PIURA,PIURA,PIURA,200101,20251128,Melocoton durazno huayco,4.93,10.6,Frutas,KILOGRAMO,KILOGRAMO
20251206,PIURA,PIURA,PIURA,200101,20251128,Arveja verde blanca serrana,4.37,7.65,Legumbres,MALLA MEDIANA,KILOGRAMO
20251206,PIURA,PIURA,PIURA,200101,20251128,Uva italia,3.63,6.25,Frutas,KILOGRAMO,KILOGRAMO
20251206,PIURA,PIURA,PIURA,200101,20251128,Leche reconstituida (azul) 395 gr,3.6,4.2,Agro-industriales,CAJA,LATA
20251206,PIURA,PIURA,PIURA,200101,20251128,Fideos nicolini tallarin,4.95,6.85,Agro-industriales,PAQUETE,KILOGRAMO
20251206,PIURA,PIURA,PIURA,200101,20251128,Choclo (tipo cusco),5.66,9.55,Cereales,CIENTO,UNIDAD
20251206,PIURA,PIURA,PIURA,200101,20251128,Platano seda congo,1.89,4.4,Frutas,KILOGRAMO,KILOGRAMO
20251206,PIURA,PIURA,PIURA,200101,20251128,Zanahoria,1.97,3.35,Hortalizas,SACO MEDIANO,KILOGRAMO
20251206,PIURA,PIURA,PIURA,200101,20251128,Aji rocoto,6.1,7.65,Hortalizas,KILOGRAMO,KILOGRAMO
20251206,PIURA,PIURA,PIURA,200101,20251128,Aji escabeche,2.74,3.45,Hortalizas,KILOGRAMO,MALLA
20251206,PIURA,PIURA,PIURA,200101,20251128,Limon sutil bolsa,3.59,5.45,Frutas,KILOGRAMO,KILOGRAMO
20251206,PIURA,PIURA,PIURA,200101,20251128,Aceite clasico botella 900 ml,7.87,10.6,Agro-industriales,CAJA CHICA,LITRO
20251206,PIURA,PIURA,PIURA,200101,20251128,Lenteja,5.1,8.35,Menestras,KILOGRAMO,KILOGRAMO
20251206,PIURA,PIURA,PIURA,200101,20251128,Platano bellaco,2.29,4,Frutas,LITRO,LITRO
20251206,PIURA,PIURA,PIURA,200101,20251128,Huevos rosados,5.87,9.95,Carnes y huevos,KILOGRAMO,KILOGRAMO
20251206,PIURA,PIURA,PIURA,200101,20251128,Leche fresca,3,4.9,Agro-industriales,LITRO,LITRO
20251206,PIURA,PIURA,PIURA,200101,20251128,Haba verde serrana,2.11,4.55,Legumbres,KILOGRAMO,KILOGRAMO
20251206,PIURA,PIURA,PIURA,200101,20251128,Garbanzo,5.2,10.05,Menestras,KILOGRAMO,KILOGRAMO
20251206,PIURA,PIURA,PIURA,200101,20251128,Pina criolla,2,2.4,Frutas,KILOGRAMO,KILOGRAMO
20251206,PIURA,PIURA,PIURA,200101,20251128,Frijol castilla,4.27,6.55,Menestras,KILOGRAMO,KILOGRAMO
20251206,PIURA,PIURA,PIURA,200101,20251128,Frijol canario,5.55,7.35,Menestras,KILOGRAMO,KILOGRAMO
20251206,PIURA,PIURA,PIURA,200101,20251128,Carne fresca de vacuno,16.5,22.25,Carnes y huevos,KILOGRAMO,KILOGRAMO
20251206,PIURA,PIURA,PIURA,200101,20251128,Carne de pollo (eviscerado),8.15,9.85,Carnes y huevos,KILOGRAMO,KILOGRAMO
20251206,PIURA,PIURA,PIURA,200101,20251112,Uva alfonso lavalett,3.46,6.3,Frutas,KILOGRAMO,KILOGRAMO
20251206,PIURA,PIURA,PIURA,200101,20251112,Melon coquito,2.96,3.35,Frutas,KILOGRAMO,KILOGRAMO
20251206,PIURA,PIURA,PIURA,200101,20251112,Tomate,2.16,4.05,Hortalizas,KILOGRAMO,KILOGRAMO
20251206,PIURA,PIURA,PIURA,200101,20251112,Cebolla cabeza roja,1.77,4.05,Hortalizas,SACO,KILOGRAMO
20251206,PIURA,PIURA,PIURA,200101,20251112,Carne de porcino (corte unico),16.95,19.2,Carnes y huevos,UNIDAD,KILOGRAMO
20251206,PIURA,PIURA,PIURA,200101,20251112,Papa canchan,1.83,2.5,Tuberculos,SACO GRANDE,KILOGRAMO
20251206,PIURA,PIURA,PIURA,200101,20251112,Manzana israel,3.23,5.4,Frutas,KILOGRAMO,KILOGRAMO
20251206,PIURA,PIURA,PIURA,200101,20251112,Ajo criollo o napuri,8.95,16.4,Hortalizas,MALLA MEDIANA,KILOGRAMO
20251206,PIURA,PIURA,PIURA,200101,20251112,Manzana delicia,2.35,4.5,Frutas,KILOGRAMO,KILOGRAMO
20251206,PIURA,PIURA,PIURA,200101,20251112,Azucar rubia nacional (granel),3.33,4.7,Agro-industriales,SACO NORMAL,KILOGRAMO
20251206,PIURA,PIURA,PIURA,200101,20251112,Mango edward,3.9,5.9,Frutas,KILOGRAMO,KILOGRAMO
20251206,PIURA,PIURA,PIURA,200101,20251112,Azucar blanca nacional (granel),3.97,5.05,Agro-industriales,SACO NORMAL,KILOGRAMO
20251206,PIURA,PIURA,PIURA,200101,20251112,Arroz superior,3.11,3.65,Cereales,SACO NORMAL,KILOGRAMO
20251206,PIURA,PIURA,PIURA,200101,20251112,Sandia,1.8,2.4,Frutas,KILOGRAMO,KILOGRAMO
20251206,PIURA,PIURA,PIURA,200101,20251112,Arroz extra,3.19,4.4,Cereales,SACO NORMAL,KILOGRAMO
20251206,PIURA,PIURA,PIURA,200101,20251112,Zapallo macre,1.87,3.65,Hortalizas,KILOGRAMO,KILOGRAMO
20251206,PIURA,PIURA,PIURA,200101,20251112,Yuca blanca,1.95,4.7,Tuberculos,KILOGRAMO,KILOGRAMO
20251206,PIURA,PIURA,PIURA,200101,20251112,Vainita americana,3.46,5.55,Legumbres,KILOGRAMO,KILOGRAMO
20251206,PIURA,PIURA,PIURA,200101,20251112,Papa amarilla,3.93,5.15,Tuberculos,SACO GRANDE,KILOGRAMO
20251206,PIURA,PIURA,PIURA,200101,20251112,Uva red globe,4.33,7.25,Frutas,KILOGRAMO,KILOGRAMO
20251206,PIURA,PIURA,PIURA,200101,20251112,Camote morado,1.96,3.65,Tuberculos,SACO GRANDE,KILOGRAMO
20251206,PIURA,PIURA,PIURA,200101,20251112,Melocoton durazno huayco,5.93,10.65,Frutas,KILOGRAMO,KILOGRAMO
20251206,PIURA,PIURA,PIURA,200101,20251112,Arveja verde blanca serrana,4.38,7.65,Legumbres,MALLA MEDIANA,KILOGRAMO
20251206,PIURA,PIURA,PIURA,200101,20251112,Fideos nicolini tallarin,4.95,6.85,Agro-industriales,PAQUETE,KILOGRAMO
20251206,PIURA,PIURA,PIURA,200101,20251112,Choclo (tipo cusco),5.74,9.55,Cereales,CIENTO,UNIDAD
20251206,PIURA,PIURA,PIURA,200101,20251112,Platano seda congo,1.86,4.35,Frutas,KILOGRAMO,KILOGRAMO
20251206,PIURA,PIURA,PIURA,200101,20251112,Zanahoria,1.96,3.35,Hortalizas,SACO MEDIANO,KILOGRAMO
20251206,PIURA,PIURA,PIURA,200101,20251112,Uva italia,3.63,6.25,Frutas,KILOGRAMO,KILOGRAMO
20251206,PIURA,PIURA,PIURA,200101,20251112,Leche reconstituida (azul) 395 gr,3.65,4.2,Agro-industriales,CAJA,LATA
20251206,PIURA,PIURA,PIURA,200101,20251112,Aji rocoto,6.15,7.9,Hortalizas,KILOGRAMO,KILOGRAMO
20251206,PIURA,PIURA,PIURA,200101,20251112,Aji escabeche,2.88,3.6,Hortalizas,KILOGRAMO,MALLA
20251206,PIURA,PIURA,PIURA,200101,20251112,Limon sutil bolsa,3.83,5.25,Frutas,KILOGRAMO,KILOGRAMO
20251206,PIURA,PIURA,PIURA,200101,20251112,Aceite clasico botella 900 ml,7.87,10.6,Agro-industriales,CAJA CHICA,LITRO
20251206,PIURA,PIURA,PIURA,200101,20251112,Chirimoya cumbe,5.2,10.65,Frutas,CAJON CHICO,KILOGRAMO
20251206,PIURA,PIURA,PIURA,200101,20251112,Lenteja,5.1,8.35,Menestras,KILOGRAMO,KILOGRAMO
20251206,PIURA,PIURA,PIURA,200101,20251112,Platano bellaco,2.21,4.65,Frutas,LITRO,LITRO
20251206,PIURA,PIURA,PIURA,200101,20251112,Huevos rosados,6.73,9.95,Carnes y huevos,KILOGRAMO,KILOGRAMO
20251206,PIURA,PIURA,PIURA,200101,20251112,Leche fresca,3.55,4.95,Agro-industriales,LITRO,LITRO
20251206,PIURA,PIURA,PIURA,200101,20251112,Haba verde serrana,2.11,4.7,Legumbres,KILOGRAMO,KILOGRAMO
20251206,PIURA,PIURA,PIURA,200101,20251112,Garbanzo,5.28,10.05,Menestras,KILOGRAMO,KILOGRAMO
20251206,PIURA,PIURA,PIURA,200101,20251112,Pina criolla,2,2.4,Frutas,KILOGRAMO,KILOGRAMO
20251206,PIURA,PIURA,PIURA,200101,20251112,Frijol castilla,4.29,6.45,Menestras,KILOGRAMO,KILOGRAMO
20251206,PIURA,PIURA,PIURA,200101,20251112,Frijol canario,5.61,7.25,Menestras,KILOGRAMO,KILOGRAMO
20251206,PIURA,PIURA,PIURA,200101,20251112,Carne fresca de vacuno,17.5,22.25,Carnes y huevos,KILOGRAMO,KILOGRAMO
20251206,PIURA,PIURA,PIURA,200101,20251112,Carne de pollo (eviscerado),8.55,9.75,Carnes y huevos,KILOGRAMO,KILOGRAMO
20251206,PIURA,PIURA,PIURA,200101,20251112,Olluco largo,3.1,4.05,Tuberculos,KILOGRAMO,KILOGRAMO
20251206,PIURA,PIURA,PIURA,200101,20251112,Naranja valencia,2.65,3.95,Frutas,KILOGRAMO,KILOGRAMO
20251206,PIURA,PIURA,PIURA,200101,20251112,Papaya,2.5,3.05,Frutas,KILOGRAMO,KILOGRAMO
20251206,PIURA,PIURA,PIURA,200101,20251112,Palta fuerte,5.1,6.4,Frutas,KILOGRAMO,KILOGRAMO
20251206,PIURA,PIURA,PIURA,200101,20251112,Pallar,6.35,8.1,Menestras,KILOGRAMO,KILOGRAMO
20251206,PIURA,PIURA,PIURA,200101,20251110,Tomate,2.16,4.05,Hortalizas,KILOGRAMO,KILOGRAMO
20251206,PIURA,PIURA,PIURA,200101,20251110,Cebolla cabeza roja,1.77,4.15,Hortalizas,SACO,KILOGRAMO
20251206,PIURA,PIURA,PIURA,200101,20251110,Carne de porcino (corte unico),17.25,19.2,Carnes y huevos,UNIDAD,KILOGRAMO
20251206,PIURA,PIURA,PIURA,200101,20251110,Papa canchan,1.83,2.5,Tuberculos,SACO GRANDE,KILOGRAMO
20251206,PIURA,PIURA,PIURA,200101,20251110,Manzana israel,3.23,5.4,Frutas,KILOGRAMO,KILOGRAMO
20251206,PIURA,PIURA,PIURA,200101,20251110,Ajo criollo o napuri,8.89,16.4,Hortalizas,MALLA MEDIANA,KILOGRAMO
20251206,PIURA,PIURA,PIURA,200101,20251110,Manzana delicia,2.35,4.5,Frutas,KILOGRAMO,KILOGRAMO
20251206,PIURA,PIURA,PIURA,200101,20251110,Azucar rubia nacional (granel),3.34,4.7,Agro-industriales,SACO NORMAL,KILOGRAMO
20251206,PIURA,PIURA,PIURA,200101,20251110,Mango edward,4,6,Frutas,KILOGRAMO,KILOGRAMO
20251206,PIURA,PIURA,PIURA,200101,20251110,Azucar blanca nacional (granel),3.96,5.05,Agro-industriales,SACO NORMAL,KILOGRAMO
20251206,PIURA,PIURA,PIURA,200101,20251110,Arroz superior,3.05,3.7,Cereales,SACO NORMAL,KILOGRAMO
20251206,PIURA,PIURA,PIURA,200101,20251110,Sandia,1.55,2.4,Frutas,KILOGRAMO,KILOGRAMO
20251206,PIURA,PIURA,PIURA,200101,20251110,Arroz extra,3.19,4.55,Cereales,SACO NORMAL,KILOGRAMO
20251206,PIURA,PIURA,PIURA,200101,20251110,Zapallo macre,1.87,3.65,Hortalizas,KILOGRAMO,KILOGRAMO
20251206,PIURA,PIURA,PIURA,200101,20251110,Yuca blanca,1.95,4.7,Tuberculos,KILOGRAMO,KILOGRAMO
20251206,PIURA,PIURA,PIURA,200101,20251110,Vainita americana,3.46,5.7,Legumbres,KILOGRAMO,KILOGRAMO
20251206,PIURA,PIURA,PIURA,200101,20251110,Papa amarilla,3.92,5.15,Tuberculos,SACO GRANDE,KILOGRAMO
20251206,PIURA,PIURA,PIURA,200101,20251110,Uva red globe,4.33,6.5,Frutas,KILOGRAMO,KILOGRAMO
20251206,PIURA,PIURA,PIURA,200101,20251110,Camote morado,1.91,3.65,Tuberculos,SACO GRANDE,KILOGRAMO
20251206,PIURA,PIURA,PIURA,200101,20251110,Melocoton durazno huayco,5.93,10.6,Frutas,KILOGRAMO,KILOGRAMO
20251206,PIURA,PIURA,PIURA,200101,20251110,Arveja verde blanca serrana,4.4,7.65,Legumbres,MALLA MEDIANA,KILOGRAMO
20251206,PIURA,PIURA,PIURA,200101,20251110,Fideos nicolini tallarin,4.95,6.85,Agro-industriales,PAQUETE,KILOGRAMO
20251206,PIURA,PIURA,PIURA,200101,20251110,Choclo (tipo cusco),5.72,9.55,Cereales,CIENTO,UNIDAD
20251206,PIURA,PIURA,PIURA,200101,20251110,Platano seda congo,1.89,4.4,Frutas,KILOGRAMO,KILOGRAMO
20251206,PIURA,PIURA,PIURA,200101,20251110,Zanahoria,1.97,3.35,Hortalizas,SACO MEDIANO,KILOGRAMO
20251206,PIURA,PIURA,PIURA,200101,20251110,Uva italia,3.63,6.25,Frutas,KILOGRAMO,KILOGRAMO
20251206,PIURA,PIURA,PIURA,200101,20251110,Leche reconstituida (azul) 395 gr,3.59,4.2,Agro-industriales,CAJA,LATA
20251206,PIURA,PIURA,PIURA,200101,20251110,Aji rocoto,6.15,7.9,Hortalizas,KILOGRAMO,KILOGRAMO
20251206,PIURA,PIURA,PIURA,200101,20251110,Aji escabeche,2.83,3.45,Hortalizas,KILOGRAMO,MALLA
20251206,PIURA,PIURA,PIURA,200101,20251110,Limon sutil bolsa,3.81,5.25,Frutas,KILOGRAMO,KILOGRAMO
20251206,PIURA,PIURA,PIURA,200101,20251110,Aceite clasico botella 900 ml,7.87,10.6,Agro-industriales,CAJA CHICA,LITRO
20251206,PIURA,PIURA,PIURA,200101,20251110,Chirimoya cumbe,5.2,10.65,Frutas,CAJON CHICO,KILOGRAMO
20251206,PIURA,PIURA,PIURA,200101,20251110,Lenteja,5.1,8.35,Menestras,KILOGRAMO,KILOGRAMO
20251206,PIURA,PIURA,PIURA,200101,20251110,Platano bellaco,3.7,4.65,Frutas,LITRO,LITRO
20251206,PIURA,PIURA,PIURA,200101,20251110,Huevos rosados,6.62,9.95,Carnes y huevos,KILOGRAMO,KILOGRAMO
20251206,PIURA,PIURA,PIURA,200101,20251110,Leche fresca,3.55,4.95,Agro-industriales,LITRO,LITRO
20251206,PIURA,PIURA,PIURA,200101,20251110,Haba verde serrana,2.11,4.7,Legumbres,KILOGRAMO,KILOGRAMO
20251206,PIURA,PIURA,PIURA,200101,20251110,Garbanzo,5.28,10.05,Menestras,KILOGRAMO,KILOGRAMO
20251206,PIURA,PIURA,PIURA,200101,20251110,Pina criolla,2,2.4,Frutas,KILOGRAMO,KILOGRAMO
20251206,PIURA,PIURA,PIURA,200101,20251110,Frijol castilla,4.29,6.55,Menestras,KILOGRAMO,KILOGRAMO
20251206,PIURA,PIURA,PIURA,200101,20251110,Frijol canario,5.61,7.25,Menestras,KILOGRAMO,KILOGRAMO
20251206,PIURA,PIURA,PIURA,200101,20251110,Carne fresca de vacuno,16.5,22.25,Carnes y huevos,KILOGRAMO,KILOGRAMO
20251206,PIURA,PIURA,PIURA,200101,20251110,Carne de pollo (eviscerado),8.25,9.85,Carnes y huevos,KILOGRAMO,KILOGRAMO
20251206,PIURA,PIURA,PIURA,200101,20251110,Olluco largo,3.1,4.1,Tuberculos,KILOGRAMO,KILOGRAMO
20251206,PIURA,PIURA,PIURA,200101,20251110,Naranja valencia,2.65,3.95,Frutas,KILOGRAMO,KILOGRAMO
20251206,PIURA,PIURA,PIURA,200101,20251110,Papaya,2.45,3.05,Frutas,KILOGRAMO,KILOGRAMO
20251206,PIURA,PIURA,PIURA,200101,20251110,Palta fuerte,5.15,6.4,Frutas,KILOGRAMO,KILOGRAMO
20251206,PIURA,PIURA,PIURA,200101,20251110,Pallar,6.35,8.1,Menestras,KILOGRAMO,KILOGRAMO
20251206,PIURA,PIURA,PIURA,200101,20251110,Uva alfonso lavalett,3.46,6.35,Frutas,KILOGRAMO,KILOGRAMO
20251206,PIURA,PIURA,PIURA,200101,20251110,Melon coquito,3,3.35,Frutas,KILOGRAMO,KILOGRAMO
20251206,PIURA,PIURA,PIURA,200101,20251107,Manzana israel,3.23,5.4,Frutas,KILOGRAMO,KILOGRAMO
20251206,PIURA,PIURA,PIURA,200101,20251107,Ajo criollo o napuri,8.95,16.4,Hortalizas,MALLA MEDIANA,KILOGRAMO
20251206,PIURA,PIURA,PIURA,200101,20251107,Manzana delicia,2.35,4.5,Frutas,KILOGRAMO,KILOGRAMO
20251206,PIURA,PIURA,PIURA,200101,20251107,Azucar rubia nacional (granel),3.34,4.7,Agro-industriales,SACO NORMAL,KILOGRAMO
20251206,PIURA,PIURA,PIURA,200101,20251107,Mango edward,3.97,5.9,Frutas,KILOGRAMO,KILOGRAMO
20251206,PIURA,PIURA,PIURA,200101,20251107,Azucar blanca nacional (granel),3.96,5.05,Agro-industriales,SACO NORMAL,KILOGRAMO
20251206,PIURA,PIURA,PIURA,200101,20251107,Arroz superior,3.07,3.7,Cereales,SACO NORMAL,KILOGRAMO
20251206,PIURA,PIURA,PIURA,200101,20251107,Sandia,1.55,2.4,Frutas,KILOGRAMO,KILOGRAMO
20251206,PIURA,PIURA,PIURA,200101,20251107,Arroz extra,3.19,4.4,Cereales,SACO NORMAL,KILOGRAMO
20251206,PIURA,PIURA,PIURA,200101,20251107,Zapallo macre,1.87,3.65,Hortalizas,KILOGRAMO,KILOGRAMO
20251206,PIURA,PIURA,PIURA,200101,20251107,Yuca blanca,1.95,4.7,Tuberculos,KILOGRAMO,KILOGRAMO
20251206,PIURA,PIURA,PIURA,200101,20251107,Vainita americana,3.46,5.55,Legumbres,KILOGRAMO,KILOGRAMO
20251206,PIURA,PIURA,PIURA,200101,20251107,Papa amarilla,3.92,5.15,Tuberculos,SACO GRANDE,KILOGRAMO
20251206,PIURA,PIURA,PIURA,200101,20251107,Uva red globe,4.33,7.35,Frutas,KILOGRAMO,KILOGRAMO
20251206,PIURA,PIURA,PIURA,200101,20251107,Camote morado,1.91,3.65,Tuberculos,SACO GRANDE,KILOGRAMO
20251206,PIURA,PIURA,PIURA,200101,20251107,Melocoton durazno huayco,5.93,10.6,Frutas,KILOGRAMO,KILOGRAMO
20251206,PIURA,PIURA,PIURA,200101,20251107,Arveja verde blanca serrana,4.4,7.65,Legumbres,MALLA MEDIANA,KILOGRAMO
20251206,PIURA,PIURA,PIURA,200101,20251107,Fideos nicolini tallarin,4.95,6.85,Agro-industriales,PAQUETE,KILOGRAMO
20251206,PIURA,PIURA,PIURA,200101,20251107,Choclo (tipo cusco),5.72,9.55,Cereales,CIENTO,UNIDAD
20251206,PIURA,PIURA,PIURA,200101,20251107,Platano seda congo,1.89,4.4,Frutas,KILOGRAMO,KILOGRAMO
20251206,PIURA,PIURA,PIURA,200101,20251107,Zanahoria,1.97,3.35,Hortalizas,SACO MEDIANO,KILOGRAMO
20251206,PIURA,PIURA,PIURA,200101,20251107,Uva italia,3.63,6.25,Frutas,KILOGRAMO,KILOGRAMO
20251206,PIURA,PIURA,PIURA,200101,20251107,Leche reconstituida (azul) 395 gr,3.59,4.2,Agro-industriales,CAJA,LATA
20251206,PIURA,PIURA,PIURA,200101,20251107,Aji rocoto,6.15,7.9,Hortalizas,KILOGRAMO,KILOGRAMO
20251206,PIURA,PIURA,PIURA,200101,20251107,Aji escabeche,2.85,3.6,Hortalizas,KILOGRAMO,MALLA
20251206,PIURA,PIURA,PIURA,200101,20251107,Limon sutil bolsa,3.8,4.9,Frutas,KILOGRAMO,KILOGRAMO
20251206,PIURA,PIURA,PIURA,200101,20251107,Aceite clasico botella 900 ml,7.87,10.6,Agro-industriales,CAJA CHICA,LITRO
20251206,PIURA,PIURA,PIURA,200101,20251107,Chirimoya cumbe,5.2,10.65,Frutas,CAJON CHICO,KILOGRAMO
20251206,PIURA,PIURA,PIURA,200101,20251107,Lenteja,5.1,8.35,Menestras,KILOGRAMO,KILOGRAMO
20251206,PIURA,PIURA,PIURA,200101,20251107,Platano bellaco,2.21,4.65,Frutas,LITRO,LITRO
20251206,PIURA,PIURA,PIURA,200101,20251107,Huevos rosados,6.62,9.95,Carnes y huevos,KILOGRAMO,KILOGRAMO
20251206,PIURA,PIURA,PIURA,200101,20251107,Leche fresca,3.55,4.95,Agro-industriales,LITRO,LITRO
20251206,PIURA,PIURA,PIURA,200101,20251107,Haba verde serrana,2.11,4.7,Legumbres,KILOGRAMO,KILOGRAMO
20251206,PIURA,PIURA,PIURA,200101,20251107,Garbanzo,5.28,10.05,Menestras,KILOGRAMO,KILOGRAMO
20251206,PIURA,PIURA,PIURA,200101,20251107,Pina criolla,2,2.4,Frutas,KILOGRAMO,KILOGRAMO
20251206,PIURA,PIURA,PIURA,200101,20251107,Frijol castilla,4.3,6.55,Menestras,KILOGRAMO,KILOGRAMO
20251206,PIURA,PIURA,PIURA,200101,20251107,Frijol canario,5.61,7.25,Menestras,KILOGRAMO,KILOGRAMO
20251206,PIURA,PIURA,PIURA,200101,20251107,Carne fresca de vacuno,16.5,22.25,Carnes y huevos,KILOGRAMO,KILOGRAMO
20251206,PIURA,PIURA,PIURA,200101,20251107,Carne de pollo (eviscerado),8.25,9.85,Carnes y huevos,KILOGRAMO,KILOGRAMO
20251206,PIURA,PIURA,PIURA,200101,20251107,Olluco largo,3.1,4.1,Tuberculos,KILOGRAMO,KILOGRAMO
20251206,PIURA,PIURA,PIURA,200101,20251107,Naranja valencia,2.65,3.95,Frutas,KILOGRAMO,KILOGRAMO
20251206,PIURA,PIURA,PIURA,200101,20251107,Papaya,2.45,3.05,Frutas,KILOGRAMO,KILOGRAMO
20251206,PIURA,PIURA,PIURA,200101,20251107,Palta fuerte,5.1,6.4,Frutas,KILOGRAMO,KILOGRAMO
20251206,PIURA,PIURA,PIURA,200101,20251107,Pallar,6.35,8.1,Menestras,KILOGRAMO,KILOGRAMO
20251206,PIURA,PIURA,PIURA,200101,20251107,Uva alfonso lavalett,3.46,6.3,Frutas,KILOGRAMO,KILOGRAMO
20251206,PIURA,PIURA,PIURA,200101,20251107,Melon coquito,3,3.35,Frutas,KILOGRAMO,KILOGRAMO
20251206,PIURA,PIURA,PIURA,200101,20251107,Tomate,2.16,4.05,Hortalizas,KILOGRAMO,KILOGRAMO
20251206,PIURA,PIURA,PIURA,200101,20251107,Cebolla cabeza roja,1.77,4.15,Hortalizas,SACO,KILOGRAMO
20251206,PIURA,PIURA,PIURA,200101,20251107,Carne de porcino (corte unico),16.95,19.2,Carnes y huevos,UNIDAD,KILOGRAMO
20251206,PIURA,PIURA,PIURA,200101,20251107,Papa canchan,1.83,2.5,Tuberculos,SACO GRANDE,KILOGRAMO
20251206,PIURA,PIURA,PIURA,200101,20251105,Fideos nicolini tallarin,4.95,6.85,Agro-industriales,PAQUETE,KILOGRAMO
20251206,PIURA,PIURA,PIURA,200101,20251105,Choclo (tipo cusco),5.74,9.55,Cereales,CIENTO,UNIDAD
20251206,PIURA,PIURA,PIURA,200101,20251105,Platano seda congo,1.86,4.35,Frutas,KILOGRAMO,KILOGRAMO
20251206,PIURA,PIURA,PIURA,200101,20251105,Zanahoria,1.96,3.35,Hortalizas,SACO MEDIANO,KILOGRAMO
20251206,PIURA,PIURA,PIURA,200101,20251105,Uva italia,3.63,6.25,Frutas,KILOGRAMO,KILOGRAMO
20251206,PIURA,PIURA,PIURA,200101,20251105,Leche reconstituida (azul) 395 gr,3.65,4.2,Agro-industriales,CAJA,LATA
20251206,PIURA,PIURA,PIURA,200101,20251105,Aji rocoto,6.15,7.9,Hortalizas,KILOGRAMO,KILOGRAMO
20251206,PIURA,PIURA,PIURA,200101,20251105,Aji escabeche,2.88,3.6,Hortalizas,KILOGRAMO,MALLA
20251206,PIURA,PIURA,PIURA,200101,20251105,Limon sutil bolsa,3.83,5.25,Frutas,KILOGRAMO,KILOGRAMO
20251206,PIURA,PIURA,PIURA,200101,20251105,Aceite clasico botella 900 ml,7.87,10.6,Agro-industriales,CAJA CHICA,LITRO
20251206,PIURA,PIURA,PIURA,200101,20251105,Chirimoya cumbe,5.2,10.65,Frutas,CAJON CHICO,KILOGRAMO
20251206,PIURA,PIURA,PIURA,200101,20251105,Lenteja,5.1,8.35,Menestras,KILOGRAMO,KILOGRAMO
20251206,PIURA,PIURA,PIURA,200101,20251105,Platano bellaco,2.21,4.65,Frutas,LITRO,LITRO
20251206,PIURA,PIURA,PIURA,200101,20251105,Huevos rosados,6.73,9.95,Carnes y huevos,KILOGRAMO,KILOGRAMO
20251206,PIURA,PIURA,PIURA,200101,20251105,Leche fresca,3.55,4.95,Agro-industriales,LITRO,LITRO
20251206,PIURA,PIURA,PIURA,200101,20251105,Haba verde serrana,2.11,4.7,Legumbres,KILOGRAMO,KILOGRAMO
20251206,PIURA,PIURA,PIURA,200101,20251105,Garbanzo,5.28,10.05,Menestras,KILOGRAMO,KILOGRAMO
20251206,PIURA,PIURA,PIURA,200101,20251105,Pina criolla,2,2.4,Frutas,KILOGRAMO,KILOGRAMO
20251206,PIURA,PIURA,PIURA,200101,20251105,Frijol castilla,4.29,6.45,Menestras,KILOGRAMO,KILOGRAMO
20251206,PIURA,PIURA,PIURA,200101,20251105,Frijol canario,5.61,7.25,Menestras,KILOGRAMO,KILOGRAMO
20251206,PIURA,PIURA,PIURA,200101,20251105,Carne fresca de vacuno,17.5,22.25,Carnes y huevos,KILOGRAMO,KILOGRAMO
20251206,PIURA,PIURA,PIURA,200101,20251105,Carne de pollo (eviscerado),8.55,9.75,Carnes y huevos,KILOGRAMO,KILOGRAMO
20251206,PIURA,PIURA,PIURA,200101,20251105,Olluco largo,3.1,4.05,Tuberculos,KILOGRAMO,KILOGRAMO
20251206,PIURA,PIURA,PIURA,200101,20251105,Naranja valencia,2.65,3.95,Frutas,KILOGRAMO,KILOGRAMO
20251206,PIURA,PIURA,PIURA,200101,20251105,Papaya,2.5,3.05,Frutas,KILOGRAMO,KILOGRAMO
20251206,PIURA,PIURA,PIURA,200101,20251105,Palta fuerte,5.1,6.4,Frutas,KILOGRAMO,KILOGRAMO
20251206,PIURA,PIURA,PIURA,200101,20251105,Pallar,6.35,8.1,Menestras,KILOGRAMO,KILOGRAMO
20251206,PIURA,PIURA,PIURA,200101,20251105,Uva alfonso lavalett,3.46,6.3,Frutas,KILOGRAMO,KILOGRAMO
20251206,PIURA,PIURA,PIURA,200101,20251105,Melon coquito,2.96,3.35,Frutas,KILOGRAMO,KILOGRAMO
20251206,PIURA,PIURA,PIURA,200101,20251105,Tomate,2.16,4.05,Hortalizas,KILOGRAMO,KILOGRAMO
20251206,PIURA,PIURA,PIURA,200101,20251105,Sandia,1.8,2.4,Frutas,KILOGRAMO,KILOGRAMO
20251206,PIURA,PIURA,PIURA,200101,20251105,Cebolla cabeza roja,1.77,4.05,Hortalizas,SACO,KILOGRAMO
20251206,PIURA,PIURA,PIURA,200101,20251105,Carne de porcino (corte unico),16.95,19.2,Carnes y huevos,UNIDAD,KILOGRAMO
20251206,PIURA,PIURA,PIURA,200101,20251105,Papa canchan,1.83,2.5,Tuberculos,SACO GRANDE,KILOGRAMO
20251206,PIURA,PIURA,PIURA,200101,20251105,Ajo criollo o napuri,8.95,16.4,Hortalizas,MALLA MEDIANA,KILOGRAMO
20251206,PIURA,PIURA,PIURA,200101,20251105,Manzana delicia,2.35,4.5,Frutas,KILOGRAMO,KILOGRAMO
20251206,PIURA,PIURA,PIURA,200101,20251105,Azucar rubia nacional (granel),3.33,4.7,Agro-industriales,SACO NORMAL,KILOGRAMO
20251206,PIURA,PIURA,PIURA,200101,20251105,Mango edward,3.9,5.9,Frutas,KILOGRAMO,KILOGRAMO
20251206,PIURA,PIURA,PIURA,200101,20251105,Azucar blanca nacional (granel),3.97,5.05,Agro-industriales,SACO NORMAL,KILOGRAMO
20251206,PIURA,PIURA,PIURA,200101,20251105,Arroz superior,3.11,3.65,Cereales,SACO NORMAL,KILOGRAMO
20251206,PIURA,PIURA,PIURA,200101,20251105,Arroz extra,3.19,4.4,Cereales,SACO NORMAL,KILOGRAMO
20251206,PIURA,PIURA,PIURA,200101,20251105,Zapallo macre,1.87,3.65,Hortalizas,KILOGRAMO,KILOGRAMO
20251206,PIURA,PIURA,PIURA,200101,20251105,Yuca blanca,1.95,4.7,Tuberculos,KILOGRAMO,KILOGRAMO
20251206,PIURA,PIURA,PIURA,200101,20251105,Vainita americana,3.46,5.55,Legumbres,KILOGRAMO,KILOGRAMO
20251206,PIURA,PIURA,PIURA,200101,20251105,Papa amarilla,3.93,5.15,Tuberculos,SACO GRANDE,KILOGRAMO
20251206,PIURA,PIURA,PIURA,200101,20251105,Uva red globe,4.33,7.25,Frutas,KILOGRAMO,KILOGRAMO
20251206,PIURA,PIURA,PIURA,200101,20251105,Camote morado,1.96,3.65,Tuberculos,SACO GRANDE,KILOGRAMO
20251206,PIURA,PIURA,PIURA,200101,20251105,Melocoton durazno huayco,5.93,10.65,Frutas,KILOGRAMO,KILOGRAMO
20251206,PIURA,PIURA,PIURA,200101,20251105,Arveja verde blanca serrana,4.38,7.65,Legumbres,MALLA MEDIANA,KILOGRAMO
20251206,PIURA,PIURA,PIURA,200101,20251105,Manzana israel,3.23,5.4,Frutas,KILOGRAMO,KILOGRAMO
20251206,PIURA,PIURA,PIURA,200101,20251103,Fideos nicolini tallarin,4.95,6.85,Agro-industriales,PAQUETE,KILOGRAMO
20251206,PIURA,PIURA,PIURA,200101,20251103,Choclo (tipo cusco),5.74,9.35,Cereales,CIENTO,UNIDAD
20251206,PIURA,PIURA,PIURA,200101,20251103,Platano seda congo,1.86,4.35,Frutas,KILOGRAMO,KILOGRAMO
20251206,PIURA,PIURA,PIURA,200101,20251103,Zanahoria,1.96,3.35,Hortalizas,SACO MEDIANO,KILOGRAMO
20251206,PIURA,PIURA,PIURA,200101,20251103,Uva italia,3.63,6.25,Frutas,KILOGRAMO,KILOGRAMO
20251206,PIURA,PIURA,PIURA,200101,20251103,Leche reconstituida (azul) 395 gr,3.59,4.2,Agro-industriales,CAJA,LATA
20251206,PIURA,PIURA,PIURA,200101,20251103,Aji rocoto,6.15,7.9,Hortalizas,KILOGRAMO,KILOGRAMO
20251206,PIURA,PIURA,PIURA,200101,20251103,Aji escabeche,2.88,3.7,Hortalizas,KILOGRAMO,MALLA
20251206,PIURA,PIURA,PIURA,200101,20251103,Limon sutil bolsa,3.81,5.3,Frutas,KILOGRAMO,KILOGRAMO
20251206,PIURA,PIURA,PIURA,200101,20251103,Aceite clasico botella 900 ml,7.87,10.6,Agro-industriales,CAJA CHICA,LITRO
20251206,PIURA,PIURA,PIURA,200101,20251103,Chirimoya cumbe,5.05,10.55,Frutas,CAJON CHICO,KILOGRAMO
20251206,PIURA,PIURA,PIURA,200101,20251103,Lenteja,5.1,8.35,Menestras,KILOGRAMO,KILOGRAMO
20251206,PIURA,PIURA,PIURA,200101,20251103,Platano bellaco,2.21,4.65,Frutas,LITRO,LITRO
20251206,PIURA,PIURA,PIURA,200101,20251103,Huevos rosados,6.73,9.95,Carnes y huevos,KILOGRAMO,KILOGRAMO
20251206,PIURA,PIURA,PIURA,200101,20251103,Leche fresca,3.55,4.95,Agro-industriales,LITRO,LITRO
20251206,PIURA,PIURA,PIURA,200101,20251103,Haba verde serrana,2.11,4.7,Legumbres,KILOGRAMO,KILOGRAMO
20251206,PIURA,PIURA,PIURA,200101,20251103,Garbanzo,5.28,10.05,Menestras,KILOGRAMO,KILOGRAMO
20251206,PIURA,PIURA,PIURA,200101,20251103,Pina criolla,2,2.6,Frutas,KILOGRAMO,KILOGRAMO
20251206,PIURA,PIURA,PIURA,200101,20251103,Frijol castilla,4.33,6.45,Menestras,KILOGRAMO,KILOGRAMO
20251206,PIURA,PIURA,PIURA,200101,20251103,Frijol canario,5.61,7.25,Menestras,KILOGRAMO,KILOGRAMO
20251206,PIURA,PIURA,PIURA,200101,20251103,Carne fresca de vacuno,17.5,22.25,Carnes y huevos,KILOGRAMO,KILOGRAMO
20251206,PIURA,PIURA,PIURA,200101,20251103,Carne de pollo (eviscerado),8.5,9.75,Carnes y huevos,KILOGRAMO,KILOGRAMO
20251206,PIURA,PIURA,PIURA,200101,20251103,Naranja valencia,2.65,3.95,Frutas,KILOGRAMO,KILOGRAMO
20251206,PIURA,PIURA,PIURA,200101,20251103,Papaya,2.5,3.05,Frutas,KILOGRAMO,KILOGRAMO
20251206,PIURA,PIURA,PIURA,200101,20251103,Palta fuerte,5.1,6.4,Frutas,KILOGRAMO,KILOGRAMO
20251206,PIURA,PIURA,PIURA,200101,20251103,Pallar,6.35,8.1,Menestras,KILOGRAMO,KILOGRAMO
20251206,PIURA,PIURA,PIURA,200101,20251103,Olluco largo,3.1,4.05,Tuberculos,KILOGRAMO,KILOGRAMO
20251206,PIURA,PIURA,PIURA,200101,20251103,Uva alfonso lavalett,5.9,6.3,Frutas,KILOGRAMO,KILOGRAMO
20251206,PIURA,PIURA,PIURA,200101,20251103,Melon coquito,2.83,3.35,Frutas,KILOGRAMO,KILOGRAMO
20251206,PIURA,PIURA,PIURA,200101,20251103,Tomate,2.16,4.6,Hortalizas,KILOGRAMO,KILOGRAMO
20251206,PIURA,PIURA,PIURA,200101,20251103,Sandia,1.8,2.4,Frutas,KILOGRAMO,KILOGRAMO
20251206,PIURA,PIURA,PIURA,200101,20251103,Cebolla cabeza roja,1.77,4.05,Hortalizas,SACO,KILOGRAMO
20251206,PIURA,PIURA,PIURA,200101,20251103,Carne de porcino (corte unico),16.95,19.2,Carnes y huevos,UNIDAD,KILOGRAMO
20251206,PIURA,PIURA,PIURA,200101,20251103,Papa canchan,1.83,2.5,Tuberculos,SACO GRANDE,KILOGRAMO
20251206,PIURA,PIURA,PIURA,200101,20251103,Ajo criollo o napuri,9.02,16.4,Hortalizas,MALLA MEDIANA,KILOGRAMO
20251206,PIURA,PIURA,PIURA,200101,20251103,Manzana delicia,2.35,4.5,Frutas,KILOGRAMO,KILOGRAMO
20251206,PIURA,PIURA,PIURA,200101,20251103,Azucar rubia nacional (granel),3.33,4.7,Agro-industriales,SACO NORMAL,KILOGRAMO
20251206,PIURA,PIURA,PIURA,200101,20251103,Mango edward,3.83,6.1,Frutas,KILOGRAMO,KILOGRAMO
20251206,PIURA,PIURA,PIURA,200101,20251103,Azucar blanca nacional (granel),3.95,5.05,Agro-industriales,SACO NORMAL,KILOGRAMO
20251206,PIURA,PIURA,PIURA,200101,20251103,Arroz superior,3.11,3.65,Cereales,SACO NORMAL,KILOGRAMO
20251206,PIURA,PIURA,PIURA,200101,20251103,Arroz extra,3.07,4.4,Cereales,SACO NORMAL,KILOGRAMO
20251206,PIURA,PIURA,PIURA,200101,20251103,Zapallo macre,1.87,3.65,Hortalizas,KILOGRAMO,KILOGRAMO
20251206,PIURA,PIURA,PIURA,200101,20251103,Yuca blanca,1.95,4.7,Tuberculos,KILOGRAMO,KILOGRAMO
20251206,PIURA,PIURA,PIURA,200101,20251103,Vainita americana,3.46,5.55,Legumbres,KILOGRAMO,KILOGRAMO
20251206,PIURA,PIURA,PIURA,200101,20251103,Papa amarilla,3.93,5.15,Tuberculos,SACO GRANDE,KILOGRAMO
20251206,PIURA,PIURA,PIURA,200101,20251103,Uva red globe,4.25,7.25,Frutas,KILOGRAMO,KILOGRAMO
20251206,PIURA,PIURA,PIURA,200101,20251103,Camote morado,1.96,3.65,Tuberculos,SACO GRANDE,KILOGRAMO
20251206,PIURA,PIURA,PIURA,200101,20251103,Melocoton durazno huayco,5.93,10.65,Frutas,KILOGRAMO,KILOGRAMO
20251206,PIURA,PIURA,PIURA,200101,20251103,Arveja verde blanca serrana,4.38,7.65,Legumbres,MALLA MEDIANA,KILOGRAMO
20251206,PIURA,PIURA,PIURA,200101,20251103,Manzana israel,3.23,5.25,Frutas,KILOGRAMO,KILOGRAMO
20251106,PIURA,PIURA,PIURA,200101,20251029,Fideos nicolini tallarin,4.95,6.85,Agro-industriales,PAQUETE,KILOGRAMO
20251106,PIURA,PIURA,PIURA,200101,20251029,Choclo (tipo cusco),5.72,9.35,Cereales,CIENTO,UNIDAD
20251106,PIURA,PIURA,PIURA,200101,20251029,Platano seda congo,1.71,4.45,Frutas,KILOGRAMO,KILOGRAMO
20251106,PIURA,PIURA,PIURA,200101,20251029,Zanahoria,1.96,3.35,Hortalizas,SACO MEDIANO,KILOGRAMO
20251106,PIURA,PIURA,PIURA,200101,20251029,Uva italia,5.54,7.55,Frutas,KILOGRAMO,KILOGRAMO
20251106,PIURA,PIURA,PIURA,200101,20251029,Leche reconstituida (azul) 395 gr,3.55,4.2,Agro-industriales,CAJA,LATA
20251106,PIURA,PIURA,PIURA,200101,20251029,Aji rocoto,6.4,7.9,Hortalizas,KILOGRAMO,KILOGRAMO
20251106,PIURA,PIURA,PIURA,200101,20251029,Aji escabeche,2.91,3.7,Hortalizas,KILOGRAMO,MALLA
20251106,PIURA,PIURA,PIURA,200101,20251029,Limon sutil bolsa,3.87,4.95,Frutas,KILOGRAMO,KILOGRAMO
20251106,PIURA,PIURA,PIURA,200101,20251029,Aceite clasico botella 900 ml,7.96,10.6,Agro-industriales,CAJA CHICA,LITRO
20251106,PIURA,PIURA,PIURA,200101,20251029,Chirimoya cumbe,5.05,10.65,Frutas,CAJON CHICO,KILOGRAMO
20251106,PIURA,PIURA,PIURA,200101,20251029,Lenteja,5.1,8.2,Menestras,KILOGRAMO,KILOGRAMO
20251106,PIURA,PIURA,PIURA,200101,20251029,Platano bellaco,2.14,4.5,Frutas,LITRO,LITRO
20251106,PIURA,PIURA,PIURA,200101,20251029,Huevos rosados,6.73,9.95,Carnes y huevos,KILOGRAMO,KILOGRAMO
20251106,PIURA,PIURA,PIURA,200101,20251029,Leche fresca,3.55,4.95,Agro-industriales,LITRO,LITRO
20251106,PIURA,PIURA,PIURA,200101,20251029,Haba verde serrana,2.1,4.6,Legumbres,KILOGRAMO,KILOGRAMO
20251106,PIURA,PIURA,PIURA,200101,20251029,Garbanzo,5.23,10.05,Menestras,KILOGRAMO,KILOGRAMO
20251106,PIURA,PIURA,PIURA,200101,20251029,Pina criolla,2,2.6,Frutas,KILOGRAMO,KILOGRAMO
20251106,PIURA,PIURA,PIURA,200101,20251029,Frijol castilla,4.33,6.45,Menestras,KILOGRAMO,KILOGRAMO
20251106,PIURA,PIURA,PIURA,200101,20251029,Frijol canario,5.63,7.2,Menestras,KILOGRAMO,KILOGRAMO
20251106,PIURA,PIURA,PIURA,200101,20251029,Carne fresca de vacuno,16.5,22.15,Carnes y huevos,KILOGRAMO,KILOGRAMO
20251106,PIURA,PIURA,PIURA,200101,20251029,Carne de pollo (eviscerado),8.65,9.75,Carnes y huevos,KILOGRAMO,KILOGRAMO
20251106,PIURA,PIURA,PIURA,200101,20251029,Naranja valencia,2.59,4.1,Frutas,KILOGRAMO,KILOGRAMO
20251106,PIURA,PIURA,PIURA,200101,20251029,Papaya,2.5,2.95,Frutas,KILOGRAMO,KILOGRAMO
20251106,PIURA,PIURA,PIURA,200101,20251029,Palta fuerte,5.1,6.4,Frutas,KILOGRAMO,KILOGRAMO
20251106,PIURA,PIURA,PIURA,200101,20251029,Pallar,6.3,8.1,Menestras,KILOGRAMO,KILOGRAMO
20251106,PIURA,PIURA,PIURA,200101,20251029,Olluco largo,3,4.05,Tuberculos,KILOGRAMO,KILOGRAMO
20251106,PIURA,PIURA,PIURA,200101,20251029,Uva alfonso lavalett,3.46,6.3,Frutas,KILOGRAMO,KILOGRAMO
20251106,PIURA,PIURA,PIURA,200101,20251029,Melon coquito,2.92,3.4,Frutas,KILOGRAMO,KILOGRAMO
20251106,PIURA,PIURA,PIURA,200101,20251029,Tomate,2.05,4.4,Hortalizas,KILOGRAMO,KILOGRAMO
20251106,PIURA,PIURA,PIURA,200101,20251029,Sandia,1.75,2.4,Frutas,KILOGRAMO,KILOGRAMO
20251106,PIURA,PIURA,PIURA,200101,20251029,Cebolla cabeza roja,1.75,4,Hortalizas,SACO,KILOGRAMO
20251106,PIURA,PIURA,PIURA,200101,20251029,Carne de porcino (corte unico),16.95,19.35,Carnes y huevos,UNIDAD,KILOGRAMO
20251106,PIURA,PIURA,PIURA,200101,20251029,Papa canchan,1.81,2.4,Tuberculos,SACO GRANDE,KILOGRAMO
20251106,PIURA,PIURA,PIURA,200101,20251029,Ajo criollo o napuri,8.81,15.95,Hortalizas,MALLA MEDIANA,KILOGRAMO
20251106,PIURA,PIURA,PIURA,200101,20251029,Manzana delicia,2.35,4.4,Frutas,KILOGRAMO,KILOGRAMO
20251106,PIURA,PIURA,PIURA,200101,20251029,Azucar rubia nacional (granel),3.33,4.65,Agro-industriales,SACO NORMAL,KILOGRAMO
20251106,PIURA,PIURA,PIURA,200101,20251029,Mango edward,3.6,6.1,Frutas,KILOGRAMO,KILOGRAMO
20251106,PIURA,PIURA,PIURA,200101,20251029,Azucar blanca nacional (granel),3.93,5,Agro-industriales,SACO NORMAL,KILOGRAMO
20251106,PIURA,PIURA,PIURA,200101,20251029,Arroz superior,3.06,3.5,Cereales,SACO NORMAL,KILOGRAMO
20251106,PIURA,PIURA,PIURA,200101,20251029,Arroz extra,3.07,4.35,Cereales,SACO NORMAL,KILOGRAMO
20251106,PIURA,PIURA,PIURA,200101,20251029,Zapallo macre,1.87,3.6,Hortalizas,KILOGRAMO,KILOGRAMO
20251106,PIURA,PIURA,PIURA,200101,20251029,Yuca blanca,1.94,4.65,Tuberculos,KILOGRAMO,KILOGRAMO
20251106,PIURA,PIURA,PIURA,200101,20251029,Vainita americana,3.43,5.35,Legumbres,KILOGRAMO,KILOGRAMO
20251106,PIURA,PIURA,PIURA,200101,20251029,Papa amarilla,3.79,5.1,Tuberculos,SACO GRANDE,KILOGRAMO
20251106,PIURA,PIURA,PIURA,200101,20251029,Uva red globe,4.5,7.55,Frutas,KILOGRAMO,KILOGRAMO
20251106,PIURA,PIURA,PIURA,200101,20251029,Camote morado,1.93,3.4,Tuberculos,SACO GRANDE,KILOGRAMO
20251106,PIURA,PIURA,PIURA,200101,20251029,Melocoton durazno huayco,5.93,10.5,Frutas,KILOGRAMO,KILOGRAMO
20251106,PIURA,PIURA,PIURA,200101,20251029,Arveja verde blanca serrana,4.3,7.65,Legumbres,MALLA MEDIANA,KILOGRAMO
20251106,PIURA,PIURA,PIURA,200101,20251029,Manzana israel,3.18,5.25,Frutas,KILOGRAMO,KILOGRAMO
20251106,PIURA,PIURA,PIURA,200101,20251010,Aji rocoto,6.4,7.9,Hortalizas,KILOGRAMO,KILOGRAMO
20251106,PIURA,PIURA,PIURA,200101,20251010,Aji escabeche,2.91,3.7,Hortalizas,KILOGRAMO,MALLA
20251106,PIURA,PIURA,PIURA,200101,20251010,Limon sutil bolsa,3.87,4.95,Frutas,KILOGRAMO,KILOGRAMO
20251106,PIURA,PIURA,PIURA,200101,20251010,Aceite clasico botella 900 ml,7.96,10.6,Agro-industriales,CAJA CHICA,LITRO
20251106,PIURA,PIURA,PIURA,200101,20251010,Chirimoya cumbe,5.05,10.65,Frutas,CAJON CHICO,KILOGRAMO
20251106,PIURA,PIURA,PIURA,200101,20251010,Lenteja,5.1,8.2,Menestras,KILOGRAMO,KILOGRAMO
20251106,PIURA,PIURA,PIURA,200101,20251010,Platano bellaco,2.14,4.5,Frutas,LITRO,LITRO
20251106,PIURA,PIURA,PIURA,200101,20251010,Huevos rosados,6.73,9.95,Carnes y huevos,KILOGRAMO,KILOGRAMO
20251106,PIURA,PIURA,PIURA,200101,20251010,Leche fresca,3.55,4.95,Agro-industriales,LITRO,LITRO
20251106,PIURA,PIURA,PIURA,200101,20251010,Haba verde serrana,2.1,4.6,Legumbres,KILOGRAMO,KILOGRAMO
20251106,PIURA,PIURA,PIURA,200101,20251010,Garbanzo,5.23,10.05,Menestras,KILOGRAMO,KILOGRAMO
20251106,PIURA,PIURA,PIURA,200101,20251010,Pina criolla,2,2.6,Frutas,KILOGRAMO,KILOGRAMO
20251106,PIURA,PIURA,PIURA,200101,20251010,Frijol castilla,4.33,6.45,Menestras,KILOGRAMO,KILOGRAMO
20251106,PIURA,PIURA,PIURA,200101,20251010,Frijol canario,5.63,7.2,Menestras,KILOGRAMO,KILOGRAMO
20251106,PIURA,PIURA,PIURA,200101,20251010,Carne fresca de vacuno,16.5,22.15,Carnes y huevos,KILOGRAMO,KILOGRAMO
20251106,PIURA,PIURA,PIURA,200101,20251010,Carne de pollo (eviscerado),8.65,9.75,Carnes y huevos,KILOGRAMO,KILOGRAMO
20251106,PIURA,PIURA,PIURA,200101,20251010,Naranja valencia,2.59,4.1,Frutas,KILOGRAMO,KILOGRAMO
20251106,PIURA,PIURA,PIURA,200101,20251010,Papaya,2.5,2.95,Frutas,KILOGRAMO,KILOGRAMO
20251106,PIURA,PIURA,PIURA,200101,20251010,Palta fuerte,5.1,6.4,Frutas,KILOGRAMO,KILOGRAMO
20251106,PIURA,PIURA,PIURA,200101,20251010,Pallar,6.3,8.1,Menestras,KILOGRAMO,KILOGRAMO
20251106,PIURA,PIURA,PIURA,200101,20251010,Olluco largo,3,4.05,Tuberculos,KILOGRAMO,KILOGRAMO
20251106,PIURA,PIURA,PIURA,200101,20251010,Uva alfonso lavalett,3.46,6.3,Frutas,KILOGRAMO,KILOGRAMO
20251106,PIURA,PIURA,PIURA,200101,20251010,Melon coquito,2.92,3.4,Frutas,KILOGRAMO,KILOGRAMO
20251106,PIURA,PIURA,PIURA,200101,20251010,Tomate,2.05,4.4,Hortalizas,KILOGRAMO,KILOGRAMO
20251106,PIURA,PIURA,PIURA,200101,20251010,Sandia,1.75,2.4,Frutas,KILOGRAMO,KILOGRAMO
20251106,PIURA,PIURA,PIURA,200101,20251010,Cebolla cabeza roja,1.75,4,Hortalizas,SACO,KILOGRAMO
20251106,PIURA,PIURA,PIURA,200101,20251010,Carne de porcino (corte unico),16.95,19.35,Carnes y huevos,UNIDAD,KILOGRAMO
20251106,PIURA,PIURA,PIURA,200101,20251010,Papa canchan,1.81,2.4,Tuberculos,SACO GRANDE,KILOGRAMO
20251106,PIURA,PIURA,PIURA,200101,20251010,Ajo criollo o napuri,8.81,15.95,Hortalizas,MALLA MEDIANA,KILOGRAMO
20251106,PIURA,PIURA,PIURA,200101,20251010,Manzana delicia,2.35,4.4,Frutas,KILOGRAMO,KILOGRAMO
20251106,PIURA,PIURA,PIURA,200101,20251010,Azucar rubia nacional (granel),3.33,4.65,Agro-industriales,SACO NORMAL,KILOGRAMO
20251106,PIURA,PIURA,PIURA,200101,20251010,Mango edward,3.6,6.1,Frutas,KILOGRAMO,KILOGRAMO
20251106,PIURA,PIURA,PIURA,200101,20251010,Azucar blanca nacional (granel),3.93,5,Agro-industriales,SACO NORMAL,KILOGRAMO
20251106,PIURA,PIURA,PIURA,200101,20251010,Arroz superior,3.06,3.5,Cereales,SACO NORMAL,KILOGRAMO
20251106,PIURA,PIURA,PIURA,200101,20251010,Arroz extra,3.07,4.35,Cereales,SACO NORMAL,KILOGRAMO
20251106,PIURA,PIURA,PIURA,200101,20251010,Zapallo macre,1.87,3.6,Hortalizas,KILOGRAMO,KILOGRAMO
20251106,PIURA,PIURA,PIURA,200101,20251010,Yuca blanca,1.94,4.65,Tuberculos,KILOGRAMO,KILOGRAMO
20251106,PIURA,PIURA,PIURA,200101,20251010,Vainita americana,3.43,5.35,Legumbres,KILOGRAMO,KILOGRAMO
20251106,PIURA,PIURA,PIURA,200101,20251010,Papa amarilla,3.79,5.1,Tuberculos,SACO GRANDE,KILOGRAMO
20251106,PIURA,PIURA,PIURA,200101,20251010,Uva red globe,4.5,7.55,Frutas,KILOGRAMO,KILOGRAMO
20251106,PIURA,PIURA,PIURA,200101,20251010,Camote morado,1.93,3.4,Tuberculos,SACO GRANDE,KILOGRAMO
20251106,PIURA,PIURA,PIURA,200101,20251010,Melocoton durazno huayco,5.93,10.5,Frutas,KILOGRAMO,KILOGRAMO
20251106,PIURA,PIURA,PIURA,200101,20251010,Arveja verde blanca serrana,4.3,7.65,Legumbres,MALLA MEDIANA,KILOGRAMO
20251106,PIURA,PIURA,PIURA,200101,20251010,Manzana israel,3.18,5.25,Frutas,KILOGRAMO,KILOGRAMO
20251106,PIURA,PIURA,PIURA,200101,20251010,Fideos nicolini tallarin,4.95,6.85,Agro-industriales,PAQUETE,KILOGRAMO
20251106,PIURA,PIURA,PIURA,200101,20251010,Choclo (tipo cusco),5.72,9.35,Cereales,CIENTO,UNIDAD
20251106,PIURA,PIURA,PIURA,200101,20251010,Platano seda congo,1.71,4.45,Frutas,KILOGRAMO,KILOGRAMO
20251106,PIURA,PIURA,PIURA,200101,20251010,Zanahoria,1.96,3.35,Hortalizas,SACO MEDIANO,KILOGRAMO
20251106,PIURA,PIURA,PIURA,200101,20251010,Uva italia,5.54,7.55,Frutas,KILOGRAMO,KILOGRAMO
20251106,PIURA,PIURA,PIURA,200101,20251010,Leche reconstituida (azul) 395 gr,3.55,4.2,Agro-industriales,CAJA,LATA
20251106,PIURA,PIURA,PIURA,200101,20251006,Naranja valencia,2.59,4.1,Frutas,KILOGRAMO,KILOGRAMO
20251106,PIURA,PIURA,PIURA,200101,20251006,Papaya,2.5,2.95,Frutas,KILOGRAMO,KILOGRAMO
20251106,PIURA,PIURA,PIURA,200101,20251006,Palta fuerte,5.1,6.4,Frutas,KILOGRAMO,KILOGRAMO
20251106,PIURA,PIURA,PIURA,200101,20251006,Pallar,6.3,8.1,Menestras,KILOGRAMO,KILOGRAMO
20251106,PIURA,PIURA,PIURA,200101,20251006,Olluco largo,3,4.05,Tuberculos,KILOGRAMO,KILOGRAMO
20251106,PIURA,PIURA,PIURA,200101,20251006,Uva alfonso lavalett,3.46,6.3,Frutas,KILOGRAMO,KILOGRAMO
20251106,PIURA,PIURA,PIURA,200101,20251006,Melon coquito,2.92,3.4,Frutas,KILOGRAMO,KILOGRAMO
20251106,PIURA,PIURA,PIURA,200101,20251006,Tomate,2.05,4.4,Hortalizas,KILOGRAMO,KILOGRAMO
20251106,PIURA,PIURA,PIURA,200101,20251006,Sandia,1.75,2.4,Frutas,KILOGRAMO,KILOGRAMO
20251106,PIURA,PIURA,PIURA,200101,20251006,Cebolla cabeza roja,1.75,4,Hortalizas,SACO,KILOGRAMO
20251106,PIURA,PIURA,PIURA,200101,20251006,Carne de porcino (corte unico),16.95,19.35,Carnes y huevos,UNIDAD,KILOGRAMO
20251106,PIURA,PIURA,PIURA,200101,20251006,Papa canchan,1.81,2.4,Tuberculos,SACO GRANDE,KILOGRAMO
20251106,PIURA,PIURA,PIURA,200101,20251006,Manzana delicia,2.35,4.4,Frutas,KILOGRAMO,KILOGRAMO
20251106,PIURA,PIURA,PIURA,200101,20251006,Azucar rubia nacional (granel),3.33,4.65,Agro-industriales,SACO NORMAL,KILOGRAMO
20251106,PIURA,PIURA,PIURA,200101,20251006,Mango edward,3.6,6.1,Frutas,KILOGRAMO,KILOGRAMO
20251106,PIURA,PIURA,PIURA,200101,20251006,Azucar blanca nacional (granel),3.93,5,Agro-industriales,SACO NORMAL,KILOGRAMO
20251106,PIURA,PIURA,PIURA,200101,20251006,Arroz superior,3.06,3.5,Cereales,SACO NORMAL,KILOGRAMO
20251106,PIURA,PIURA,PIURA,200101,20251006,Arroz extra,3.07,4.35,Cereales,SACO NORMAL,KILOGRAMO
20251106,PIURA,PIURA,PIURA,200101,20251006,Zapallo macre,1.87,3.6,Hortalizas,KILOGRAMO,KILOGRAMO
20251106,PIURA,PIURA,PIURA,200101,20251006,Yuca blanca,1.94,4.65,Tuberculos,KILOGRAMO,KILOGRAMO
20251106,PIURA,PIURA,PIURA,200101,20251006,Vainita americana,3.43,5.35,Legumbres,KILOGRAMO,KILOGRAMO
20251106,PIURA,PIURA,PIURA,200101,20251006,Papa amarilla,3.79,5.1,Tuberculos,SACO GRANDE,KILOGRAMO
20251106,PIURA,PIURA,PIURA,200101,20251006,Uva red globe,4.5,7.55,Frutas,KILOGRAMO,KILOGRAMO
20251106,PIURA,PIURA,PIURA,200101,20251006,Camote morado,1.93,3.4,Tuberculos,SACO GRANDE,KILOGRAMO
20251106,PIURA,PIURA,PIURA,200101,20251006,Melocoton durazno huayco,5.93,10.5,Frutas,KILOGRAMO,KILOGRAMO
20251106,PIURA,PIURA,PIURA,200101,20251006,Arveja verde blanca serrana,4.3,7.65,Legumbres,MALLA MEDIANA,KILOGRAMO
20251106,PIURA,PIURA,PIURA,200101,20251006,Manzana israel,3.18,5.25,Frutas,KILOGRAMO,KILOGRAMO
20251106,PIURA,PIURA,PIURA,200101,20251006,Ajo criollo o napuri,8.81,15.95,Hortalizas,MALLA MEDIANA,KILOGRAMO
20251106,PIURA,PIURA,PIURA,200101,20251006,Fideos nicolini tallarin,4.95,6.85,Agro-industriales,PAQUETE,KILOGRAMO
20251106,PIURA,PIURA,PIURA,200101,20251006,Choclo (tipo cusco),5.72,9.35,Cereales,CIENTO,UNIDAD
20251106,PIURA,PIURA,PIURA,200101,20251006,Platano seda congo,1.71,4.45,Frutas,KILOGRAMO,KILOGRAMO
20251106,PIURA,PIURA,PIURA,200101,20251006,Zanahoria,1.96,3.35,Hortalizas,SACO MEDIANO,KILOGRAMO
20251106,PIURA,PIURA,PIURA,200101,20251006,Uva italia,5.54,7.55,Frutas,KILOGRAMO,KILOGRAMO
20251106,PIURA,PIURA,PIURA,200101,20251006,Leche reconstituida (azul) 395 gr,3.55,4.2,Agro-industriales,CAJA,LATA
20251106,PIURA,PIURA,PIURA,200101,20251006,Aji escabeche,2.91,3.7,Hortalizas,KILOGRAMO,MALLA
20251106,PIURA,PIURA,PIURA,200101,20251006,Limon sutil bolsa,3.87,4.95,Frutas,KILOGRAMO,KILOGRAMO
20251106,PIURA,PIURA,PIURA,200101,20251006,Aceite clasico botella 900 ml,7.96,10.6,Agro-industriales,CAJA CHICA,LITRO
20251106,PIURA,PIURA,PIURA,200101,20251006,Chirimoya cumbe,5.05,10.65,Frutas,CAJON CHICO,KILOGRAMO
20251106,PIURA,PIURA,PIURA,200101,20251006,Lenteja,5.1,8.2,Menestras,KILOGRAMO,KILOGRAMO
20251106,PIURA,PIURA,PIURA,200101,20251006,Platano bellaco,2.14,4.5,Frutas,LITRO,LITRO
20251106,PIURA,PIURA,PIURA,200101,20251006,Huevos rosados,6.73,9.95,Carnes y huevos,KILOGRAMO,KILOGRAMO
20251106,PIURA,PIURA,PIURA,200101,20251006,Leche fresca,3.55,4.95,Agro-industriales,LITRO,LITRO
20251106,PIURA,PIURA,PIURA,200101,20251006,Haba verde serrana,2.1,4.6,Legumbres,KILOGRAMO,KILOGRAMO
20251106,PIURA,PIURA,PIURA,200101,20251006,Garbanzo,5.23,10.05,Menestras,KILOGRAMO,KILOGRAMO
20251106,PIURA,PIURA,PIURA,200101,20251006,Pina criolla,2,2.6,Frutas,KILOGRAMO,KILOGRAMO
20251106,PIURA,PIURA,PIURA,200101,20251006,Frijol castilla,4.33,6.45,Menestras,KILOGRAMO,KILOGRAMO
20251106,PIURA,PIURA,PIURA,200101,20251006,Frijol canario,5.63,7.2,Menestras,KILOGRAMO,KILOGRAMO
20251106,PIURA,PIURA,PIURA,200101,20251006,Carne fresca de vacuno,16.5,22.15,Carnes y huevos,KILOGRAMO,KILOGRAMO
20251106,PIURA,PIURA,PIURA,200101,20251006,Carne de pollo (eviscerado),8.65,9.75,Carnes y huevos,KILOGRAMO,KILOGRAMO
20251106,PIURA,PIURA,PIURA,200101,20251006,Aji rocoto,6.4,7.9,Hortalizas,KILOGRAMO,KILOGRAMO
20251106,PIURA,PIURA,PIURA,200101,20251001,Uva alfonso lavalett,3.46,6.3,Frutas,KILOGRAMO,KILOGRAMO
20251106,PIURA,PIURA,PIURA,200101,20251001,Melon coquito,2.83,3.4,Frutas,KILOGRAMO,KILOGRAMO
20251106,PIURA,PIURA,PIURA,200101,20251001,Tomate,2.09,4.55,Hortalizas,KILOGRAMO,KILOGRAMO
20251106,PIURA,PIURA,PIURA,200101,20251001,Sandia,1.75,2.4,Frutas,KILOGRAMO,KILOGRAMO
20251106,PIURA,PIURA,PIURA,200101,20251001,Cebolla cabeza roja,1.75,3.95,Hortalizas,SACO,KILOGRAMO
20251106,PIURA,PIURA,PIURA,200101,20251001,Carne de porcino (corte unico),16.95,19.2,Carnes y huevos,UNIDAD,KILOGRAMO
20251106,PIURA,PIURA,PIURA,200101,20251001,Papa canchan,1.78,2.25,Tuberculos,SACO GRANDE,KILOGRAMO
20251106,PIURA,PIURA,PIURA,200101,20251001,Manzana delicia,2.23,5.25,Frutas,KILOGRAMO,KILOGRAMO
20251106,PIURA,PIURA,PIURA,200101,20251001,Azucar rubia nacional (granel),3.33,4.55,Agro-industriales,SACO NORMAL,KILOGRAMO
20251106,PIURA,PIURA,PIURA,200101,20251001,Mango edward,3.37,6.25,Frutas,KILOGRAMO,KILOGRAMO
20251106,PIURA,PIURA,PIURA,200101,20251001,Azucar blanca nacional (granel),3.91,4.6,Agro-industriales,SACO NORMAL,KILOGRAMO
20251106,PIURA,PIURA,PIURA,200101,20251001,Arroz superior,3.11,3.5,Cereales,SACO NORMAL,KILOGRAMO
20251106,PIURA,PIURA,PIURA,200101,20251001,Arroz extra,3.13,4.25,Cereales,SACO NORMAL,KILOGRAMO
20251106,PIURA,PIURA,PIURA,200101,20251001,Zapallo macre,1.9,3.6,Hortalizas,KILOGRAMO,KILOGRAMO
20251106,PIURA,PIURA,PIURA,200101,20251001,Yuca blanca,1.94,4.4,Tuberculos,KILOGRAMO,KILOGRAMO
20251106,PIURA,PIURA,PIURA,200101,20251001,Vainita americana,3.67,5.45,Legumbres,KILOGRAMO,KILOGRAMO
20251106,PIURA,PIURA,PIURA,200101,20251001,Papa amarilla,3.77,5,Tuberculos,SACO GRANDE,KILOGRAMO
20251106,PIURA,PIURA,PIURA,200101,20251001,Uva red globe,4.88,7.55,Frutas,KILOGRAMO,KILOGRAMO
20251106,PIURA,PIURA,PIURA,200101,20251001,Camote morado,1.99,3.4,Tuberculos,SACO GRANDE,KILOGRAMO
20251106,PIURA,PIURA,PIURA,200101,20251001,Melocoton durazno huayco,5.93,10.65,Frutas,KILOGRAMO,KILOGRAMO
20251106,PIURA,PIURA,PIURA,200101,20251001,Arveja verde blanca serrana,4.32,7.65,Legumbres,MALLA MEDIANA,KILOGRAMO
20251106,PIURA,PIURA,PIURA,200101,20251001,Manzana israel,3.33,5.95,Frutas,KILOGRAMO,KILOGRAMO
20251106,PIURA,PIURA,PIURA,200101,20251001,Ajo criollo o napuri,8.57,16,Hortalizas,MALLA MEDIANA,KILOGRAMO
20251106,PIURA,PIURA,PIURA,200101,20251001,Choclo (tipo cusco),5.78,9.35,Cereales,CIENTO,UNIDAD
20251106,PIURA,PIURA,PIURA,200101,20251001,Platano seda congo,1.68,4.45,Frutas,KILOGRAMO,KILOGRAMO
20251106,PIURA,PIURA,PIURA,200101,20251001,Zanahoria,1.96,3.35,Hortalizas,SACO MEDIANO,KILOGRAMO
20251106,PIURA,PIURA,PIURA,200101,20251001,Uva italia,5.71,7.55,Frutas,KILOGRAMO,KILOGRAMO
20251106,PIURA,PIURA,PIURA,200101,20251001,Leche reconstituida (azul) 395 gr,3.55,4.2,Agro-industriales,CAJA,LATA
20251106,PIURA,PIURA,PIURA,200101,20251001,Fideos nicolini tallarin,4.8,6.85,Agro-industriales,PAQUETE,KILOGRAMO
20251106,PIURA,PIURA,PIURA,200101,20251001,Aji escabeche,2.99,3.7,Hortalizas,KILOGRAMO,MALLA
20251106,PIURA,PIURA,PIURA,200101,20251001,Limon sutil bolsa,4.81,5.65,Frutas,KILOGRAMO,KILOGRAMO
20251106,PIURA,PIURA,PIURA,200101,20251001,Aceite clasico botella 900 ml,8.24,10.65,Agro-industriales,CAJA CHICA,LITRO
20251106,PIURA,PIURA,PIURA,200101,20251001,Chirimoya cumbe,5.05,10.65,Frutas,CAJON CHICO,KILOGRAMO
20251106,PIURA,PIURA,PIURA,200101,20251001,Lenteja,5.2,8.2,Menestras,KILOGRAMO,KILOGRAMO
20251106,PIURA,PIURA,PIURA,200101,20251001,Platano bellaco,2.14,4.75,Frutas,LITRO,LITRO
20251106,PIURA,PIURA,PIURA,200101,20251001,Huevos rosados,6.88,9.95,Carnes y huevos,KILOGRAMO,KILOGRAMO
20251106,PIURA,PIURA,PIURA,200101,20251001,Leche fresca,3.4,4.9,Agro-industriales,LITRO,LITRO
20251106,PIURA,PIURA,PIURA,200101,20251001,Haba verde serrana,2.16,4.45,Legumbres,KILOGRAMO,KILOGRAMO
20251106,PIURA,PIURA,PIURA,200101,20251001,Garbanzo,5.39,10,Menestras,KILOGRAMO,KILOGRAMO
20251106,PIURA,PIURA,PIURA,200101,20251001,Pina criolla,2,2.8,Frutas,KILOGRAMO,KILOGRAMO
20251106,PIURA,PIURA,PIURA,200101,20251001,Frijol castilla,4.41,6.4,Menestras,KILOGRAMO,KILOGRAMO
20251106,PIURA,PIURA,PIURA,200101,20251001,Frijol canario,5.72,7.2,Menestras,KILOGRAMO,KILOGRAMO
20251106,PIURA,PIURA,PIURA,200101,20251001,Carne fresca de vacuno,17,22.15,Carnes y huevos,KILOGRAMO,KILOGRAMO
20251106,PIURA,PIURA,PIURA,200101,20251001,Carne de pollo (eviscerado),8.4,9.7,Carnes y huevos,KILOGRAMO,KILOGRAMO
20251106,PIURA,PIURA,PIURA,200101,20251001,Aji rocoto,6.4,7.9,Hortalizas,KILOGRAMO,KILOGRAMO
20251106,PIURA,PIURA,PIURA,200101,20251001,Naranja valencia,2.44,4.1,Frutas,KILOGRAMO,KILOGRAMO
20251106,PIURA,PIURA,PIURA,200101,20251001,Papaya,2.2,3.05,Frutas,KILOGRAMO,KILOGRAMO
20251106,PIURA,PIURA,PIURA,200101,20251001,Palta fuerte,5.1,6.35,Frutas,KILOGRAMO,KILOGRAMO
20251106,PIURA,PIURA,PIURA,200101,20251001,Pallar,6.65,8.1,Menestras,KILOGRAMO,KILOGRAMO
20251106,PIURA,PIURA,PIURA,200101,20251001,Olluco largo,2.9,4.1,Tuberculos,KILOGRAMO,KILOGRAMO
20251006,PIURA,PIURA,PIURA,200101,20250929,Tomate,2.09,4.55,Hortalizas,KILOGRAMO,KILOGRAMO
20251006,PIURA,PIURA,PIURA,200101,20250929,Sandia,1.75,2.25,Frutas,KILOGRAMO,KILOGRAMO
20251006,PIURA,PIURA,PIURA,200101,20250929,Cebolla cabeza roja,1.7,3.95,Hortalizas,SACO,KILOGRAMO
20251006,PIURA,PIURA,PIURA,200101,20250929,Carne de porcino (corte unico),16.95,19.2,Carnes y huevos,UNIDAD,KILOGRAMO
20251006,PIURA,PIURA,PIURA,200101,20250929,Papa canchan,1.76,2.25,Tuberculos,SACO GRANDE,KILOGRAMO
20251006,PIURA,PIURA,PIURA,200101,20250929,Manzana delicia,2.23,5.25,Frutas,KILOGRAMO,KILOGRAMO
20251006,PIURA,PIURA,PIURA,200101,20250929,Azucar rubia nacional (granel),3.33,4.55,Agro-industriales,SACO NORMAL,KILOGRAMO
20251006,PIURA,PIURA,PIURA,200101,20250929,Azucar blanca nacional (granel),3.9,4.6,Agro-industriales,SACO NORMAL,KILOGRAMO
20251006,PIURA,PIURA,PIURA,200101,20250929,Arroz superior,3.12,3.5,Cereales,SACO NORMAL,KILOGRAMO
20251006,PIURA,PIURA,PIURA,200101,20250929,Arroz extra,3.13,4.25,Cereales,SACO NORMAL,KILOGRAMO
20251006,PIURA,PIURA,PIURA,200101,20250929,Zapallo macre,1.9,3.6,Hortalizas,KILOGRAMO,KILOGRAMO
20251006,PIURA,PIURA,PIURA,200101,20250929,Yuca blanca,1.94,4.4,Tuberculos,KILOGRAMO,KILOGRAMO
20251006,PIURA,PIURA,PIURA,200101,20250929,Vainita americana,3.66,5.45,Legumbres,KILOGRAMO,KILOGRAMO
20251006,PIURA,PIURA,PIURA,200101,20250929,Papa amarilla,3.8,5.05,Tuberculos,SACO GRANDE,KILOGRAMO
20251006,PIURA,PIURA,PIURA,200101,20250929,Uva red globe,4.88,7.55,Frutas,KILOGRAMO,KILOGRAMO
20251006,PIURA,PIURA,PIURA,200101,20250929,Camote morado,1.99,3.4,Tuberculos,SACO GRANDE,KILOGRAMO
20251006,PIURA,PIURA,PIURA,200101,20250929,Melocoton durazno huayco,5.88,10.65,Frutas,KILOGRAMO,KILOGRAMO
20251006,PIURA,PIURA,PIURA,200101,20250929,Arveja verde blanca serrana,4.08,7.65,Legumbres,MALLA MEDIANA,KILOGRAMO
20251006,PIURA,PIURA,PIURA,200101,20250929,Manzana israel,3.33,5.95,Frutas,KILOGRAMO,KILOGRAMO
20251006,PIURA,PIURA,PIURA,200101,20250929,Ajo criollo o napuri,8.57,17.4,Hortalizas,MALLA MEDIANA,KILOGRAMO
20251006,PIURA,PIURA,PIURA,200101,20250929,Choclo (tipo cusco),5.78,9.35,Cereales,CIENTO,UNIDAD
20251006,PIURA,PIURA,PIURA,200101,20250929,Platano seda congo,1.75,4.45,Frutas,KILOGRAMO,KILOGRAMO
20251006,PIURA,PIURA,PIURA,200101,20250929,Zanahoria,1.92,3.35,Hortalizas,SACO MEDIANO,KILOGRAMO
20251006,PIURA,PIURA,PIURA,200101,20250929,Uva italia,5.58,7.45,Frutas,KILOGRAMO,KILOGRAMO
20251006,PIURA,PIURA,PIURA,200101,20250929,Leche reconstituida (azul) 395 gr,3.55,4.15,Agro-industriales,CAJA,LATA
20251006,PIURA,PIURA,PIURA,200101,20250929,Fideos nicolini tallarin,4.75,6.85,Agro-industriales,PAQUETE,KILOGRAMO
20251006,PIURA,PIURA,PIURA,200101,20250929,Aji escabeche,3.03,3.7,Hortalizas,KILOGRAMO,MALLA
20251006,PIURA,PIURA,PIURA,200101,20250929,Limon sutil bolsa,4.93,5.9,Frutas,KILOGRAMO,KILOGRAMO
20251006,PIURA,PIURA,PIURA,200101,20250929,Aceite clasico botella 900 ml,8.24,10.65,Agro-industriales,CAJA CHICA,LITRO
20251006,PIURA,PIURA,PIURA,200101,20250929,Chirimoya cumbe,5.05,10.65,Frutas,CAJON CHICO,KILOGRAMO
20251006,PIURA,PIURA,PIURA,200101,20250929,Lenteja,5.1,8.15,Menestras,KILOGRAMO,KILOGRAMO
20251006,PIURA,PIURA,PIURA,200101,20250929,Platano bellaco,2.14,4.7,Frutas,LITRO,LITRO
20251006,PIURA,PIURA,PIURA,200101,20250929,Huevos rosados,6.88,9.95,Carnes y huevos,KILOGRAMO,KILOGRAMO
20251006,PIURA,PIURA,PIURA,200101,20250929,Leche fresca,3.4,4.9,Agro-industriales,LITRO,LITRO
20251006,PIURA,PIURA,PIURA,200101,20250929,Haba verde serrana,2.09,4.45,Legumbres,KILOGRAMO,KILOGRAMO
20251006,PIURA,PIURA,PIURA,200101,20250929,Garbanzo,5.3,10,Menestras,KILOGRAMO,KILOGRAMO
20251006,PIURA,PIURA,PIURA,200101,20250929,Pina criolla,2,2.8,Frutas,KILOGRAMO,KILOGRAMO
20251006,PIURA,PIURA,PIURA,200101,20250929,Frijol castilla,4.41,6.4,Menestras,KILOGRAMO,KILOGRAMO
20251006,PIURA,PIURA,PIURA,200101,20250929,Frijol canario,5.65,7.15,Menestras,KILOGRAMO,KILOGRAMO
20251006,PIURA,PIURA,PIURA,200101,20250929,Carne fresca de vacuno,22.5,22.15,Carnes y huevos,KILOGRAMO,KILOGRAMO
20251006,PIURA,PIURA,PIURA,200101,20250929,Carne de pollo (eviscerado),9,9.3,Carnes y huevos,KILOGRAMO,KILOGRAMO
20251006,PIURA,PIURA,PIURA,200101,20250929,Aji rocoto,6.4,8,Hortalizas,KILOGRAMO,KILOGRAMO
20251006,PIURA,PIURA,PIURA,200101,20250929,Naranja valencia,2.38,4.05,Frutas,KILOGRAMO,KILOGRAMO
20251006,PIURA,PIURA,PIURA,200101,20250929,Papaya,2.1,3.05,Frutas,KILOGRAMO,KILOGRAMO
20251006,PIURA,PIURA,PIURA,200101,20250929,Palta fuerte,5.05,6.35,Frutas,KILOGRAMO,KILOGRAMO
20251006,PIURA,PIURA,PIURA,200101,20250929,Pallar,6.65,8.1,Menestras,KILOGRAMO,KILOGRAMO
20251006,PIURA,PIURA,PIURA,200101,20250929,Olluco largo,2.9,4.2,Tuberculos,KILOGRAMO,KILOGRAMO
20251006,PIURA,PIURA,PIURA,200101,20250929,Uva alfonso lavalett,3.46,6.3,Frutas,KILOGRAMO,KILOGRAMO
20251006,PIURA,PIURA,PIURA,200101,20250929,Melon coquito,3.46,3.4,Frutas,KILOGRAMO,KILOGRAMO
20251006,PIURA,PIURA,PIURA,200101,20250919,Manzana delicia,2.25,5.15,Frutas,KILOGRAMO,KILOGRAMO
20251006,PIURA,PIURA,PIURA,200101,20250919,Azucar rubia nacional (granel),3.41,4.55,Agro-industriales,SACO NORMAL,KILOGRAMO
20251006,PIURA,PIURA,PIURA,200101,20250919,Azucar blanca nacional (granel),3.9,4.25,Agro-industriales,SACO NORMAL,KILOGRAMO
20251006,PIURA,PIURA,PIURA,200101,20250919,Arroz superior,3.15,3.5,Cereales,SACO NORMAL,KILOGRAMO
20251006,PIURA,PIURA,PIURA,200101,20250919,Arroz extra,3.14,4.4,Cereales,SACO NORMAL,KILOGRAMO
20251006,PIURA,PIURA,PIURA,200101,20250919,Zapallo macre,1.9,3.6,Hortalizas,KILOGRAMO,KILOGRAMO
20251006,PIURA,PIURA,PIURA,200101,20250919,Yuca blanca,1.88,4.35,Tuberculos,KILOGRAMO,KILOGRAMO
20251006,PIURA,PIURA,PIURA,200101,20250919,Vainita americana,3.67,5.45,Legumbres,KILOGRAMO,KILOGRAMO
20251006,PIURA,PIURA,PIURA,200101,20250919,Papa amarilla,3.77,4.8,Tuberculos,SACO GRANDE,KILOGRAMO
20251006,PIURA,PIURA,PIURA,200101,20250919,Uva red globe,4.79,7.55,Frutas,KILOGRAMO,KILOGRAMO
20251006,PIURA,PIURA,PIURA,200101,20250919,Camote morado,1.95,3.45,Tuberculos,SACO GRANDE,KILOGRAMO
20251006,PIURA,PIURA,PIURA,200101,20250919,Melocoton durazno huayco,5.93,10.65,Frutas,KILOGRAMO,KILOGRAMO
20251006,PIURA,PIURA,PIURA,200101,20250919,Arveja verde blanca serrana,4.1,7.4,Legumbres,MALLA MEDIANA,KILOGRAMO
20251006,PIURA,PIURA,PIURA,200101,20250919,Manzana israel,3.25,4.55,Frutas,KILOGRAMO,KILOGRAMO
20251006,PIURA,PIURA,PIURA,200101,20250919,Ajo criollo o napuri,8.49,16.9,Hortalizas,MALLA MEDIANA,KILOGRAMO
20251006,PIURA,PIURA,PIURA,200101,20250919,Choclo (tipo cusco),5.82,9.25,Cereales,CIENTO,UNIDAD
20251006,PIURA,PIURA,PIURA,200101,20250919,Platano seda congo,1.82,4.45,Frutas,KILOGRAMO,KILOGRAMO
20251006,PIURA,PIURA,PIURA,200101,20250919,Zanahoria,1.92,3.35,Hortalizas,SACO MEDIANO,KILOGRAMO
20251006,PIURA,PIURA,PIURA,200101,20250919,Uva italia,5.63,7.7,Frutas,KILOGRAMO,KILOGRAMO
20251006,PIURA,PIURA,PIURA,200101,20250919,Leche reconstituida (azul) 395 gr,3.57,4.15,Agro-industriales,CAJA,LATA
20251006,PIURA,PIURA,PIURA,200101,20250919,Fideos nicolini tallarin,4.65,6.85,Agro-industriales,PAQUETE,KILOGRAMO
20251006,PIURA,PIURA,PIURA,200101,20250919,Aji escabeche,3.06,3.9,Hortalizas,KILOGRAMO,MALLA
20251006,PIURA,PIURA,PIURA,200101,20250919,Limon sutil bolsa,5.4,6.25,Frutas,KILOGRAMO,KILOGRAMO
20251006,PIURA,PIURA,PIURA,200101,20250919,Aceite clasico botella 900 ml,8.06,10.65,Agro-industriales,CAJA CHICA,LITRO
20251006,PIURA,PIURA,PIURA,200101,20250919,Chirimoya cumbe,5,10.65,Frutas,CAJON CHICO,KILOGRAMO
20251006,PIURA,PIURA,PIURA,200101,20250919,Lenteja,5.15,8.1,Menestras,KILOGRAMO,KILOGRAMO
20251006,PIURA,PIURA,PIURA,200101,20250919,Platano bellaco,2.14,4.6,Frutas,LITRO,LITRO
20251006,PIURA,PIURA,PIURA,200101,20250919,Huevos rosados,6.75,9.85,Carnes y huevos,KILOGRAMO,KILOGRAMO
20251006,PIURA,PIURA,PIURA,200101,20250919,Leche fresca,3.25,5.05,Agro-industriales,LITRO,LITRO
20251006,PIURA,PIURA,PIURA,200101,20250919,Haba verde serrana,2.12,4.55,Legumbres,KILOGRAMO,KILOGRAMO
20251006,PIURA,PIURA,PIURA,200101,20250919,Garbanzo,5.34,10.05,Menestras,KILOGRAMO,KILOGRAMO
20251006,PIURA,PIURA,PIURA,200101,20250919,Pina criolla,2,2.8,Frutas,KILOGRAMO,KILOGRAMO
20251006,PIURA,PIURA,PIURA,200101,20250919,Frijol castilla,4.37,6.3,Menestras,KILOGRAMO,KILOGRAMO
20251006,PIURA,PIURA,PIURA,200101,20250919,Frijol canario,5.66,7.15,Menestras,KILOGRAMO,KILOGRAMO
20251006,PIURA,PIURA,PIURA,200101,20250919,Carne fresca de vacuno,20.5,21.9,Carnes y huevos,KILOGRAMO,KILOGRAMO
20251006,PIURA,PIURA,PIURA,200101,20250919,Carne de pollo (eviscerado),9,9.45,Carnes y huevos,KILOGRAMO,KILOGRAMO
20251006,PIURA,PIURA,PIURA,200101,20250919,Aji rocoto,3.7,7,Hortalizas,KILOGRAMO,KILOGRAMO
20251006,PIURA,PIURA,PIURA,200101,20250919,Naranja valencia,2.35,4.1,Frutas,KILOGRAMO,KILOGRAMO
20251006,PIURA,PIURA,PIURA,200101,20250919,Papaya,2.05,3.05,Frutas,KILOGRAMO,KILOGRAMO
20251006,PIURA,PIURA,PIURA,200101,20250919,Palta fuerte,5.05,6.35,Frutas,KILOGRAMO,KILOGRAMO
20251006,PIURA,PIURA,PIURA,200101,20250919,Pallar,6.75,8.1,Menestras,KILOGRAMO,KILOGRAMO
20251006,PIURA,PIURA,PIURA,200101,20250919,Olluco largo,3,4.05,Tuberculos,KILOGRAMO,KILOGRAMO
20251006,PIURA,PIURA,PIURA,200101,20250919,Uva alfonso lavalett,3.46,6.2,Frutas,KILOGRAMO,KILOGRAMO
20251006,PIURA,PIURA,PIURA,200101,20250919,Melon coquito,3.38,4.15,Frutas,KILOGRAMO,KILOGRAMO
20251006,PIURA,PIURA,PIURA,200101,20250919,Cebolla cabeza roja,1.71,3.95,Hortalizas,SACO,KILOGRAMO
20251006,PIURA,PIURA,PIURA,200101,20250919,Tomate,2.11,4.55,Hortalizas,KILOGRAMO,KILOGRAMO
20251006,PIURA,PIURA,PIURA,200101,20250919,Sandia,1.8,2.45,Frutas,KILOGRAMO,KILOGRAMO
20251006,PIURA,PIURA,PIURA,200101,20250919,Carne de porcino (corte unico),16.75,19.05,Carnes y huevos,UNIDAD,KILOGRAMO
20251006,PIURA,PIURA,PIURA,200101,20250919,Papa canchan,1.74,2.25,Tuberculos,SACO GRANDE,KILOGRAMO
20251006,PIURA,PIURA,PIURA,200101,20250915,Choclo (tipo cusco),5.82,9.25,Cereales,CIENTO,UNIDAD
20251006,PIURA,PIURA,PIURA,200101,20250915,Platano seda congo,1.82,4.45,Frutas,KILOGRAMO,KILOGRAMO
20251006,PIURA,PIURA,PIURA,200101,20250915,Zanahoria,1.92,3.35,Hortalizas,SACO MEDIANO,KILOGRAMO
20251006,PIURA,PIURA,PIURA,200101,20250915,Uva italia,5.63,7.7,Frutas,KILOGRAMO,KILOGRAMO
20251006,PIURA,PIURA,PIURA,200101,20250915,Leche reconstituida (azul) 395 gr,3.57,4.15,Agro-industriales,CAJA,LATA
20251006,PIURA,PIURA,PIURA,200101,20250915,Fideos nicolini tallarin,4.65,6.85,Agro-industriales,PAQUETE,KILOGRAMO
20251006,PIURA,PIURA,PIURA,200101,20250915,Aji escabeche,3.06,3.9,Hortalizas,KILOGRAMO,MALLA
20251006,PIURA,PIURA,PIURA,200101,20250915,Limon sutil bolsa,5.4,6.25,Frutas,KILOGRAMO,KILOGRAMO
20251006,PIURA,PIURA,PIURA,200101,20250915,Aceite clasico botella 900 ml,8.06,10.65,Agro-industriales,CAJA CHICA,LITRO
20251006,PIURA,PIURA,PIURA,200101,20250915,Chirimoya cumbe,5,10.65,Frutas,CAJON CHICO,KILOGRAMO
20251006,PIURA,PIURA,PIURA,200101,20250915,Lenteja,5.15,8.1,Menestras,KILOGRAMO,KILOGRAMO
20251006,PIURA,PIURA,PIURA,200101,20250915,Platano bellaco,2.14,4.6,Frutas,LITRO,LITRO
20251006,PIURA,PIURA,PIURA,200101,20250915,Huevos rosados,6.75,9.85,Carnes y huevos,KILOGRAMO,KILOGRAMO
20251006,PIURA,PIURA,PIURA,200101,20250915,Leche fresca,3.25,5.05,Agro-industriales,LITRO,LITRO
20251006,PIURA,PIURA,PIURA,200101,20250915,Haba verde serrana,2.12,4.55,Legumbres,KILOGRAMO,KILOGRAMO
20251006,PIURA,PIURA,PIURA,200101,20250915,Garbanzo,5.34,10.05,Menestras,KILOGRAMO,KILOGRAMO
20251006,PIURA,PIURA,PIURA,200101,20250915,Pina criolla,2,2.8,Frutas,KILOGRAMO,KILOGRAMO
20251006,PIURA,PIURA,PIURA,200101,20250915,Frijol castilla,4.37,6.3,Menestras,KILOGRAMO,KILOGRAMO
20251006,PIURA,PIURA,PIURA,200101,20250915,Frijol canario,5.66,7.15,Menestras,KILOGRAMO,KILOGRAMO
20251006,PIURA,PIURA,PIURA,200101,20250915,Carne fresca de vacuno,20.5,21.9,Carnes y huevos,KILOGRAMO,KILOGRAMO
20251006,PIURA,PIURA,PIURA,200101,20250915,Carne de pollo (eviscerado),9,9.45,Carnes y huevos,KILOGRAMO,KILOGRAMO
20251006,PIURA,PIURA,PIURA,200101,20250915,Aji rocoto,3.7,7,Hortalizas,KILOGRAMO,KILOGRAMO
20251006,PIURA,PIURA,PIURA,200101,20250915,Naranja valencia,2.35,4.1,Frutas,KILOGRAMO,KILOGRAMO
20251006,PIURA,PIURA,PIURA,200101,20250915,Papaya,2.05,3.05,Frutas,KILOGRAMO,KILOGRAMO
20251006,PIURA,PIURA,PIURA,200101,20250915,Palta fuerte,5.05,6.35,Frutas,KILOGRAMO,KILOGRAMO
20251006,PIURA,PIURA,PIURA,200101,20250915,Pallar,6.75,8.1,Menestras,KILOGRAMO,KILOGRAMO
20251006,PIURA,PIURA,PIURA,200101,20250915,Olluco largo,3,4.05,Tuberculos,KILOGRAMO,KILOGRAMO
20251006,PIURA,PIURA,PIURA,200101,20250915,Melon coquito,3.38,4.15,Frutas,KILOGRAMO,KILOGRAMO
20251006,PIURA,PIURA,PIURA,200101,20250915,Cebolla cabeza roja,1.71,3.95,Hortalizas,SACO,KILOGRAMO
20251006,PIURA,PIURA,PIURA,200101,20250915,Uva alfonso lavalett,3.46,6.2,Frutas,KILOGRAMO,KILOGRAMO
20251006,PIURA,PIURA,PIURA,200101,20250915,Tomate,2.11,4.55,Hortalizas,KILOGRAMO,KILOGRAMO
20251006,PIURA,PIURA,PIURA,200101,20250915,Sandia,1.8,2.45,Frutas,KILOGRAMO,KILOGRAMO
20251006,PIURA,PIURA,PIURA,200101,20250915,Carne de porcino (corte unico),16.75,19.05,Carnes y huevos,UNIDAD,KILOGRAMO
20251006,PIURA,PIURA,PIURA,200101,20250915,Papa canchan,1.74,2.25,Tuberculos,SACO GRANDE,KILOGRAMO
20251006,PIURA,PIURA,PIURA,200101,20250915,Azucar rubia nacional (granel),3.41,4.55,Agro-industriales,SACO NORMAL,KILOGRAMO
20251006,PIURA,PIURA,PIURA,200101,20250915,Azucar blanca nacional (granel),3.9,4.25,Agro-industriales,SACO NORMAL,KILOGRAMO
20251006,PIURA,PIURA,PIURA,200101,20250915,Arroz superior,3.15,3.5,Cereales,SACO NORMAL,KILOGRAMO
20251006,PIURA,PIURA,PIURA,200101,20250915,Arroz extra,3.14,4.4,Cereales,SACO NORMAL,KILOGRAMO
20251006,PIURA,PIURA,PIURA,200101,20250915,Zapallo macre,1.9,3.6,Hortalizas,KILOGRAMO,KILOGRAMO
20251006,PIURA,PIURA,PIURA,200101,20250915,Yuca blanca,1.88,4.35,Tuberculos,KILOGRAMO,KILOGRAMO
20251006,PIURA,PIURA,PIURA,200101,20250915,Vainita americana,3.67,5.45,Legumbres,KILOGRAMO,KILOGRAMO
20251006,PIURA,PIURA,PIURA,200101,20250915,Papa amarilla,3.77,4.8,Tuberculos,SACO GRANDE,KILOGRAMO
20251006,PIURA,PIURA,PIURA,200101,20250915,Uva red globe,4.79,7.55,Frutas,KILOGRAMO,KILOGRAMO
20251006,PIURA,PIURA,PIURA,200101,20250915,Camote morado,1.95,3.45,Tuberculos,SACO GRANDE,KILOGRAMO
20251006,PIURA,PIURA,PIURA,200101,20250915,Melocoton durazno huayco,5.93,10.65,Frutas,KILOGRAMO,KILOGRAMO
20251006,PIURA,PIURA,PIURA,200101,20250915,Arveja verde blanca serrana,4.1,7.4,Legumbres,MALLA MEDIANA,KILOGRAMO
20251006,PIURA,PIURA,PIURA,200101,20250915,Manzana israel,3.25,4.55,Frutas,KILOGRAMO,KILOGRAMO
20251006,PIURA,PIURA,PIURA,200101,20250915,Ajo criollo o napuri,8.49,16.9,Hortalizas,MALLA MEDIANA,KILOGRAMO
20251006,PIURA,PIURA,PIURA,200101,20250915,Manzana delicia,2.25,5.15,Frutas,KILOGRAMO,KILOGRAMO
20251006,PIURA,PIURA,PIURA,200101,20250912,Choclo (tipo cusco),5.78,9,Cereales,CIENTO,UNIDAD
20251006,PIURA,PIURA,PIURA,200101,20250912,Platano seda congo,1.82,4.45,Frutas,KILOGRAMO,KILOGRAMO
20251006,PIURA,PIURA,PIURA,200101,20250912,Zanahoria,1.89,3.35,Hortalizas,SACO MEDIANO,KILOGRAMO
20251006,PIURA,PIURA,PIURA,200101,20250912,Uva italia,5.63,7.7,Frutas,KILOGRAMO,KILOGRAMO
20251006,PIURA,PIURA,PIURA,200101,20250912,Leche reconstituida (azul) 395 gr,3.57,4.15,Agro-industriales,CAJA,LATA
20251006,PIURA,PIURA,PIURA,200101,20250912,Fideos nicolini tallarin,4.65,6.85,Agro-industriales,PAQUETE,KILOGRAMO
20251006,PIURA,PIURA,PIURA,200101,20250912,Aji escabeche,3.06,3.9,Hortalizas,KILOGRAMO,MALLA
20251006,PIURA,PIURA,PIURA,200101,20250912,Limon sutil bolsa,4.8,5.85,Frutas,KILOGRAMO,KILOGRAMO
20251006,PIURA,PIURA,PIURA,200101,20250912,Aceite clasico botella 900 ml,7.92,10.65,Agro-industriales,CAJA CHICA,LITRO
20251006,PIURA,PIURA,PIURA,200101,20250912,Chirimoya cumbe,5.65,10.1,Frutas,CAJON CHICO,KILOGRAMO
20251006,PIURA,PIURA,PIURA,200101,20250912,Lenteja,5.15,8.3,Menestras,KILOGRAMO,KILOGRAMO
20251006,PIURA,PIURA,PIURA,200101,20250912,Platano bellaco,2.14,4.35,Frutas,LITRO,LITRO
20251006,PIURA,PIURA,PIURA,200101,20250912,Huevos rosados,6.75,9.85,Carnes y huevos,KILOGRAMO,KILOGRAMO
20251006,PIURA,PIURA,PIURA,200101,20250912,Leche fresca,3.25,5.05,Agro-industriales,LITRO,LITRO
20251006,PIURA,PIURA,PIURA,200101,20250912,Haba verde serrana,2.11,4.55,Legumbres,KILOGRAMO,KILOGRAMO
20251006,PIURA,PIURA,PIURA,200101,20250912,Garbanzo,5.3,10.05,Menestras,KILOGRAMO,KILOGRAMO
20251006,PIURA,PIURA,PIURA,200101,20250912,Pina criolla,2,2.8,Frutas,KILOGRAMO,KILOGRAMO
20251006,PIURA,PIURA,PIURA,200101,20250912,Frijol castilla,4.37,5.8,Menestras,KILOGRAMO,KILOGRAMO
20251006,PIURA,PIURA,PIURA,200101,20250912,Frijol canario,5.61,7.2,Menestras,KILOGRAMO,KILOGRAMO
20251006,PIURA,PIURA,PIURA,200101,20250912,Carne fresca de vacuno,20.5,21.9,Carnes y huevos,KILOGRAMO,KILOGRAMO
20251006,PIURA,PIURA,PIURA,200101,20250912,Carne de pollo (eviscerado),8.95,9.95,Carnes y huevos,KILOGRAMO,KILOGRAMO
20251006,PIURA,PIURA,PIURA,200101,20250912,Aji rocoto,3.7,7.05,Hortalizas,KILOGRAMO,KILOGRAMO
20251006,PIURA,PIURA,PIURA,200101,20250912,Papaya,2.03,3.05,Frutas,KILOGRAMO,KILOGRAMO
20251006,PIURA,PIURA,PIURA,200101,20250912,Palta fuerte,5.05,6.35,Frutas,KILOGRAMO,KILOGRAMO
20251006,PIURA,PIURA,PIURA,200101,20250912,Pallar,6.7,8.1,Menestras,KILOGRAMO,KILOGRAMO
20251006,PIURA,PIURA,PIURA,200101,20250912,Olluco largo,3,4.05,Tuberculos,KILOGRAMO,KILOGRAMO
20251006,PIURA,PIURA,PIURA,200101,20250912,Naranja valencia,2.35,4,Frutas,KILOGRAMO,KILOGRAMO
20251006,PIURA,PIURA,PIURA,200101,20250912,Melon coquito,3.33,4.15,Frutas,KILOGRAMO,KILOGRAMO
20251006,PIURA,PIURA,PIURA,200101,20250912,Cebolla cabeza roja,1.71,4.05,Hortalizas,SACO,KILOGRAMO
20251006,PIURA,PIURA,PIURA,200101,20250912,Uva alfonso lavalett,3.46,6.5,Frutas,KILOGRAMO,KILOGRAMO
20251006,PIURA,PIURA,PIURA,200101,20250912,Tomate,2,4.55,Hortalizas,KILOGRAMO,KILOGRAMO
20251006,PIURA,PIURA,PIURA,200101,20250912,Sandia,1.8,2.45,Frutas,KILOGRAMO,KILOGRAMO
20251006,PIURA,PIURA,PIURA,200101,20250912,Carne de porcino (corte unico),16.65,18.75,Carnes y huevos,UNIDAD,KILOGRAMO
20251006,PIURA,PIURA,PIURA,200101,20250912,Papa canchan,1.71,2.23,Tuberculos,SACO GRANDE,KILOGRAMO
20251006,PIURA,PIURA,PIURA,200101,20250912,Azucar rubia nacional (granel),3.41,4.55,Agro-industriales,SACO NORMAL,KILOGRAMO
20251006,PIURA,PIURA,PIURA,200101,20250912,Azucar blanca nacional (granel),3.9,4.1,Agro-industriales,SACO NORMAL,KILOGRAMO
20251006,PIURA,PIURA,PIURA,200101,20250912,Arroz superior,3.05,3.65,Cereales,SACO NORMAL,KILOGRAMO
20251006,PIURA,PIURA,PIURA,200101,20250912,Arroz extra,3.12,4.2,Cereales,SACO NORMAL,KILOGRAMO
20251006,PIURA,PIURA,PIURA,200101,20250912,Zapallo macre,1.9,3.6,Hortalizas,KILOGRAMO,KILOGRAMO
20251006,PIURA,PIURA,PIURA,200101,20250912,Yuca blanca,1.88,4.4,Tuberculos,KILOGRAMO,KILOGRAMO
20251006,PIURA,PIURA,PIURA,200101,20250912,Vainita americana,3.64,5.45,Legumbres,KILOGRAMO,KILOGRAMO
20251006,PIURA,PIURA,PIURA,200101,20250912,Papa amarilla,3.71,4.9,Tuberculos,SACO GRANDE,KILOGRAMO
20251006,PIURA,PIURA,PIURA,200101,20250912,Uva red globe,4.75,7.55,Frutas,KILOGRAMO,KILOGRAMO
20251006,PIURA,PIURA,PIURA,200101,20250912,Camote morado,1.89,3.4,Tuberculos,SACO GRANDE,KILOGRAMO
20251006,PIURA,PIURA,PIURA,200101,20250912,Melocoton durazno huayco,5.93,10.5,Frutas,KILOGRAMO,KILOGRAMO
20251006,PIURA,PIURA,PIURA,200101,20250912,Arveja verde blanca serrana,4.05,7.45,Legumbres,MALLA MEDIANA,KILOGRAMO
20251006,PIURA,PIURA,PIURA,200101,20250912,Manzana israel,3.15,4.5,Frutas,KILOGRAMO,KILOGRAMO
20251006,PIURA,PIURA,PIURA,200101,20250912,Ajo criollo o napuri,8.48,16.6,Hortalizas,MALLA MEDIANA,KILOGRAMO
20251006,PIURA,PIURA,PIURA,200101,20250912,Manzana delicia,2.23,5.15,Frutas,KILOGRAMO,KILOGRAMO
20251006,PIURA,PIURA,PIURA,200101,20250910,Choclo (tipo cusco),5.82,9.15,Cereales,CIENTO,UNIDAD
20251006,PIURA,PIURA,PIURA,200101,20250910,Platano seda congo,1.82,4.45,Frutas,KILOGRAMO,KILOGRAMO
20251006,PIURA,PIURA,PIURA,200101,20250910,Zanahoria,1.9,3.45,Hortalizas,SACO MEDIANO,KILOGRAMO
20251006,PIURA,PIURA,PIURA,200101,20250910,Uva italia,5.46,7.7,Frutas,KILOGRAMO,KILOGRAMO
20251006,PIURA,PIURA,PIURA,200101,20250910,Leche reconstituida (azul) 395 gr,3.61,4.15,Agro-industriales,CAJA,LATA
20251006,PIURA,PIURA,PIURA,200101,20250910,Fideos nicolini tallarin,4.65,6.85,Agro-industriales,PAQUETE,KILOGRAMO
20251006,PIURA,PIURA,PIURA,200101,20250910,Aji escabeche,3.06,4,Hortalizas,KILOGRAMO,MALLA
20251006,PIURA,PIURA,PIURA,200101,20250910,Limon sutil bolsa,4.9,5.55,Frutas,KILOGRAMO,KILOGRAMO
20251006,PIURA,PIURA,PIURA,200101,20250910,Aceite clasico botella 900 ml,7.92,10.65,Agro-industriales,CAJA CHICA,LITRO
20251006,PIURA,PIURA,PIURA,200101,20250910,Chirimoya cumbe,5.65,10.1,Frutas,CAJON CHICO,KILOGRAMO
20251006,PIURA,PIURA,PIURA,200101,20250910,Lenteja,5.15,8.3,Menestras,KILOGRAMO,KILOGRAMO
20251006,PIURA,PIURA,PIURA,200101,20250910,Platano bellaco,2.14,4.35,Frutas,LITRO,LITRO
20251006,PIURA,PIURA,PIURA,200101,20250910,Huevos rosados,6.75,10.05,Carnes y huevos,KILOGRAMO,KILOGRAMO
20251006,PIURA,PIURA,PIURA,200101,20250910,Leche fresca,3.25,5.05,Agro-industriales,LITRO,LITRO
20251006,PIURA,PIURA,PIURA,200101,20250910,Haba verde serrana,2.11,4.55,Legumbres,KILOGRAMO,KILOGRAMO
20251006,PIURA,PIURA,PIURA,200101,20250910,Garbanzo,5.34,9.95,Menestras,KILOGRAMO,KILOGRAMO
20251006,PIURA,PIURA,PIURA,200101,20250910,Pina criolla,2,2.8,Frutas,KILOGRAMO,KILOGRAMO
20251006,PIURA,PIURA,PIURA,200101,20250910,Frijol castilla,4.38,5.9,Menestras,KILOGRAMO,KILOGRAMO
20251006,PIURA,PIURA,PIURA,200101,20250910,Frijol canario,5.6,7.2,Menestras,KILOGRAMO,KILOGRAMO
20251006,PIURA,PIURA,PIURA,200101,20250910,Carne fresca de vacuno,20.5,22.15,Carnes y huevos,KILOGRAMO,KILOGRAMO
20251006,PIURA,PIURA,PIURA,200101,20250910,Carne de pollo (eviscerado),9.05,9.95,Carnes y huevos,KILOGRAMO,KILOGRAMO
20251006,PIURA,PIURA,PIURA,200101,20250910,Aji rocoto,3.65,7.05,Hortalizas,KILOGRAMO,KILOGRAMO
20251006,PIURA,PIURA,PIURA,200101,20250910,Papaya,2.13,2.95,Frutas,KILOGRAMO,KILOGRAMO
20251006,PIURA,PIURA,PIURA,200101,20250910,Palta fuerte,5.05,6.35,Frutas,KILOGRAMO,KILOGRAMO
20251006,PIURA,PIURA,PIURA,200101,20250910,Pallar,6.7,8.1,Menestras,KILOGRAMO,KILOGRAMO
20251006,PIURA,PIURA,PIURA,200101,20250910,Olluco largo,3.05,4.15,Tuberculos,KILOGRAMO,KILOGRAMO
20251006,PIURA,PIURA,PIURA,200101,20250910,Naranja valencia,2.35,4,Frutas,KILOGRAMO,KILOGRAMO
20251006,PIURA,PIURA,PIURA,200101,20250910,Melon coquito,3.33,4.15,Frutas,KILOGRAMO,KILOGRAMO
20251006,PIURA,PIURA,PIURA,200101,20250910,Cebolla cabeza roja,1.71,4.15,Hortalizas,SACO,KILOGRAMO
20251006,PIURA,PIURA,PIURA,200101,20250910,Uva alfonso lavalett,3.46,6.5,Frutas,KILOGRAMO,KILOGRAMO
20251006,PIURA,PIURA,PIURA,200101,20250910,Tomate,1.98,4.55,Hortalizas,KILOGRAMO,KILOGRAMO
20251006,PIURA,PIURA,PIURA,200101,20250910,Sandia,1.8,2.45,Frutas,KILOGRAMO,KILOGRAMO
20251006,PIURA,PIURA,PIURA,200101,20250910,Carne de porcino (corte unico),16.65,19.25,Carnes y huevos,UNIDAD,KILOGRAMO
20251006,PIURA,PIURA,PIURA,200101,20250910,Papa canchan,1.71,2.38,Tuberculos,SACO GRANDE,KILOGRAMO
20251006,PIURA,PIURA,PIURA,200101,20250910,Azucar rubia nacional (granel),3.41,4.55,Agro-industriales,SACO NORMAL,KILOGRAMO
20251006,PIURA,PIURA,PIURA,200101,20250910,Azucar blanca nacional (granel),3.93,4.75,Agro-industriales,SACO NORMAL,KILOGRAMO
20251006,PIURA,PIURA,PIURA,200101,20250910,Arroz superior,3.05,3.65,Cereales,SACO NORMAL,KILOGRAMO
20251006,PIURA,PIURA,PIURA,200101,20250910,Arroz extra,3.12,4.35,Cereales,SACO NORMAL,KILOGRAMO
20251006,PIURA,PIURA,PIURA,200101,20250910,Zapallo macre,1.9,3.6,Hortalizas,KILOGRAMO,KILOGRAMO
20251006,PIURA,PIURA,PIURA,200101,20250910,Yuca blanca,1.87,4.4,Tuberculos,KILOGRAMO,KILOGRAMO
20251006,PIURA,PIURA,PIURA,200101,20250910,Vainita americana,3.64,5.45,Legumbres,KILOGRAMO,KILOGRAMO
20251006,PIURA,PIURA,PIURA,200101,20250910,Papa amarilla,3.63,4.95,Tuberculos,SACO GRANDE,KILOGRAMO
20251006,PIURA,PIURA,PIURA,200101,20250910,Uva red globe,4.75,7.55,Frutas,KILOGRAMO,KILOGRAMO
20251006,PIURA,PIURA,PIURA,200101,20250910,Camote morado,1.89,3.4,Tuberculos,SACO GRANDE,KILOGRAMO
20251006,PIURA,PIURA,PIURA,200101,20250910,Melocoton durazno huayco,5.93,10.5,Frutas,KILOGRAMO,KILOGRAMO
20251006,PIURA,PIURA,PIURA,200101,20250910,Arveja verde blanca serrana,4.08,7.45,Legumbres,MALLA MEDIANA,KILOGRAMO
20251006,PIURA,PIURA,PIURA,200101,20250910,Manzana israel,3.15,4.5,Frutas,KILOGRAMO,KILOGRAMO
20251006,PIURA,PIURA,PIURA,200101,20250910,Ajo criollo o napuri,8.48,16.6,Hortalizas,MALLA MEDIANA,KILOGRAMO
20251006,PIURA,PIURA,PIURA,200101,20250910,Manzana delicia,2.23,5.15,Frutas,KILOGRAMO,KILOGRAMO
20251006,PIURA,PIURA,PIURA,200101,20250905,Aji escabeche,3.03,4.45,Hortalizas,KILOGRAMO,MALLA
20251006,PIURA,PIURA,PIURA,200101,20250905,Limon sutil bolsa,4.7,5.3,Frutas,KILOGRAMO,KILOGRAMO
20251006,PIURA,PIURA,PIURA,200101,20250905,Aceite clasico botella 900 ml,7.92,10.65,Agro-industriales,CAJA CHICA,LITRO
20251006,PIURA,PIURA,PIURA,200101,20250905,Chirimoya cumbe,5.6,10.1,Frutas,CAJON CHICO,KILOGRAMO
20251006,PIURA,PIURA,PIURA,200101,20250905,Lenteja,5.1,8.35,Menestras,KILOGRAMO,KILOGRAMO
20251006,PIURA,PIURA,PIURA,200101,20250905,Platano bellaco,2.14,4.2,Frutas,LITRO,LITRO
20251006,PIURA,PIURA,PIURA,200101,20250905,Huevos rosados,6.75,10.05,Carnes y huevos,KILOGRAMO,KILOGRAMO
20251006,PIURA,PIURA,PIURA,200101,20250905,Leche fresca,3.25,5.05,Agro-industriales,LITRO,LITRO
20251006,PIURA,PIURA,PIURA,200101,20250905,Haba verde serrana,2.1,4.55,Legumbres,KILOGRAMO,KILOGRAMO
20251006,PIURA,PIURA,PIURA,200101,20250905,Garbanzo,5.31,9.95,Menestras,KILOGRAMO,KILOGRAMO
20251006,PIURA,PIURA,PIURA,200101,20250905,Pina criolla,2,2.8,Frutas,KILOGRAMO,KILOGRAMO
20251006,PIURA,PIURA,PIURA,200101,20250905,Frijol castilla,4.38,5.9,Menestras,KILOGRAMO,KILOGRAMO
20251006,PIURA,PIURA,PIURA,200101,20250905,Frijol canario,5.61,7.1,Menestras,KILOGRAMO,KILOGRAMO
20251006,PIURA,PIURA,PIURA,200101,20250905,Carne fresca de vacuno,20,22.15,Carnes y huevos,KILOGRAMO,KILOGRAMO
20251006,PIURA,PIURA,PIURA,200101,20250905,Carne de pollo (eviscerado),8.8,9.95,Carnes y huevos,KILOGRAMO,KILOGRAMO
20251006,PIURA,PIURA,PIURA,200101,20250905,Aji rocoto,3.7,6.9,Hortalizas,KILOGRAMO,KILOGRAMO
20251006,PIURA,PIURA,PIURA,200101,20250905,Papaya,2.13,2.95,Frutas,KILOGRAMO,KILOGRAMO
20251006,PIURA,PIURA,PIURA,200101,20250905,Palta fuerte,5.05,6.25,Frutas,KILOGRAMO,KILOGRAMO
20251006,PIURA,PIURA,PIURA,200101,20250905,Pallar,6.65,8.1,Menestras,KILOGRAMO,KILOGRAMO
20251006,PIURA,PIURA,PIURA,200101,20250905,Olluco largo,3.35,4.05,Tuberculos,KILOGRAMO,KILOGRAMO
20251006,PIURA,PIURA,PIURA,200101,20250905,Naranja valencia,2.35,3.85,Frutas,KILOGRAMO,KILOGRAMO
20251006,PIURA,PIURA,PIURA,200101,20250905,Melon coquito,3.33,4.1,Frutas,KILOGRAMO,KILOGRAMO
20251006,PIURA,PIURA,PIURA,200101,20250905,Cebolla cabeza roja,1.71,4,Hortalizas,SACO,KILOGRAMO
20251006,PIURA,PIURA,PIURA,200101,20250905,Uva alfonso lavalett,3.38,6.5,Frutas,KILOGRAMO,KILOGRAMO
20251006,PIURA,PIURA,PIURA,200101,20250905,Tomate,1.93,4.55,Hortalizas,KILOGRAMO,KILOGRAMO
20251006,PIURA,PIURA,PIURA,200101,20250905,Sandia,1.8,2.45,Frutas,KILOGRAMO,KILOGRAMO
20251006,PIURA,PIURA,PIURA,200101,20250905,Carne de porcino (corte unico),16.9,19.25,Carnes y huevos,UNIDAD,KILOGRAMO
20251006,PIURA,PIURA,PIURA,200101,20250905,Papa canchan,1.74,2.38,Tuberculos,SACO GRANDE,KILOGRAMO
20251006,PIURA,PIURA,PIURA,200101,20250905,Azucar rubia nacional (granel),3.4,4.55,Agro-industriales,SACO NORMAL,KILOGRAMO
20251006,PIURA,PIURA,PIURA,200101,20250905,Azucar blanca nacional (granel),4,4.75,Agro-industriales,SACO NORMAL,KILOGRAMO
20251006,PIURA,PIURA,PIURA,200101,20250905,Arroz superior,3.03,3.6,Cereales,SACO NORMAL,KILOGRAMO
20251006,PIURA,PIURA,PIURA,200101,20250905,Arroz extra,3.13,4.3,Cereales,SACO NORMAL,KILOGRAMO
20251006,PIURA,PIURA,PIURA,200101,20250905,Zapallo macre,1.85,3.65,Hortalizas,KILOGRAMO,KILOGRAMO
20251006,PIURA,PIURA,PIURA,200101,20250905,Yuca blanca,1.89,4.35,Tuberculos,KILOGRAMO,KILOGRAMO
20251006,PIURA,PIURA,PIURA,200101,20250905,Vainita americana,3.64,5.3,Legumbres,KILOGRAMO,KILOGRAMO
20251006,PIURA,PIURA,PIURA,200101,20250905,Papa amarilla,3.67,4.8,Tuberculos,SACO GRANDE,KILOGRAMO
20251006,PIURA,PIURA,PIURA,200101,20250905,Uva red globe,4.75,7.4,Frutas,KILOGRAMO,KILOGRAMO
20251006,PIURA,PIURA,PIURA,200101,20250905,Camote morado,1.82,3.4,Tuberculos,SACO GRANDE,KILOGRAMO
20251006,PIURA,PIURA,PIURA,200101,20250905,Melocoton durazno huayco,5.85,10.5,Frutas,KILOGRAMO,KILOGRAMO
20251006,PIURA,PIURA,PIURA,200101,20250905,Arveja verde blanca serrana,4.03,7.55,Legumbres,MALLA MEDIANA,KILOGRAMO
20251006,PIURA,PIURA,PIURA,200101,20250905,Manzana israel,3.08,4.5,Frutas,KILOGRAMO,KILOGRAMO
20251006,PIURA,PIURA,PIURA,200101,20250905,Ajo criollo o napuri,8.54,16.7,Hortalizas,MALLA MEDIANA,KILOGRAMO
20251006,PIURA,PIURA,PIURA,200101,20250905,Manzana delicia,2.15,5.1,Frutas,KILOGRAMO,KILOGRAMO
20251006,PIURA,PIURA,PIURA,200101,20250905,Platano seda congo,1.82,4.45,Frutas,KILOGRAMO,KILOGRAMO
20251006,PIURA,PIURA,PIURA,200101,20250905,Choclo (tipo cusco),5.78,9,Cereales,CIENTO,UNIDAD
20251006,PIURA,PIURA,PIURA,200101,20250905,Zanahoria,1.83,3.45,Hortalizas,SACO MEDIANO,KILOGRAMO
20251006,PIURA,PIURA,PIURA,200101,20250905,Uva italia,5.46,7.7,Frutas,KILOGRAMO,KILOGRAMO
20251006,PIURA,PIURA,PIURA,200101,20250905,Leche reconstituida (azul) 395 gr,3.54,4.1,Agro-industriales,CAJA,LATA
20251006,PIURA,PIURA,PIURA,200101,20250905,Fideos nicolini tallarin,4.65,6.85,Agro-industriales,PAQUETE,KILOGRAMO
20251006,PIURA,PIURA,PIURA,200101,20250901,Papaya,2.1,2.95,Frutas,KILOGRAMO,KILOGRAMO
20251006,PIURA,PIURA,PIURA,200101,20250901,Palta fuerte,5.05,6.25,Frutas,KILOGRAMO,KILOGRAMO
20251006,PIURA,PIURA,PIURA,200101,20250901,Pallar,6.65,8.1,Menestras,KILOGRAMO,KILOGRAMO
20251006,PIURA,PIURA,PIURA,200101,20250901,Olluco largo,3.35,4.05,Tuberculos,KILOGRAMO,KILOGRAMO
20251006,PIURA,PIURA,PIURA,200101,20250901,Naranja valencia,2.35,3.85,Frutas,KILOGRAMO,KILOGRAMO
20251006,PIURA,PIURA,PIURA,200101,20250901,Melon coquito,3.33,4.1,Frutas,KILOGRAMO,KILOGRAMO
20251006,PIURA,PIURA,PIURA,200101,20250901,Cebolla cabeza roja,1.71,4,Hortalizas,SACO,KILOGRAMO
20251006,PIURA,PIURA,PIURA,200101,20250901,Uva alfonso lavalett,3.46,6.5,Frutas,KILOGRAMO,KILOGRAMO
20251006,PIURA,PIURA,PIURA,200101,20250901,Tomate,1.89,3.8,Hortalizas,KILOGRAMO,KILOGRAMO
20251006,PIURA,PIURA,PIURA,200101,20250901,Sandia,1.8,4.45,Frutas,KILOGRAMO,KILOGRAMO
20251006,PIURA,PIURA,PIURA,200101,20250901,Carne de porcino (corte unico),16,19.25,Carnes y huevos,UNIDAD,KILOGRAMO
20251006,PIURA,PIURA,PIURA,200101,20250901,Papa canchan,1.74,2.38,Tuberculos,SACO GRANDE,KILOGRAMO
20251006,PIURA,PIURA,PIURA,200101,20250901,Azucar blanca nacional (granel),4,4.75,Agro-industriales,SACO NORMAL,KILOGRAMO
20251006,PIURA,PIURA,PIURA,200101,20250901,Arroz superior,3.02,3.6,Cereales,SACO NORMAL,KILOGRAMO
20251006,PIURA,PIURA,PIURA,200101,20250901,Arroz extra,3.13,4.3,Cereales,SACO NORMAL,KILOGRAMO
20251006,PIURA,PIURA,PIURA,200101,20250901,Zapallo macre,1.8,3.65,Hortalizas,KILOGRAMO,KILOGRAMO
20251006,PIURA,PIURA,PIURA,200101,20250901,Yuca blanca,1.88,4.35,Tuberculos,KILOGRAMO,KILOGRAMO
20251006,PIURA,PIURA,PIURA,200101,20250901,Vainita americana,3.64,5.3,Legumbres,KILOGRAMO,KILOGRAMO
20251006,PIURA,PIURA,PIURA,200101,20250901,Papa amarilla,3.61,4.8,Tuberculos,SACO GRANDE,KILOGRAMO
20251006,PIURA,PIURA,PIURA,200101,20250901,Uva red globe,4.75,7.4,Frutas,KILOGRAMO,KILOGRAMO
20251006,PIURA,PIURA,PIURA,200101,20250901,Camote morado,1.82,3.4,Tuberculos,SACO GRANDE,KILOGRAMO
20251006,PIURA,PIURA,PIURA,200101,20250901,Melocoton durazno huayco,5.68,10.5,Frutas,KILOGRAMO,KILOGRAMO
20251006,PIURA,PIURA,PIURA,200101,20250901,Arveja verde blanca serrana,4.03,7.55,Legumbres,MALLA MEDIANA,KILOGRAMO
20251006,PIURA,PIURA,PIURA,200101,20250901,Manzana israel,3,4.5,Frutas,KILOGRAMO,KILOGRAMO
20251006,PIURA,PIURA,PIURA,200101,20250901,Ajo criollo o napuri,8.53,16.7,Hortalizas,MALLA MEDIANA,KILOGRAMO
20251006,PIURA,PIURA,PIURA,200101,20250901,Manzana delicia,2.15,5.1,Frutas,KILOGRAMO,KILOGRAMO
20251006,PIURA,PIURA,PIURA,200101,20250901,Azucar rubia nacional (granel),3.4,4.55,Agro-industriales,SACO NORMAL,KILOGRAMO
20251006,PIURA,PIURA,PIURA,200101,20250901,Platano seda congo,1.89,5.15,Frutas,KILOGRAMO,KILOGRAMO
20251006,PIURA,PIURA,PIURA,200101,20250901,Choclo (tipo cusco),5.8,9,Cereales,CIENTO,UNIDAD
20251006,PIURA,PIURA,PIURA,200101,20250901,Zanahoria,1.83,3.45,Hortalizas,SACO MEDIANO,KILOGRAMO
20251006,PIURA,PIURA,PIURA,200101,20250901,Uva italia,5.58,7.7,Frutas,KILOGRAMO,KILOGRAMO
20251006,PIURA,PIURA,PIURA,200101,20250901,Leche reconstituida (azul) 395 gr,3.54,4.1,Agro-industriales,CAJA,LATA
20251006,PIURA,PIURA,PIURA,200101,20250901,Fideos nicolini tallarin,4.65,6.85,Agro-industriales,PAQUETE,KILOGRAMO
20251006,PIURA,PIURA,PIURA,200101,20250901,Limon sutil bolsa,5.1,5.3,Frutas,KILOGRAMO,KILOGRAMO
20251006,PIURA,PIURA,PIURA,200101,20250901,Aceite clasico botella 900 ml,7.73,10.65,Agro-industriales,CAJA CHICA,LITRO
20251006,PIURA,PIURA,PIURA,200101,20250901,Chirimoya cumbe,5.6,10.1,Frutas,CAJON CHICO,KILOGRAMO
20251006,PIURA,PIURA,PIURA,200101,20250901,Lenteja,5.1,8.35,Menestras,KILOGRAMO,KILOGRAMO
20251006,PIURA,PIURA,PIURA,200101,20250901,Platano bellaco,2.14,4.2,Frutas,LITRO,LITRO
20251006,PIURA,PIURA,PIURA,200101,20250901,Huevos rosados,6.65,10.05,Carnes y huevos,KILOGRAMO,KILOGRAMO
20251006,PIURA,PIURA,PIURA,200101,20250901,Leche fresca,3.25,5.05,Agro-industriales,LITRO,LITRO
20251006,PIURA,PIURA,PIURA,200101,20250901,Haba verde serrana,2.08,4.55,Legumbres,KILOGRAMO,KILOGRAMO
20251006,PIURA,PIURA,PIURA,200101,20250901,Garbanzo,5.26,9.95,Menestras,KILOGRAMO,KILOGRAMO
20251006,PIURA,PIURA,PIURA,200101,20250901,Pina criolla,2,2.8,Frutas,KILOGRAMO,KILOGRAMO
20251006,PIURA,PIURA,PIURA,200101,20250901,Frijol castilla,4.39,5.9,Menestras,KILOGRAMO,KILOGRAMO
20251006,PIURA,PIURA,PIURA,200101,20250901,Frijol canario,5.61,7.1,Menestras,KILOGRAMO,KILOGRAMO
20251006,PIURA,PIURA,PIURA,200101,20250901,Carne fresca de vacuno,20,22.15,Carnes y huevos,KILOGRAMO,KILOGRAMO
20251006,PIURA,PIURA,PIURA,200101,20250901,Carne de pollo (eviscerado),8.8,9.95,Carnes y huevos,KILOGRAMO,KILOGRAMO
20251006,PIURA,PIURA,PIURA,200101,20250901,Aji rocoto,3.7,6.9,Hortalizas,KILOGRAMO,KILOGRAMO
20251006,PIURA,PIURA,PIURA,200101,20250901,Aji escabeche,3.03,4.45,Hortalizas,KILOGRAMO,MALLA
20250906,PIURA,PIURA,PIURA,200101,20250820,Melon coquito,3.33,3.95,Frutas,KILOGRAMO,KILOGRAMO
20250906,PIURA,PIURA,PIURA,200101,20250820,Cebolla cabeza roja,1.75,3.8,Hortalizas,SACO,KILOGRAMO
20250906,PIURA,PIURA,PIURA,200101,20250820,Uva alfonso lavalett,3.63,6.85,Frutas,KILOGRAMO,KILOGRAMO
20250906,PIURA,PIURA,PIURA,200101,20250820,Tomate,1.89,4.55,Hortalizas,KILOGRAMO,KILOGRAMO
20250906,PIURA,PIURA,PIURA,200101,20250820,Sandia,1.8,2.45,Frutas,KILOGRAMO,KILOGRAMO
20250906,PIURA,PIURA,PIURA,200101,20250820,Carne de porcino (corte unico),16,18.85,Carnes y huevos,UNIDAD,KILOGRAMO
20250906,PIURA,PIURA,PIURA,200101,20250820,Papa canchan,1.7,2.75,Tuberculos,SACO GRANDE,KILOGRAMO
20250906,PIURA,PIURA,PIURA,200101,20250820,Azucar blanca nacional (granel),4.02,4.65,Agro-industriales,SACO NORMAL,KILOGRAMO
20250906,PIURA,PIURA,PIURA,200101,20250820,Arroz superior,3.02,3.8,Cereales,SACO NORMAL,KILOGRAMO
20250906,PIURA,PIURA,PIURA,200101,20250820,Arroz extra,3.19,4.45,Cereales,SACO NORMAL,KILOGRAMO
20250906,PIURA,PIURA,PIURA,200101,20250820,Zapallo macre,1.83,3.6,Hortalizas,KILOGRAMO,KILOGRAMO
20250906,PIURA,PIURA,PIURA,200101,20250820,Yuca blanca,1.95,4.1,Tuberculos,KILOGRAMO,KILOGRAMO
20250906,PIURA,PIURA,PIURA,200101,20250820,Vainita americana,3.62,5.6,Legumbres,KILOGRAMO,KILOGRAMO
20250906,PIURA,PIURA,PIURA,200101,20250820,Papa amarilla,3.83,5.1,Tuberculos,SACO GRANDE,KILOGRAMO
20250906,PIURA,PIURA,PIURA,200101,20250820,Uva red globe,4.71,7.4,Frutas,KILOGRAMO,KILOGRAMO
20250906,PIURA,PIURA,PIURA,200101,20250820,Camote morado,1.77,3.35,Tuberculos,SACO GRANDE,KILOGRAMO
20250906,PIURA,PIURA,PIURA,200101,20250820,Melocoton durazno huayco,5.68,10.5,Frutas,KILOGRAMO,KILOGRAMO
20250906,PIURA,PIURA,PIURA,200101,20250820,Arveja verde blanca serrana,4.02,7.55,Legumbres,MALLA MEDIANA,KILOGRAMO
20250906,PIURA,PIURA,PIURA,200101,20250820,Manzana israel,3.2,4.5,Frutas,KILOGRAMO,KILOGRAMO
20250906,PIURA,PIURA,PIURA,200101,20250820,Ajo criollo o napuri,8.43,18.95,Hortalizas,MALLA MEDIANA,KILOGRAMO
20250906,PIURA,PIURA,PIURA,200101,20250820,Manzana delicia,2.23,4.05,Frutas,KILOGRAMO,KILOGRAMO
20250906,PIURA,PIURA,PIURA,200101,20250820,Azucar rubia nacional (granel),3.4,4.55,Agro-industriales,SACO NORMAL,KILOGRAMO
20250906,PIURA,PIURA,PIURA,200101,20250820,Platano seda congo,2.11,4.35,Frutas,KILOGRAMO,KILOGRAMO
20250906,PIURA,PIURA,PIURA,200101,20250820,Zanahoria,1.86,3.55,Hortalizas,SACO MEDIANO,KILOGRAMO
20250906,PIURA,PIURA,PIURA,200101,20250820,Uva italia,5.58,7.65,Frutas,KILOGRAMO,KILOGRAMO
20250906,PIURA,PIURA,PIURA,200101,20250820,Leche reconstituida (azul) 395 gr,3.54,4.1,Agro-industriales,CAJA,LATA
20250906,PIURA,PIURA,PIURA,200101,20250820,Fideos nicolini tallarin,4.55,6.7,Agro-industriales,PAQUETE,KILOGRAMO
20250906,PIURA,PIURA,PIURA,200101,20250820,Choclo (tipo cusco),5.86,8.8,Cereales,CIENTO,UNIDAD
20250906,PIURA,PIURA,PIURA,200101,20250820,Limon sutil bolsa,3.5,5,Frutas,KILOGRAMO,KILOGRAMO
20250906,PIURA,PIURA,PIURA,200101,20250820,Aceite clasico botella 900 ml,7.73,10.7,Agro-industriales,CAJA CHICA,LITRO
20250906,PIURA,PIURA,PIURA,200101,20250820,Chirimoya cumbe,5.65,10.1,Frutas,CAJON CHICO,KILOGRAMO
20250906,PIURA,PIURA,PIURA,200101,20250820,Lenteja,5.1,8.2,Menestras,KILOGRAMO,KILOGRAMO
20250906,PIURA,PIURA,PIURA,200101,20250820,Platano bellaco,2.25,4.2,Frutas,LITRO,LITRO
20250906,PIURA,PIURA,PIURA,200101,20250820,Huevos rosados,6.62,10.05,Carnes y huevos,KILOGRAMO,KILOGRAMO
20250906,PIURA,PIURA,PIURA,200101,20250820,Leche fresca,3.25,4.9,Agro-industriales,LITRO,LITRO
20250906,PIURA,PIURA,PIURA,200101,20250820,Haba verde serrana,2.1,4.05,Legumbres,KILOGRAMO,KILOGRAMO
20250906,PIURA,PIURA,PIURA,200101,20250820,Garbanzo,5.23,9.95,Menestras,KILOGRAMO,KILOGRAMO
20250906,PIURA,PIURA,PIURA,200101,20250820,Pina criolla,2,2.8,Frutas,KILOGRAMO,KILOGRAMO
20250906,PIURA,PIURA,PIURA,200101,20250820,Frijol castilla,4.38,6,Menestras,KILOGRAMO,KILOGRAMO
20250906,PIURA,PIURA,PIURA,200101,20250820,Frijol canario,5.59,6.9,Menestras,KILOGRAMO,KILOGRAMO
20250906,PIURA,PIURA,PIURA,200101,20250820,Carne fresca de vacuno,21.5,22.7,Carnes y huevos,KILOGRAMO,KILOGRAMO
20250906,PIURA,PIURA,PIURA,200101,20250820,Carne de pollo (eviscerado),8.55,10.1,Carnes y huevos,KILOGRAMO,KILOGRAMO
20250906,PIURA,PIURA,PIURA,200101,20250820,Aji rocoto,4.15,6.65,Hortalizas,KILOGRAMO,KILOGRAMO
20250906,PIURA,PIURA,PIURA,200101,20250820,Aji escabeche,3.23,4.05,Hortalizas,KILOGRAMO,MALLA
20250906,PIURA,PIURA,PIURA,200101,20250820,Papaya,2.11,2.75,Frutas,KILOGRAMO,KILOGRAMO
20250906,PIURA,PIURA,PIURA,200101,20250820,Palta fuerte,5.1,6.75,Frutas,KILOGRAMO,KILOGRAMO
20250906,PIURA,PIURA,PIURA,200101,20250820,Pallar,6.7,8.1,Menestras,KILOGRAMO,KILOGRAMO
20250906,PIURA,PIURA,PIURA,200101,20250820,Olluco largo,3.4,4.1,Tuberculos,KILOGRAMO,KILOGRAMO
20250906,PIURA,PIURA,PIURA,200101,20250820,Naranja valencia,2.29,3.85,Frutas,KILOGRAMO,KILOGRAMO
20250906,PIURA,PIURA,PIURA,200101,20250818,Tomate,1.89,4.55,Hortalizas,KILOGRAMO,KILOGRAMO
20250906,PIURA,PIURA,PIURA,200101,20250818,Sandia,1.8,2.45,Frutas,KILOGRAMO,KILOGRAMO
20250906,PIURA,PIURA,PIURA,200101,20250818,Carne de porcino (corte unico),14.5,18.85,Carnes y huevos,UNIDAD,KILOGRAMO
20250906,PIURA,PIURA,PIURA,200101,20250818,Papa canchan,1.7,2.75,Tuberculos,SACO GRANDE,KILOGRAMO
20250906,PIURA,PIURA,PIURA,200101,20250818,Azucar blanca nacional (granel),4.02,4.65,Agro-industriales,SACO NORMAL,KILOGRAMO
20250906,PIURA,PIURA,PIURA,200101,20250818,Arroz superior,3,3.8,Cereales,SACO NORMAL,KILOGRAMO
20250906,PIURA,PIURA,PIURA,200101,20250818,Arroz extra,3.17,4.45,Cereales,SACO NORMAL,KILOGRAMO
20250906,PIURA,PIURA,PIURA,200101,20250818,Zapallo macre,1.83,3.6,Hortalizas,KILOGRAMO,KILOGRAMO
20250906,PIURA,PIURA,PIURA,200101,20250818,Yuca blanca,1.94,4.05,Tuberculos,KILOGRAMO,KILOGRAMO
20250906,PIURA,PIURA,PIURA,200101,20250818,Vainita americana,3.6,5.6,Legumbres,KILOGRAMO,KILOGRAMO
20250906,PIURA,PIURA,PIURA,200101,20250818,Papa amarilla,3.82,5.1,Tuberculos,SACO GRANDE,KILOGRAMO
20250906,PIURA,PIURA,PIURA,200101,20250818,Uva red globe,4.71,7.4,Frutas,KILOGRAMO,KILOGRAMO
20250906,PIURA,PIURA,PIURA,200101,20250818,Camote morado,1.77,3.05,Tuberculos,SACO GRANDE,KILOGRAMO
20250906,PIURA,PIURA,PIURA,200101,20250818,Melocoton durazno huayco,5.68,10.5,Frutas,KILOGRAMO,KILOGRAMO
20250906,PIURA,PIURA,PIURA,200101,20250818,Arveja verde blanca serrana,4.02,7.55,Legumbres,MALLA MEDIANA,KILOGRAMO
20250906,PIURA,PIURA,PIURA,200101,20250818,Manzana israel,3.1,4.5,Frutas,KILOGRAMO,KILOGRAMO
20250906,PIURA,PIURA,PIURA,200101,20250818,Ajo criollo o napuri,8.43,18.2,Hortalizas,MALLA MEDIANA,KILOGRAMO
20250906,PIURA,PIURA,PIURA,200101,20250818,Manzana delicia,2.15,4.05,Frutas,KILOGRAMO,KILOGRAMO
20250906,PIURA,PIURA,PIURA,200101,20250818,Azucar rubia nacional (granel),3.4,4.55,Agro-industriales,SACO NORMAL,KILOGRAMO
20250906,PIURA,PIURA,PIURA,200101,20250818,Platano seda congo,2.11,4.35,Frutas,KILOGRAMO,KILOGRAMO
20250906,PIURA,PIURA,PIURA,200101,20250818,Zanahoria,1.86,3.7,Hortalizas,SACO MEDIANO,KILOGRAMO
20250906,PIURA,PIURA,PIURA,200101,20250818,Uva italia,5.5,7.65,Frutas,KILOGRAMO,KILOGRAMO
20250906,PIURA,PIURA,PIURA,200101,20250818,Leche reconstituida (azul) 395 gr,3.54,4.1,Agro-industriales,CAJA,LATA
20250906,PIURA,PIURA,PIURA,200101,20250818,Fideos nicolini tallarin,4.55,6.7,Agro-industriales,PAQUETE,KILOGRAMO
20250906,PIURA,PIURA,PIURA,200101,20250818,Choclo (tipo cusco),5.82,8.8,Cereales,CIENTO,UNIDAD
20250906,PIURA,PIURA,PIURA,200101,20250818,Aceite clasico botella 900 ml,7.73,10.7,Agro-industriales,CAJA CHICA,LITRO
20250906,PIURA,PIURA,PIURA,200101,20250818,Chirimoya cumbe,5.65,10.1,Frutas,CAJON CHICO,KILOGRAMO
20250906,PIURA,PIURA,PIURA,200101,20250818,Lenteja,5.1,8.2,Menestras,KILOGRAMO,KILOGRAMO
20250906,PIURA,PIURA,PIURA,200101,20250818,Platano bellaco,2.18,4.2,Frutas,LITRO,LITRO
20250906,PIURA,PIURA,PIURA,200101,20250818,Huevos rosados,6.56,10.05,Carnes y huevos,KILOGRAMO,KILOGRAMO
20250906,PIURA,PIURA,PIURA,200101,20250818,Leche fresca,3.25,4.9,Agro-industriales,LITRO,LITRO
20250906,PIURA,PIURA,PIURA,200101,20250818,Haba verde serrana,2.1,4.05,Legumbres,KILOGRAMO,KILOGRAMO
20250906,PIURA,PIURA,PIURA,200101,20250818,Garbanzo,5.16,9.95,Menestras,KILOGRAMO,KILOGRAMO
20250906,PIURA,PIURA,PIURA,200101,20250818,Pina criolla,2,2.8,Frutas,KILOGRAMO,KILOGRAMO
20250906,PIURA,PIURA,PIURA,200101,20250818,Frijol castilla,4.34,5.9,Menestras,KILOGRAMO,KILOGRAMO
20250906,PIURA,PIURA,PIURA,200101,20250818,Frijol canario,5.59,6.85,Menestras,KILOGRAMO,KILOGRAMO
20250906,PIURA,PIURA,PIURA,200101,20250818,Carne fresca de vacuno,20.5,22.7,Carnes y huevos,KILOGRAMO,KILOGRAMO
20250906,PIURA,PIURA,PIURA,200101,20250818,Carne de pollo (eviscerado),8.35,10.5,Carnes y huevos,KILOGRAMO,KILOGRAMO
20250906,PIURA,PIURA,PIURA,200101,20250818,Aji rocoto,4.15,6.55,Hortalizas,KILOGRAMO,KILOGRAMO
20250906,PIURA,PIURA,PIURA,200101,20250818,Aji escabeche,3.23,4.05,Hortalizas,KILOGRAMO,MALLA
20250906,PIURA,PIURA,PIURA,200101,20250818,Limon sutil bolsa,2.12,4.45,Frutas,KILOGRAMO,KILOGRAMO
20250906,PIURA,PIURA,PIURA,200101,20250818,Papaya,2.09,2.6,Frutas,KILOGRAMO,KILOGRAMO
20250906,PIURA,PIURA,PIURA,200101,20250818,Palta fuerte,5.05,6.75,Frutas,KILOGRAMO,KILOGRAMO
20250906,PIURA,PIURA,PIURA,200101,20250818,Pallar,6.7,8.05,Menestras,KILOGRAMO,KILOGRAMO
20250906,PIURA,PIURA,PIURA,200101,20250818,Olluco largo,3.4,4.1,Tuberculos,KILOGRAMO,KILOGRAMO
20250906,PIURA,PIURA,PIURA,200101,20250818,Naranja valencia,2.24,3.85,Frutas,KILOGRAMO,KILOGRAMO
20250906,PIURA,PIURA,PIURA,200101,20250818,Melon coquito,3.21,3.95,Frutas,KILOGRAMO,KILOGRAMO
20250906,PIURA,PIURA,PIURA,200101,20250818,Cebolla cabeza roja,1.73,3.5,Hortalizas,SACO,KILOGRAMO
20250906,PIURA,PIURA,PIURA,200101,20250818,Uva alfonso lavalett,3.54,6.65,Frutas,KILOGRAMO,KILOGRAMO
20250906,PIURA,PIURA,PIURA,200101,20250815,Azucar blanca nacional (granel),4.02,4.6,Agro-industriales,SACO NORMAL,KILOGRAMO
20250906,PIURA,PIURA,PIURA,200101,20250815,Arroz superior,2.95,3.8,Cereales,SACO NORMAL,KILOGRAMO
20250906,PIURA,PIURA,PIURA,200101,20250815,Arroz extra,3.18,4.35,Cereales,SACO NORMAL,KILOGRAMO
20250906,PIURA,PIURA,PIURA,200101,20250815,Zapallo macre,1.83,3.45,Hortalizas,KILOGRAMO,KILOGRAMO
20250906,PIURA,PIURA,PIURA,200101,20250815,Yuca blanca,1.82,3.95,Tuberculos,KILOGRAMO,KILOGRAMO
20250906,PIURA,PIURA,PIURA,200101,20250815,Vainita americana,1.91,5.6,Legumbres,KILOGRAMO,KILOGRAMO
20250906,PIURA,PIURA,PIURA,200101,20250815,Papa amarilla,1.74,2.65,Tuberculos,SACO GRANDE,KILOGRAMO
20250906,PIURA,PIURA,PIURA,200101,20250815,Uva red globe,3.53,7.35,Frutas,KILOGRAMO,KILOGRAMO
20250906,PIURA,PIURA,PIURA,200101,20250815,Camote morado,1.8,3.05,Tuberculos,SACO GRANDE,KILOGRAMO
20250906,PIURA,PIURA,PIURA,200101,20250815,Melocoton durazno huayco,3.13,3.7,Frutas,KILOGRAMO,KILOGRAMO
20250906,PIURA,PIURA,PIURA,200101,20250815,Arveja verde blanca serrana,4,7.55,Legumbres,MALLA MEDIANA,KILOGRAMO
20250906,PIURA,PIURA,PIURA,200101,20250815,Manzana israel,5.5,10.25,Frutas,KILOGRAMO,KILOGRAMO
20250906,PIURA,PIURA,PIURA,200101,20250815,Ajo criollo o napuri,8.5,17.9,Hortalizas,MALLA MEDIANA,KILOGRAMO
20250906,PIURA,PIURA,PIURA,200101,20250815,Manzana delicia,3.03,4.35,Frutas,KILOGRAMO,KILOGRAMO
20250906,PIURA,PIURA,PIURA,200101,20250815,Azucar rubia nacional (granel),3.39,4.55,Agro-industriales,SACO NORMAL,KILOGRAMO
20250906,PIURA,PIURA,PIURA,200101,20250815,Platano seda congo,1.75,4.2,Frutas,KILOGRAMO,KILOGRAMO
20250906,PIURA,PIURA,PIURA,200101,20250815,Zanahoria,1.78,3.7,Hortalizas,SACO MEDIANO,KILOGRAMO
20250906,PIURA,PIURA,PIURA,200101,20250815,Uva italia,4.71,7.75,Frutas,KILOGRAMO,KILOGRAMO
20250906,PIURA,PIURA,PIURA,200101,20250815,Leche reconstituida (azul) 395 gr,5.1,8.2,Agro-industriales,CAJA,LATA
20250906,PIURA,PIURA,PIURA,200101,20250815,Fideos nicolini tallarin,4.55,6.7,Agro-industriales,PAQUETE,KILOGRAMO
20250906,PIURA,PIURA,PIURA,200101,20250815,Choclo (tipo cusco),5.84,8.8,Cereales,CIENTO,UNIDAD
20250906,PIURA,PIURA,PIURA,200101,20250815,Aceite clasico botella 900 ml,7.78,10.8,Agro-industriales,CAJA CHICA,LITRO
20250906,PIURA,PIURA,PIURA,200101,20250815,Chirimoya cumbe,5.65,10,Frutas,CAJON CHICO,KILOGRAMO
20250906,PIURA,PIURA,PIURA,200101,20250815,Lenteja,2.12,4.55,Menestras,KILOGRAMO,KILOGRAMO
20250906,PIURA,PIURA,PIURA,200101,20250815,Platano bellaco,2.21,4.05,Frutas,LITRO,LITRO
20250906,PIURA,PIURA,PIURA,200101,20250815,Huevos rosados,3.1,4.9,Carnes y huevos,KILOGRAMO,KILOGRAMO
20250906,PIURA,PIURA,PIURA,200101,20250815,Leche fresca,3.54,4.1,Agro-industriales,LITRO,LITRO
20250906,PIURA,PIURA,PIURA,200101,20250815,Haba verde serrana,6.56,10.05,Legumbres,KILOGRAMO,KILOGRAMO
20250906,PIURA,PIURA,PIURA,200101,20250815,Garbanzo,5.1,9.75,Menestras,KILOGRAMO,KILOGRAMO
20250906,PIURA,PIURA,PIURA,200101,20250815,Pina criolla,2.11,2.8,Frutas,KILOGRAMO,KILOGRAMO
20250906,PIURA,PIURA,PIURA,200101,20250815,Frijol castilla,4.27,5.6,Menestras,KILOGRAMO,KILOGRAMO
20250906,PIURA,PIURA,PIURA,200101,20250815,Frijol canario,5.61,6.35,Menestras,KILOGRAMO,KILOGRAMO
20250906,PIURA,PIURA,PIURA,200101,20250815,Carne fresca de vacuno,21.5,22.75,Carnes y huevos,KILOGRAMO,KILOGRAMO
20250906,PIURA,PIURA,PIURA,200101,20250815,Carne de pollo (eviscerado),8.15,10.4,Carnes y huevos,KILOGRAMO,KILOGRAMO
20250906,PIURA,PIURA,PIURA,200101,20250815,Aji rocoto,4.15,6.5,Hortalizas,KILOGRAMO,KILOGRAMO
20250906,PIURA,PIURA,PIURA,200101,20250815,Aji escabeche,3.15,3.95,Hortalizas,KILOGRAMO,MALLA
20250906,PIURA,PIURA,PIURA,200101,20250815,Limon sutil bolsa,2.96,4.05,Frutas,KILOGRAMO,KILOGRAMO
20250906,PIURA,PIURA,PIURA,200101,20250815,Papaya,2,2.8,Frutas,KILOGRAMO,KILOGRAMO
20250906,PIURA,PIURA,PIURA,200101,20250815,Palta fuerte,3.71,4.75,Frutas,KILOGRAMO,KILOGRAMO
20250906,PIURA,PIURA,PIURA,200101,20250815,Pallar,5.05,6.7,Menestras,KILOGRAMO,KILOGRAMO
20250906,PIURA,PIURA,PIURA,200101,20250815,Olluco largo,6.6,8.05,Tuberculos,KILOGRAMO,KILOGRAMO
20250906,PIURA,PIURA,PIURA,200101,20250815,Naranja valencia,3.4,4,Frutas,KILOGRAMO,KILOGRAMO
20250906,PIURA,PIURA,PIURA,200101,20250815,Melon coquito,2.26,3.65,Frutas,KILOGRAMO,KILOGRAMO
20250906,PIURA,PIURA,PIURA,200101,20250815,Cebolla cabeza roja,1.69,3.5,Hortalizas,SACO,KILOGRAMO
20250906,PIURA,PIURA,PIURA,200101,20250815,Carne de porcino (corte unico),14.9,19.15,Carnes y huevos,UNIDAD,KILOGRAMO
20250906,PIURA,PIURA,PIURA,200101,20250815,Uva alfonso lavalett,5.25,6.65,Frutas,KILOGRAMO,KILOGRAMO
20250906,PIURA,PIURA,PIURA,200101,20250815,Tomate,3.54,4.55,Hortalizas,KILOGRAMO,KILOGRAMO
20250906,PIURA,PIURA,PIURA,200101,20250815,Sandia,1.93,2.55,Frutas,KILOGRAMO,KILOGRAMO
20250906,PIURA,PIURA,PIURA,200101,20250815,Papa canchan,1.52,2.65,Tuberculos,SACO GRANDE,KILOGRAMO
20250906,PIURA,PIURA,PIURA,200101,20250813,Platano seda congo,2.04,4.35,Frutas,KILOGRAMO,KILOGRAMO
20250906,PIURA,PIURA,PIURA,200101,20250813,Zanahoria,1.86,3.7,Hortalizas,SACO MEDIANO,KILOGRAMO
20250906,PIURA,PIURA,PIURA,200101,20250813,Uva italia,5.42,7.65,Frutas,KILOGRAMO,KILOGRAMO
20250906,PIURA,PIURA,PIURA,200101,20250813,Leche reconstituida (azul) 395 gr,3.54,4.1,Agro-industriales,CAJA,LATA
20250906,PIURA,PIURA,PIURA,200101,20250813,Fideos nicolini tallarin,4.55,6.7,Agro-industriales,PAQUETE,KILOGRAMO
20250906,PIURA,PIURA,PIURA,200101,20250813,Choclo (tipo cusco),5.8,8.85,Cereales,CIENTO,UNIDAD
20250906,PIURA,PIURA,PIURA,200101,20250813,Aceite clasico botella 900 ml,7.87,10.7,Agro-industriales,CAJA CHICA,LITRO
20250906,PIURA,PIURA,PIURA,200101,20250813,Chirimoya cumbe,5.65,10,Frutas,CAJON CHICO,KILOGRAMO
20250906,PIURA,PIURA,PIURA,200101,20250813,Lenteja,5.1,8.2,Menestras,KILOGRAMO,KILOGRAMO
20250906,PIURA,PIURA,PIURA,200101,20250813,Platano bellaco,2.18,4.2,Frutas,LITRO,LITRO
20250906,PIURA,PIURA,PIURA,200101,20250813,Huevos rosados,6.56,10.05,Carnes y huevos,KILOGRAMO,KILOGRAMO
20250906,PIURA,PIURA,PIURA,200101,20250813,Leche fresca,3.1,4.9,Agro-industriales,LITRO,LITRO
20250906,PIURA,PIURA,PIURA,200101,20250813,Haba verde serrana,2.11,4.05,Legumbres,KILOGRAMO,KILOGRAMO
20250906,PIURA,PIURA,PIURA,200101,20250813,Garbanzo,5.13,9.75,Menestras,KILOGRAMO,KILOGRAMO
20250906,PIURA,PIURA,PIURA,200101,20250813,Pina criolla,2,2.8,Frutas,KILOGRAMO,KILOGRAMO
20250906,PIURA,PIURA,PIURA,200101,20250813,Frijol castilla,4.31,5.65,Menestras,KILOGRAMO,KILOGRAMO
20250906,PIURA,PIURA,PIURA,200101,20250813,Frijol canario,5.63,6.35,Menestras,KILOGRAMO,KILOGRAMO
20250906,PIURA,PIURA,PIURA,200101,20250813,Carne fresca de vacuno,21.5,22.75,Carnes y huevos,KILOGRAMO,KILOGRAMO
20250906,PIURA,PIURA,PIURA,200101,20250813,Carne de pollo (eviscerado),8.25,10.4,Carnes y huevos,KILOGRAMO,KILOGRAMO
20250906,PIURA,PIURA,PIURA,200101,20250813,Aji rocoto,4.15,6.55,Hortalizas,KILOGRAMO,KILOGRAMO
20250906,PIURA,PIURA,PIURA,200101,20250813,Aji escabeche,3.21,3.95,Hortalizas,KILOGRAMO,MALLA
20250906,PIURA,PIURA,PIURA,200101,20250813,Limon sutil bolsa,2.16,4.65,Frutas,KILOGRAMO,KILOGRAMO
20250906,PIURA,PIURA,PIURA,200101,20250813,Papaya,2.09,2.6,Frutas,KILOGRAMO,KILOGRAMO
20250906,PIURA,PIURA,PIURA,200101,20250813,Palta fuerte,5.05,6.75,Frutas,KILOGRAMO,KILOGRAMO
20250906,PIURA,PIURA,PIURA,200101,20250813,Pallar,6.65,8.05,Menestras,KILOGRAMO,KILOGRAMO
20250906,PIURA,PIURA,PIURA,200101,20250813,Olluco largo,3.4,4.1,Tuberculos,KILOGRAMO,KILOGRAMO
20250906,PIURA,PIURA,PIURA,200101,20250813,Naranja valencia,2.26,3.7,Frutas,KILOGRAMO,KILOGRAMO
20250906,PIURA,PIURA,PIURA,200101,20250813,Melon coquito,3.21,3.8,Frutas,KILOGRAMO,KILOGRAMO
20250906,PIURA,PIURA,PIURA,200101,20250813,Cebolla cabeza roja,1.75,3.5,Hortalizas,SACO,KILOGRAMO
20250906,PIURA,PIURA,PIURA,200101,20250813,Carne de porcino (corte unico),15.5,18.85,Carnes y huevos,UNIDAD,KILOGRAMO
20250906,PIURA,PIURA,PIURA,200101,20250813,Uva alfonso lavalett,3.54,6.65,Frutas,KILOGRAMO,KILOGRAMO
20250906,PIURA,PIURA,PIURA,200101,20250813,Tomate,1.93,4.55,Hortalizas,KILOGRAMO,KILOGRAMO
20250906,PIURA,PIURA,PIURA,200101,20250813,Sandia,1.75,2.45,Frutas,KILOGRAMO,KILOGRAMO
20250906,PIURA,PIURA,PIURA,200101,20250813,Papa canchan,1.74,2.65,Tuberculos,SACO GRANDE,KILOGRAMO
20250906,PIURA,PIURA,PIURA,200101,20250813,Azucar blanca nacional (granel),4.02,4.6,Agro-industriales,SACO NORMAL,KILOGRAMO
20250906,PIURA,PIURA,PIURA,200101,20250813,Arroz superior,2.99,3.8,Cereales,SACO NORMAL,KILOGRAMO
20250906,PIURA,PIURA,PIURA,200101,20250813,Arroz extra,3.18,4.35,Cereales,SACO NORMAL,KILOGRAMO
20250906,PIURA,PIURA,PIURA,200101,20250813,Zapallo macre,1.85,3.55,Hortalizas,KILOGRAMO,KILOGRAMO
20250906,PIURA,PIURA,PIURA,200101,20250813,Yuca blanca,1.93,4,Tuberculos,KILOGRAMO,KILOGRAMO
20250906,PIURA,PIURA,PIURA,200101,20250813,Vainita americana,3.59,5.6,Legumbres,KILOGRAMO,KILOGRAMO
20250906,PIURA,PIURA,PIURA,200101,20250813,Papa amarilla,3.87,4.85,Tuberculos,SACO GRANDE,KILOGRAMO
20250906,PIURA,PIURA,PIURA,200101,20250813,Uva red globe,4.71,7.35,Frutas,KILOGRAMO,KILOGRAMO
20250906,PIURA,PIURA,PIURA,200101,20250813,Camote morado,1.87,3.05,Tuberculos,SACO GRANDE,KILOGRAMO
20250906,PIURA,PIURA,PIURA,200101,20250813,Melocoton durazno huayco,5.53,10.45,Frutas,KILOGRAMO,KILOGRAMO
20250906,PIURA,PIURA,PIURA,200101,20250813,Arveja verde blanca serrana,4,7.55,Legumbres,MALLA MEDIANA,KILOGRAMO
20250906,PIURA,PIURA,PIURA,200101,20250813,Manzana israel,3.05,4.5,Frutas,KILOGRAMO,KILOGRAMO
20250906,PIURA,PIURA,PIURA,200101,20250813,Ajo criollo o napuri,8.51,17.9,Hortalizas,MALLA MEDIANA,KILOGRAMO
20250906,PIURA,PIURA,PIURA,200101,20250813,Manzana delicia,2.13,4.05,Frutas,KILOGRAMO,KILOGRAMO
20250906,PIURA,PIURA,PIURA,200101,20250813,Azucar rubia nacional (granel),3.39,4.5,Agro-industriales,SACO NORMAL,KILOGRAMO
20250906,PIURA,PIURA,PIURA,200101,20250811,Platano seda congo,2.04,4.2,Frutas,KILOGRAMO,KILOGRAMO
20250906,PIURA,PIURA,PIURA,200101,20250811,Zanahoria,1.82,3.7,Hortalizas,SACO MEDIANO,KILOGRAMO
20250906,PIURA,PIURA,PIURA,200101,20250811,Uva italia,5.25,7.75,Frutas,KILOGRAMO,KILOGRAMO
20250906,PIURA,PIURA,PIURA,200101,20250811,Leche reconstituida (azul) 395 gr,3.54,4.1,Agro-industriales,CAJA,LATA
20250906,PIURA,PIURA,PIURA,200101,20250811,Fideos nicolini tallarin,4.55,6.7,Agro-industriales,PAQUETE,KILOGRAMO
20250906,PIURA,PIURA,PIURA,200101,20250811,Choclo (tipo cusco),5.84,8.8,Cereales,CIENTO,UNIDAD
20250906,PIURA,PIURA,PIURA,200101,20250811,Aceite clasico botella 900 ml,7.78,10.8,Agro-industriales,CAJA CHICA,LITRO
20250906,PIURA,PIURA,PIURA,200101,20250811,Chirimoya cumbe,5.65,10,Frutas,CAJON CHICO,KILOGRAMO
20250906,PIURA,PIURA,PIURA,200101,20250811,Lenteja,5.1,8.2,Menestras,KILOGRAMO,KILOGRAMO
20250906,PIURA,PIURA,PIURA,200101,20250811,Platano bellaco,2.11,4.05,Frutas,LITRO,LITRO
20250906,PIURA,PIURA,PIURA,200101,20250811,Huevos rosados,6.56,10.05,Carnes y huevos,KILOGRAMO,KILOGRAMO
20250906,PIURA,PIURA,PIURA,200101,20250811,Leche fresca,3.1,4.9,Agro-industriales,LITRO,LITRO
20250906,PIURA,PIURA,PIURA,200101,20250811,Haba verde serrana,2,3.95,Legumbres,KILOGRAMO,KILOGRAMO
20250906,PIURA,PIURA,PIURA,200101,20250811,Garbanzo,5.1,9.75,Menestras,KILOGRAMO,KILOGRAMO
20250906,PIURA,PIURA,PIURA,200101,20250811,Pina criolla,2,2.8,Frutas,KILOGRAMO,KILOGRAMO
20250906,PIURA,PIURA,PIURA,200101,20250811,Frijol castilla,4.27,5.6,Menestras,KILOGRAMO,KILOGRAMO
20250906,PIURA,PIURA,PIURA,200101,20250811,Frijol canario,5.61,6.35,Menestras,KILOGRAMO,KILOGRAMO
20250906,PIURA,PIURA,PIURA,200101,20250811,Carne fresca de vacuno,21.5,22.75,Carnes y huevos,KILOGRAMO,KILOGRAMO
20250906,PIURA,PIURA,PIURA,200101,20250811,Carne de pollo (eviscerado),8.15,10.4,Carnes y huevos,KILOGRAMO,KILOGRAMO
20250906,PIURA,PIURA,PIURA,200101,20250811,Aji rocoto,4.15,6.5,Hortalizas,KILOGRAMO,KILOGRAMO
20250906,PIURA,PIURA,PIURA,200101,20250811,Aji escabeche,3.15,3.95,Hortalizas,KILOGRAMO,MALLA
20250906,PIURA,PIURA,PIURA,200101,20250811,Limon sutil bolsa,2.12,4.55,Frutas,KILOGRAMO,KILOGRAMO
20250906,PIURA,PIURA,PIURA,200101,20250811,Papaya,2.09,2.8,Frutas,KILOGRAMO,KILOGRAMO
20250906,PIURA,PIURA,PIURA,200101,20250811,Palta fuerte,5.05,6.7,Frutas,KILOGRAMO,KILOGRAMO
20250906,PIURA,PIURA,PIURA,200101,20250811,Pallar,6.6,8.05,Menestras,KILOGRAMO,KILOGRAMO
20250906,PIURA,PIURA,PIURA,200101,20250811,Olluco largo,3.4,4,Tuberculos,KILOGRAMO,KILOGRAMO
20250906,PIURA,PIURA,PIURA,200101,20250811,Naranja valencia,2.26,3.65,Frutas,KILOGRAMO,KILOGRAMO
20250906,PIURA,PIURA,PIURA,200101,20250811,Melon coquito,3.13,3.7,Frutas,KILOGRAMO,KILOGRAMO
20250906,PIURA,PIURA,PIURA,200101,20250811,Cebolla cabeza roja,1.69,3.5,Hortalizas,SACO,KILOGRAMO
20250906,PIURA,PIURA,PIURA,200101,20250811,Carne de porcino (corte unico),14.9,19.15,Carnes y huevos,UNIDAD,KILOGRAMO
20250906,PIURA,PIURA,PIURA,200101,20250811,Uva alfonso lavalett,3.54,6.65,Frutas,KILOGRAMO,KILOGRAMO
20250906,PIURA,PIURA,PIURA,200101,20250811,Sandia,1.75,2.55,Frutas,KILOGRAMO,KILOGRAMO
20250906,PIURA,PIURA,PIURA,200101,20250811,Papa canchan,1.74,2.65,Tuberculos,SACO GRANDE,KILOGRAMO
20250906,PIURA,PIURA,PIURA,200101,20250811,Tomate,1.93,4.55,Hortalizas,KILOGRAMO,KILOGRAMO
20250906,PIURA,PIURA,PIURA,200101,20250811,Azucar blanca nacional (granel),4.02,4.6,Agro-industriales,SACO NORMAL,KILOGRAMO
20250906,PIURA,PIURA,PIURA,200101,20250811,Arroz superior,2.95,3.8,Cereales,SACO NORMAL,KILOGRAMO
20250906,PIURA,PIURA,PIURA,200101,20250811,Arroz extra,3.18,4.35,Cereales,SACO NORMAL,KILOGRAMO
20250906,PIURA,PIURA,PIURA,200101,20250811,Zapallo macre,1.78,3.45,Hortalizas,KILOGRAMO,KILOGRAMO
20250906,PIURA,PIURA,PIURA,200101,20250811,Yuca blanca,1.91,3.95,Tuberculos,KILOGRAMO,KILOGRAMO
20250906,PIURA,PIURA,PIURA,200101,20250811,Vainita americana,3.53,5.6,Legumbres,KILOGRAMO,KILOGRAMO
20250906,PIURA,PIURA,PIURA,200101,20250811,Papa amarilla,3.71,4.75,Tuberculos,SACO GRANDE,KILOGRAMO
20250906,PIURA,PIURA,PIURA,200101,20250811,Uva red globe,4.71,7.35,Frutas,KILOGRAMO,KILOGRAMO
20250906,PIURA,PIURA,PIURA,200101,20250811,Camote morado,1.8,3.05,Tuberculos,SACO GRANDE,KILOGRAMO
20250906,PIURA,PIURA,PIURA,200101,20250811,Melocoton durazno huayco,5.5,10.25,Frutas,KILOGRAMO,KILOGRAMO
20250906,PIURA,PIURA,PIURA,200101,20250811,Arveja verde blanca serrana,4,7.55,Legumbres,MALLA MEDIANA,KILOGRAMO
20250906,PIURA,PIURA,PIURA,200101,20250811,Manzana israel,3.03,4.35,Frutas,KILOGRAMO,KILOGRAMO
20250906,PIURA,PIURA,PIURA,200101,20250811,Ajo criollo o napuri,8.5,17.9,Hortalizas,MALLA MEDIANA,KILOGRAMO
20250906,PIURA,PIURA,PIURA,200101,20250811,Manzana delicia,2.1,4.05,Frutas,KILOGRAMO,KILOGRAMO
20250906,PIURA,PIURA,PIURA,200101,20250811,Azucar rubia nacional (granel),3.39,4.55,Agro-industriales,SACO NORMAL,KILOGRAMO
20250906,PIURA,PIURA,PIURA,200101,20250808,Zanahoria,1.79,3.65,Hortalizas,SACO MEDIANO,KILOGRAMO
20250906,PIURA,PIURA,PIURA,200101,20250808,Uva italia,5.25,7.75,Frutas,KILOGRAMO,KILOGRAMO
20250906,PIURA,PIURA,PIURA,200101,20250808,Leche reconstituida (azul) 395 gr,3.54,4.1,Agro-industriales,CAJA,LATA
20250906,PIURA,PIURA,PIURA,200101,20250808,Fideos nicolini tallarin,4.55,6.7,Agro-industriales,PAQUETE,KILOGRAMO
20250906,PIURA,PIURA,PIURA,200101,20250808,Choclo (tipo cusco),5.84,8.7,Cereales,CIENTO,UNIDAD
20250906,PIURA,PIURA,PIURA,200101,20250808,Aceite clasico botella 900 ml,7.87,10.8,Agro-industriales,CAJA CHICA,LITRO
20250906,PIURA,PIURA,PIURA,200101,20250808,Chirimoya cumbe,3.7,9.95,Frutas,CAJON CHICO,KILOGRAMO
20250906,PIURA,PIURA,PIURA,200101,20250808,Lenteja,5.1,8.2,Menestras,KILOGRAMO,KILOGRAMO
20250906,PIURA,PIURA,PIURA,200101,20250808,Platano bellaco,2.18,4.1,Frutas,LITRO,LITRO
20250906,PIURA,PIURA,PIURA,200101,20250808,Huevos rosados,6.54,10,Carnes y huevos,KILOGRAMO,KILOGRAMO
20250906,PIURA,PIURA,PIURA,200101,20250808,Leche fresca,3.1,4.9,Agro-industriales,LITRO,LITRO
20250906,PIURA,PIURA,PIURA,200101,20250808,Haba verde serrana,2,3.85,Legumbres,KILOGRAMO,KILOGRAMO
20250906,PIURA,PIURA,PIURA,200101,20250808,Garbanzo,5.1,9.65,Menestras,KILOGRAMO,KILOGRAMO
20250906,PIURA,PIURA,PIURA,200101,20250808,Pina criolla,2,2.8,Frutas,KILOGRAMO,KILOGRAMO
20250906,PIURA,PIURA,PIURA,200101,20250808,Frijol castilla,4.26,5.6,Menestras,KILOGRAMO,KILOGRAMO
20250906,PIURA,PIURA,PIURA,200101,20250808,Frijol canario,5.6,6.25,Menestras,KILOGRAMO,KILOGRAMO
20250906,PIURA,PIURA,PIURA,200101,20250808,Carne fresca de vacuno,20.5,22.75,Carnes y huevos,KILOGRAMO,KILOGRAMO
20250906,PIURA,PIURA,PIURA,200101,20250808,Carne de pollo (eviscerado),8.1,10.2,Carnes y huevos,KILOGRAMO,KILOGRAMO
20250906,PIURA,PIURA,PIURA,200101,20250808,Aji rocoto,4.1,6.55,Hortalizas,KILOGRAMO,KILOGRAMO
20250906,PIURA,PIURA,PIURA,200101,20250808,Aji escabeche,3.15,3.95,Hortalizas,KILOGRAMO,MALLA
20250906,PIURA,PIURA,PIURA,200101,20250808,Limon sutil bolsa,2.07,4.45,Frutas,KILOGRAMO,KILOGRAMO
20250906,PIURA,PIURA,PIURA,200101,20250808,Papaya,2.08,3.1,Frutas,KILOGRAMO,KILOGRAMO
20250906,PIURA,PIURA,PIURA,200101,20250808,Palta fuerte,5.05,6.7,Frutas,KILOGRAMO,KILOGRAMO
20250906,PIURA,PIURA,PIURA,200101,20250808,Pallar,6.55,7.85,Menestras,KILOGRAMO,KILOGRAMO
20250906,PIURA,PIURA,PIURA,200101,20250808,Olluco largo,3.25,4.05,Tuberculos,KILOGRAMO,KILOGRAMO
20250906,PIURA,PIURA,PIURA,200101,20250808,Naranja valencia,2.26,3.4,Frutas,KILOGRAMO,KILOGRAMO
20250906,PIURA,PIURA,PIURA,200101,20250808,Cebolla cabeza roja,1.61,3.55,Hortalizas,SACO,KILOGRAMO
20250906,PIURA,PIURA,PIURA,200101,20250808,Carne de porcino (corte unico),14.9,20.2,Carnes y huevos,UNIDAD,KILOGRAMO
20250906,PIURA,PIURA,PIURA,200101,20250808,Uva alfonso lavalett,3.63,6.65,Frutas,KILOGRAMO,KILOGRAMO
20250906,PIURA,PIURA,PIURA,200101,20250808,Melon coquito,3.13,3.55,Frutas,KILOGRAMO,KILOGRAMO
20250906,PIURA,PIURA,PIURA,200101,20250808,Sandia,1.75,2.55,Frutas,KILOGRAMO,KILOGRAMO
20250906,PIURA,PIURA,PIURA,200101,20250808,Papa canchan,1.72,2.75,Tuberculos,SACO GRANDE,KILOGRAMO
20250906,PIURA,PIURA,PIURA,200101,20250808,Tomate,1.82,4.55,Hortalizas,KILOGRAMO,KILOGRAMO
20250906,PIURA,PIURA,PIURA,200101,20250808,Azucar blanca nacional (granel),4.04,4.55,Agro-industriales,SACO NORMAL,KILOGRAMO
20250906,PIURA,PIURA,PIURA,200101,20250808,Arroz superior,3.03,4.05,Cereales,SACO NORMAL,KILOGRAMO
20250906,PIURA,PIURA,PIURA,200101,20250808,Arroz extra,3.18,4.55,Cereales,SACO NORMAL,KILOGRAMO
20250906,PIURA,PIURA,PIURA,200101,20250808,Zapallo macre,1.78,3.45,Hortalizas,KILOGRAMO,KILOGRAMO
20250906,PIURA,PIURA,PIURA,200101,20250808,Yuca blanca,1.91,3.95,Tuberculos,KILOGRAMO,KILOGRAMO
20250906,PIURA,PIURA,PIURA,200101,20250808,Vainita americana,3.54,5.55,Legumbres,KILOGRAMO,KILOGRAMO
20250906,PIURA,PIURA,PIURA,200101,20250808,Papa amarilla,3.69,4.7,Tuberculos,SACO GRANDE,KILOGRAMO
20250906,PIURA,PIURA,PIURA,200101,20250808,Uva red globe,4.71,7.35,Frutas,KILOGRAMO,KILOGRAMO
20250906,PIURA,PIURA,PIURA,200101,20250808,Camote morado,1.8,3.05,Tuberculos,SACO GRANDE,KILOGRAMO
20250906,PIURA,PIURA,PIURA,200101,20250808,Melocoton durazno huayco,5.48,10.25,Frutas,KILOGRAMO,KILOGRAMO
20250906,PIURA,PIURA,PIURA,200101,20250808,Arveja verde blanca serrana,3.98,7.55,Legumbres,MALLA MEDIANA,KILOGRAMO
20250906,PIURA,PIURA,PIURA,200101,20250808,Manzana israel,3,4.35,Frutas,KILOGRAMO,KILOGRAMO
20250906,PIURA,PIURA,PIURA,200101,20250808,Ajo criollo o napuri,8.5,17.85,Hortalizas,MALLA MEDIANA,KILOGRAMO
20250906,PIURA,PIURA,PIURA,200101,20250808,Manzana delicia,2.15,4,Frutas,KILOGRAMO,KILOGRAMO
20250906,PIURA,PIURA,PIURA,200101,20250808,Azucar rubia nacional (granel),3.39,4.55,Agro-industriales,SACO NORMAL,KILOGRAMO
20250906,PIURA,PIURA,PIURA,200101,20250808,Platano seda congo,1.96,4.2,Frutas,KILOGRAMO,KILOGRAMO
20250806,PIURA,PIURA,PIURA,200101,20250730,Yuca blanca,1.88,3.85,Tuberculos,KILOGRAMO,KILOGRAMO
20250806,PIURA,PIURA,PIURA,200101,20250730,Leche fresca,3.1,4.9,Agro-industriales,LITRO,LITRO
20250806,PIURA,PIURA,PIURA,200101,20250730,Olluco largo,3.25,4.05,Tuberculos,KILOGRAMO,KILOGRAMO
20250806,PIURA,PIURA,PIURA,200101,20250730,Zanahoria,1.85,3.65,Hortalizas,SACO MEDIANO,KILOGRAMO
20250806,PIURA,PIURA,PIURA,200101,20250730,Azucar rubia nacional (granel),3.39,4.35,Agro-industriales,SACO NORMAL,KILOGRAMO
20250806,PIURA,PIURA,PIURA,200101,20250730,Carne de pollo (eviscerado),8.05,10.15,Carnes y huevos,KILOGRAMO,KILOGRAMO
20250806,PIURA,PIURA,PIURA,200101,20250730,Carne de porcino (corte unico),14.9,20.15,Carnes y huevos,UNIDAD,KILOGRAMO
20250806,PIURA,PIURA,PIURA,200101,20250730,Haba verde serrana,2.13,3.85,Legumbres,KILOGRAMO,KILOGRAMO
20250806,PIURA,PIURA,PIURA,200101,20250730,Ajo criollo o napuri,8.57,17.85,Hortalizas,MALLA MEDIANA,KILOGRAMO
20250806,PIURA,PIURA,PIURA,200101,20250730,Huevos rosados,6.54,9.8,Carnes y huevos,KILOGRAMO,KILOGRAMO
20250806,PIURA,PIURA,PIURA,200101,20250730,Chirimoya cumbe,3.7,9.85,Frutas,CAJON CHICO,KILOGRAMO
20250806,PIURA,PIURA,PIURA,200101,20250730,Zapallo macre,1.7,3.55,Hortalizas,KILOGRAMO,KILOGRAMO
20250806,PIURA,PIURA,PIURA,200101,20250730,Carne fresca de vacuno,19.5,22.75,Carnes y huevos,KILOGRAMO,KILOGRAMO
20250806,PIURA,PIURA,PIURA,200101,20250730,Platano bellaco,2.07,4.1,Frutas,LITRO,LITRO
20250806,PIURA,PIURA,PIURA,200101,20250730,Pallar,6.55,8,Menestras,KILOGRAMO,KILOGRAMO
20250806,PIURA,PIURA,PIURA,200101,20250730,Palta fuerte,5.05,6.7,Frutas,KILOGRAMO,KILOGRAMO
20250806,PIURA,PIURA,PIURA,200101,20250730,Arveja verde blanca serrana,4.02,7.55,Legumbres,MALLA MEDIANA,KILOGRAMO
20250806,PIURA,PIURA,PIURA,200101,20250730,Choclo (tipo cusco),5.84,8.7,Cereales,CIENTO,UNIDAD
20250806,PIURA,PIURA,PIURA,200101,20250730,Arroz extra,3.18,4.55,Cereales,SACO NORMAL,KILOGRAMO
20250806,PIURA,PIURA,PIURA,200101,20250730,Manzana delicia,2.15,3.9,Frutas,KILOGRAMO,KILOGRAMO
20250806,PIURA,PIURA,PIURA,200101,20250730,Cebolla cabeza roja,1.61,3.7,Hortalizas,SACO,KILOGRAMO
20250806,PIURA,PIURA,PIURA,200101,20250730,Aceite clasico botella 900 ml,8.43,10.7,Agro-industriales,CAJA CHICA,LITRO
20250806,PIURA,PIURA,PIURA,200101,20250730,Manzana israel,2.98,4.35,Frutas,KILOGRAMO,KILOGRAMO
20250806,PIURA,PIURA,PIURA,200101,20250730,Lenteja,5.1,8.2,Menestras,KILOGRAMO,KILOGRAMO
20250806,PIURA,PIURA,PIURA,200101,20250730,Frijol canario,5.98,6.25,Menestras,KILOGRAMO,KILOGRAMO
20250806,PIURA,PIURA,PIURA,200101,20250730,Arroz superior,3.03,4.15,Cereales,SACO NORMAL,KILOGRAMO
20250806,PIURA,PIURA,PIURA,200101,20250730,Aji escabeche,3.13,4.15,Hortalizas,KILOGRAMO,MALLA
20250806,PIURA,PIURA,PIURA,200101,20250730,Frijol castilla,4.18,5.6,Menestras,KILOGRAMO,KILOGRAMO
20250806,PIURA,PIURA,PIURA,200101,20250730,Sandia,1.75,2.55,Frutas,KILOGRAMO,KILOGRAMO
20250806,PIURA,PIURA,PIURA,200101,20250730,Papaya,2.08,3.1,Frutas,KILOGRAMO,KILOGRAMO
20250806,PIURA,PIURA,PIURA,200101,20250730,Uva red globe,4.71,7.35,Frutas,KILOGRAMO,KILOGRAMO
20250806,PIURA,PIURA,PIURA,200101,20250730,Camote morado,1.8,3.05,Tuberculos,SACO GRANDE,KILOGRAMO
20250806,PIURA,PIURA,PIURA,200101,20250730,Fideos nicolini tallarin,4.55,6.7,Agro-industriales,PAQUETE,KILOGRAMO
20250806,PIURA,PIURA,PIURA,200101,20250730,Naranja valencia,2.26,3.4,Frutas,KILOGRAMO,KILOGRAMO
20250806,PIURA,PIURA,PIURA,200101,20250730,Leche reconstituida (azul) 395 gr,3.54,4.1,Agro-industriales,CAJA,LATA
20250806,PIURA,PIURA,PIURA,200101,20250730,Uva italia,5,7.75,Frutas,KILOGRAMO,KILOGRAMO
20250806,PIURA,PIURA,PIURA,200101,20250730,Azucar blanca nacional (granel),4.04,4.55,Agro-industriales,SACO NORMAL,KILOGRAMO
20250806,PIURA,PIURA,PIURA,200101,20250730,Melocoton durazno huayco,5.43,10.25,Frutas,KILOGRAMO,KILOGRAMO
20250806,PIURA,PIURA,PIURA,200101,20250730,Pina criolla,2,2.75,Frutas,KILOGRAMO,KILOGRAMO
20250806,PIURA,PIURA,PIURA,200101,20250730,Vainita americana,3.67,5.55,Legumbres,KILOGRAMO,KILOGRAMO
20250806,PIURA,PIURA,PIURA,200101,20250730,Melon coquito,3.13,3.55,Frutas,KILOGRAMO,KILOGRAMO
20250806,PIURA,PIURA,PIURA,200101,20250730,Limon sutil bolsa,2.13,4.3,Frutas,KILOGRAMO,KILOGRAMO
20250806,PIURA,PIURA,PIURA,200101,20250730,Platano seda congo,1.96,4.2,Frutas,KILOGRAMO,KILOGRAMO
20250806,PIURA,PIURA,PIURA,200101,20250730,Papa amarilla,3.62,4.5,Tuberculos,SACO GRANDE,KILOGRAMO
20250806,PIURA,PIURA,PIURA,200101,20250730,Papa canchan,1.69,2.65,Tuberculos,SACO GRANDE,KILOGRAMO
20250806,PIURA,PIURA,PIURA,200101,20250730,Aji rocoto,4.05,6.55,Hortalizas,KILOGRAMO,KILOGRAMO
20250806,PIURA,PIURA,PIURA,200101,20250730,Garbanzo,5.25,9.65,Menestras,KILOGRAMO,KILOGRAMO
20250806,PIURA,PIURA,PIURA,200101,20250730,Tomate,1.95,4.45,Hortalizas,KILOGRAMO,KILOGRAMO
20250806,PIURA,PIURA,PIURA,200101,20250730,Uva alfonso lavalett,3.71,6.7,Frutas,KILOGRAMO,KILOGRAMO
20250806,PIURA,PIURA,PIURA,200101,20250725,Carne de porcino (corte unico),14.9,20.15,Carnes y huevos,UNIDAD,KILOGRAMO
20250806,PIURA,PIURA,PIURA,200101,20250725,Haba verde serrana,2.12,3.85,Legumbres,KILOGRAMO,KILOGRAMO
20250806,PIURA,PIURA,PIURA,200101,20250725,Ajo criollo o napuri,8.53,17.65,Hortalizas,MALLA MEDIANA,KILOGRAMO
20250806,PIURA,PIURA,PIURA,200101,20250725,Huevos rosados,6.54,10,Carnes y huevos,KILOGRAMO,KILOGRAMO
20250806,PIURA,PIURA,PIURA,200101,20250725,Chirimoya cumbe,3.7,9.65,Frutas,CAJON CHICO,KILOGRAMO
20250806,PIURA,PIURA,PIURA,200101,20250725,Zapallo macre,1.7,3.55,Hortalizas,KILOGRAMO,KILOGRAMO
20250806,PIURA,PIURA,PIURA,200101,20250725,Carne fresca de vacuno,19.5,22.4,Carnes y huevos,KILOGRAMO,KILOGRAMO
20250806,PIURA,PIURA,PIURA,200101,20250725,Platano bellaco,2.07,4.1,Frutas,LITRO,LITRO
20250806,PIURA,PIURA,PIURA,200101,20250725,Pallar,6.55,8,Menestras,KILOGRAMO,KILOGRAMO
20250806,PIURA,PIURA,PIURA,200101,20250725,Palta fuerte,5.37,6.65,Frutas,KILOGRAMO,KILOGRAMO
20250806,PIURA,PIURA,PIURA,200101,20250725,Arveja verde blanca serrana,3.98,7.55,Legumbres,MALLA MEDIANA,KILOGRAMO
20250806,PIURA,PIURA,PIURA,200101,20250725,Choclo (tipo cusco),5.7,8.7,Cereales,CIENTO,UNIDAD
20250806,PIURA,PIURA,PIURA,200101,20250725,Arroz extra,3.18,4.55,Cereales,SACO NORMAL,KILOGRAMO
20250806,PIURA,PIURA,PIURA,200101,20250725,Manzana delicia,2.13,3.8,Frutas,KILOGRAMO,KILOGRAMO
20250806,PIURA,PIURA,PIURA,200101,20250725,Cebolla cabeza roja,1.61,3.4,Hortalizas,SACO,KILOGRAMO
20250806,PIURA,PIURA,PIURA,200101,20250725,Aceite clasico botella 900 ml,8.43,10.7,Agro-industriales,CAJA CHICA,LITRO
20250806,PIURA,PIURA,PIURA,200101,20250725,Manzana israel,2.93,4.35,Frutas,KILOGRAMO,KILOGRAMO
20250806,PIURA,PIURA,PIURA,200101,20250725,Lenteja,5.1,8.2,Menestras,KILOGRAMO,KILOGRAMO
20250806,PIURA,PIURA,PIURA,200101,20250725,Frijol canario,5.98,6.25,Menestras,KILOGRAMO,KILOGRAMO
20250806,PIURA,PIURA,PIURA,200101,20250725,Arroz superior,3.03,4.15,Cereales,SACO NORMAL,KILOGRAMO
20250806,PIURA,PIURA,PIURA,200101,20250725,Aji escabeche,3.14,4.15,Hortalizas,KILOGRAMO,MALLA
20250806,PIURA,PIURA,PIURA,200101,20250725,Frijol castilla,4.18,5.45,Menestras,KILOGRAMO,KILOGRAMO
20250806,PIURA,PIURA,PIURA,200101,20250725,Sandia,1.75,2.55,Frutas,KILOGRAMO,KILOGRAMO
20250806,PIURA,PIURA,PIURA,200101,20250725,Papaya,2.08,3.1,Frutas,KILOGRAMO,KILOGRAMO
20250806,PIURA,PIURA,PIURA,200101,20250725,Uva red globe,4.71,7.35,Frutas,KILOGRAMO,KILOGRAMO
20250806,PIURA,PIURA,PIURA,200101,20250725,Camote morado,1.74,3.05,Tuberculos,SACO GRANDE,KILOGRAMO
20250806,PIURA,PIURA,PIURA,200101,20250725,Fideos nicolini tallarin,4.55,6.7,Agro-industriales,PAQUETE,KILOGRAMO
20250806,PIURA,PIURA,PIURA,200101,20250725,Naranja valencia,2.26,3.4,Frutas,KILOGRAMO,KILOGRAMO
20250806,PIURA,PIURA,PIURA,200101,20250725,Leche reconstituida (azul) 395 gr,3.54,4.1,Agro-industriales,CAJA,LATA
20250806,PIURA,PIURA,PIURA,200101,20250725,Uva italia,5,7.75,Frutas,KILOGRAMO,KILOGRAMO
20250806,PIURA,PIURA,PIURA,200101,20250725,Azucar blanca nacional (granel),4.04,4.55,Agro-industriales,SACO NORMAL,KILOGRAMO
20250806,PIURA,PIURA,PIURA,200101,20250725,Melocoton durazno huayco,5.43,10.25,Frutas,KILOGRAMO,KILOGRAMO
20250806,PIURA,PIURA,PIURA,200101,20250725,Pina criolla,2,2.75,Frutas,KILOGRAMO,KILOGRAMO
20250806,PIURA,PIURA,PIURA,200101,20250725,Vainita americana,3.67,5.55,Legumbres,KILOGRAMO,KILOGRAMO
20250806,PIURA,PIURA,PIURA,200101,20250725,Melon coquito,3.13,3.55,Frutas,KILOGRAMO,KILOGRAMO
20250806,PIURA,PIURA,PIURA,200101,20250725,Limon sutil bolsa,2.07,4.05,Frutas,KILOGRAMO,KILOGRAMO
20250806,PIURA,PIURA,PIURA,200101,20250725,Platano seda congo,1.96,4.2,Frutas,KILOGRAMO,KILOGRAMO
20250806,PIURA,PIURA,PIURA,200101,20250725,Papa canchan,1.59,2.65,Tuberculos,SACO GRANDE,KILOGRAMO
20250806,PIURA,PIURA,PIURA,200101,20250725,Aji rocoto,4.05,6.55,Hortalizas,KILOGRAMO,KILOGRAMO
20250806,PIURA,PIURA,PIURA,200101,20250725,Garbanzo,5.25,9.75,Menestras,KILOGRAMO,KILOGRAMO
20250806,PIURA,PIURA,PIURA,200101,20250725,Tomate,1.95,4.45,Hortalizas,KILOGRAMO,KILOGRAMO
20250806,PIURA,PIURA,PIURA,200101,20250725,Uva alfonso lavalett,3.71,6.65,Frutas,KILOGRAMO,KILOGRAMO
20250806,PIURA,PIURA,PIURA,200101,20250725,Papa amarilla,3.67,4.45,Tuberculos,SACO GRANDE,KILOGRAMO
20250806,PIURA,PIURA,PIURA,200101,20250725,Yuca blanca,1.88,3.85,Tuberculos,KILOGRAMO,KILOGRAMO
20250806,PIURA,PIURA,PIURA,200101,20250725,Leche fresca,3.1,4.9,Agro-industriales,LITRO,LITRO
20250806,PIURA,PIURA,PIURA,200101,20250725,Olluco largo,3.25,4.1,Tuberculos,KILOGRAMO,KILOGRAMO
20250806,PIURA,PIURA,PIURA,200101,20250725,Zanahoria,1.85,3.65,Hortalizas,SACO MEDIANO,KILOGRAMO
20250806,PIURA,PIURA,PIURA,200101,20250725,Azucar rubia nacional (granel),3.4,4.1,Agro-industriales,SACO NORMAL,KILOGRAMO
20250806,PIURA,PIURA,PIURA,200101,20250725,Carne de pollo (eviscerado),8,10.15,Carnes y huevos,KILOGRAMO,KILOGRAMO
20250806,PIURA,PIURA,PIURA,200101,20250721,Ajo criollo o napuri,8.45,17.65,Hortalizas,MALLA MEDIANA,KILOGRAMO
20250806,PIURA,PIURA,PIURA,200101,20250721,Huevos rosados,6.58,10,Carnes y huevos,KILOGRAMO,KILOGRAMO
20250806,PIURA,PIURA,PIURA,200101,20250721,Chirimoya cumbe,3.6,9.4,Frutas,CAJON CHICO,KILOGRAMO
20250806,PIURA,PIURA,PIURA,200101,20250721,Zapallo macre,1.7,3.55,Hortalizas,KILOGRAMO,KILOGRAMO
20250806,PIURA,PIURA,PIURA,200101,20250721,Carne fresca de vacuno,22.5,20.8,Carnes y huevos,KILOGRAMO,KILOGRAMO
20250806,PIURA,PIURA,PIURA,200101,20250721,Platano bellaco,2.01,4.05,Frutas,LITRO,LITRO
20250806,PIURA,PIURA,PIURA,200101,20250721,Pallar,6.55,8,Menestras,KILOGRAMO,KILOGRAMO
20250806,PIURA,PIURA,PIURA,200101,20250721,Palta fuerte,5.37,6.6,Frutas,KILOGRAMO,KILOGRAMO
20250806,PIURA,PIURA,PIURA,200101,20250721,Arveja verde blanca serrana,3.98,7.55,Legumbres,MALLA MEDIANA,KILOGRAMO
20250806,PIURA,PIURA,PIURA,200101,20250721,Choclo (tipo cusco),5.8,8.7,Cereales,CIENTO,UNIDAD
20250806,PIURA,PIURA,PIURA,200101,20250721,Arroz extra,3.18,4.55,Cereales,SACO NORMAL,KILOGRAMO
20250806,PIURA,PIURA,PIURA,200101,20250721,Manzana delicia,2.13,3.8,Frutas,KILOGRAMO,KILOGRAMO
20250806,PIURA,PIURA,PIURA,200101,20250721,Cebolla cabeza roja,1.61,3.4,Hortalizas,SACO,KILOGRAMO
20250806,PIURA,PIURA,PIURA,200101,20250721,Aceite clasico botella 900 ml,8.43,10.7,Agro-industriales,CAJA CHICA,LITRO
20250806,PIURA,PIURA,PIURA,200101,20250721,Manzana israel,3,4.35,Frutas,KILOGRAMO,KILOGRAMO
20250806,PIURA,PIURA,PIURA,200101,20250721,Lenteja,5.1,7.9,Menestras,KILOGRAMO,KILOGRAMO
20250806,PIURA,PIURA,PIURA,200101,20250721,Frijol canario,5.9,6.25,Menestras,KILOGRAMO,KILOGRAMO
20250806,PIURA,PIURA,PIURA,200101,20250721,Arroz superior,3.01,4,Cereales,SACO NORMAL,KILOGRAMO
20250806,PIURA,PIURA,PIURA,200101,20250721,Aji escabeche,3.06,4.15,Hortalizas,KILOGRAMO,MALLA
20250806,PIURA,PIURA,PIURA,200101,20250721,Frijol castilla,4.17,5.45,Menestras,KILOGRAMO,KILOGRAMO
20250806,PIURA,PIURA,PIURA,200101,20250721,Sandia,1.75,2.55,Frutas,KILOGRAMO,KILOGRAMO
20250806,PIURA,PIURA,PIURA,200101,20250721,Papaya,2.04,3.1,Frutas,KILOGRAMO,KILOGRAMO
20250806,PIURA,PIURA,PIURA,200101,20250721,Uva red globe,4.71,7.35,Frutas,KILOGRAMO,KILOGRAMO
20250806,PIURA,PIURA,PIURA,200101,20250721,Camote morado,1.74,3.05,Tuberculos,SACO GRANDE,KILOGRAMO
20250806,PIURA,PIURA,PIURA,200101,20250721,Fideos nicolini tallarin,4.45,6.7,Agro-industriales,PAQUETE,KILOGRAMO
20250806,PIURA,PIURA,PIURA,200101,20250721,Naranja valencia,2.26,3.35,Frutas,KILOGRAMO,KILOGRAMO
20250806,PIURA,PIURA,PIURA,200101,20250721,Leche reconstituida (azul) 395 gr,3.57,4.2,Agro-industriales,CAJA,LATA
20250806,PIURA,PIURA,PIURA,200101,20250721,Uva italia,5.08,7.75,Frutas,KILOGRAMO,KILOGRAMO
20250806,PIURA,PIURA,PIURA,200101,20250721,Azucar blanca nacional (granel),4.05,4.55,Agro-industriales,SACO NORMAL,KILOGRAMO
20250806,PIURA,PIURA,PIURA,200101,20250721,Melocoton durazno huayco,5.43,10.25,Frutas,KILOGRAMO,KILOGRAMO
20250806,PIURA,PIURA,PIURA,200101,20250721,Pina criolla,2,2.75,Frutas,KILOGRAMO,KILOGRAMO
20250806,PIURA,PIURA,PIURA,200101,20250721,Vainita americana,3.67,5.55,Legumbres,KILOGRAMO,KILOGRAMO
20250806,PIURA,PIURA,PIURA,200101,20250721,Melon coquito,3.04,3.45,Frutas,KILOGRAMO,KILOGRAMO
20250806,PIURA,PIURA,PIURA,200101,20250721,Limon sutil bolsa,2.01,3.95,Frutas,KILOGRAMO,KILOGRAMO
20250806,PIURA,PIURA,PIURA,200101,20250721,Platano seda congo,1.93,4.2,Frutas,KILOGRAMO,KILOGRAMO
20250806,PIURA,PIURA,PIURA,200101,20250721,Papa canchan,1.47,2.65,Tuberculos,SACO GRANDE,KILOGRAMO
20250806,PIURA,PIURA,PIURA,200101,20250721,Aji rocoto,4.05,6.25,Hortalizas,KILOGRAMO,KILOGRAMO
20250806,PIURA,PIURA,PIURA,200101,20250721,Garbanzo,5.22,9.75,Menestras,KILOGRAMO,KILOGRAMO
20250806,PIURA,PIURA,PIURA,200101,20250721,Tomate,1.95,4.45,Hortalizas,KILOGRAMO,KILOGRAMO
20250806,PIURA,PIURA,PIURA,200101,20250721,Uva alfonso lavalett,3.71,6.65,Frutas,KILOGRAMO,KILOGRAMO
20250806,PIURA,PIURA,PIURA,200101,20250721,Papa amarilla,3.61,4.45,Tuberculos,SACO GRANDE,KILOGRAMO
20250806,PIURA,PIURA,PIURA,200101,20250721,Yuca blanca,1.88,3.85,Tuberculos,KILOGRAMO,KILOGRAMO
20250806,PIURA,PIURA,PIURA,200101,20250721,Leche fresca,3.05,4.85,Agro-industriales,LITRO,LITRO
20250806,PIURA,PIURA,PIURA,200101,20250721,Olluco largo,3.25,4.1,Tuberculos,KILOGRAMO,KILOGRAMO
20250806,PIURA,PIURA,PIURA,200101,20250721,Zanahoria,1.85,3.65,Hortalizas,SACO MEDIANO,KILOGRAMO
20250806,PIURA,PIURA,PIURA,200101,20250721,Azucar rubia nacional (granel),3.4,4.1,Agro-industriales,SACO NORMAL,KILOGRAMO
20250806,PIURA,PIURA,PIURA,200101,20250721,Carne de pollo (eviscerado),8,10.15,Carnes y huevos,KILOGRAMO,KILOGRAMO
20250806,PIURA,PIURA,PIURA,200101,20250721,Carne de porcino (corte unico),14.9,20.25,Carnes y huevos,UNIDAD,KILOGRAMO
20250806,PIURA,PIURA,PIURA,200101,20250721,Haba verde serrana,2.11,3.85,Legumbres,KILOGRAMO,KILOGRAMO
20250806,PIURA,PIURA,PIURA,200101,20250711,Palta fuerte,5.37,6.6,Frutas,KILOGRAMO,KILOGRAMO
20250806,PIURA,PIURA,PIURA,200101,20250711,Arveja verde blanca serrana,3.98,7.55,Legumbres,MALLA MEDIANA,KILOGRAMO
20250806,PIURA,PIURA,PIURA,200101,20250711,Choclo (tipo cusco),5.82,8.7,Cereales,CIENTO,UNIDAD
20250806,PIURA,PIURA,PIURA,200101,20250711,Arroz extra,3.18,4.55,Cereales,SACO NORMAL,KILOGRAMO
20250806,PIURA,PIURA,PIURA,200101,20250711,Manzana delicia,2.13,3.8,Frutas,KILOGRAMO,KILOGRAMO
20250806,PIURA,PIURA,PIURA,200101,20250711,Cebolla cabeza roja,1.61,3.4,Hortalizas,SACO,KILOGRAMO
20250806,PIURA,PIURA,PIURA,200101,20250711,Aceite clasico botella 900 ml,8.56,10.7,Agro-industriales,CAJA CHICA,LITRO
20250806,PIURA,PIURA,PIURA,200101,20250711,Manzana israel,3,4.35,Frutas,KILOGRAMO,KILOGRAMO
20250806,PIURA,PIURA,PIURA,200101,20250711,Lenteja,5.1,7.9,Menestras,KILOGRAMO,KILOGRAMO
20250806,PIURA,PIURA,PIURA,200101,20250711,Frijol canario,5.9,6.25,Menestras,KILOGRAMO,KILOGRAMO
20250806,PIURA,PIURA,PIURA,200101,20250711,Arroz superior,3.01,4,Cereales,SACO NORMAL,KILOGRAMO
20250806,PIURA,PIURA,PIURA,200101,20250711,Aji escabeche,3.06,4.15,Hortalizas,KILOGRAMO,MALLA
20250806,PIURA,PIURA,PIURA,200101,20250711,Frijol castilla,4.19,5.55,Menestras,KILOGRAMO,KILOGRAMO
20250806,PIURA,PIURA,PIURA,200101,20250711,Sandia,1.75,2.55,Frutas,KILOGRAMO,KILOGRAMO
20250806,PIURA,PIURA,PIURA,200101,20250711,Papaya,2.02,3.1,Frutas,KILOGRAMO,KILOGRAMO
20250806,PIURA,PIURA,PIURA,200101,20250711,Uva red globe,4.71,7.35,Frutas,KILOGRAMO,KILOGRAMO
20250806,PIURA,PIURA,PIURA,200101,20250711,Camote morado,1.75,3.05,Tuberculos,SACO GRANDE,KILOGRAMO
20250806,PIURA,PIURA,PIURA,200101,20250711,Fideos nicolini tallarin,4.45,6.7,Agro-industriales,PAQUETE,KILOGRAMO
20250806,PIURA,PIURA,PIURA,200101,20250711,Naranja valencia,2.21,3.35,Frutas,KILOGRAMO,KILOGRAMO
20250806,PIURA,PIURA,PIURA,200101,20250711,Leche reconstituida (azul) 395 gr,3.52,4.2,Agro-industriales,CAJA,LATA
20250806,PIURA,PIURA,PIURA,200101,20250711,Uva italia,4.96,7.75,Frutas,KILOGRAMO,KILOGRAMO
20250806,PIURA,PIURA,PIURA,200101,20250711,Azucar blanca nacional (granel),4.05,4.55,Agro-industriales,SACO NORMAL,KILOGRAMO
20250806,PIURA,PIURA,PIURA,200101,20250711,Melocoton durazno huayco,5.5,10.25,Frutas,KILOGRAMO,KILOGRAMO
20250806,PIURA,PIURA,PIURA,200101,20250711,Pina criolla,2,2.75,Frutas,KILOGRAMO,KILOGRAMO
20250806,PIURA,PIURA,PIURA,200101,20250711,Vainita americana,3.67,5.55,Legumbres,KILOGRAMO,KILOGRAMO
20250806,PIURA,PIURA,PIURA,200101,20250711,Melon coquito,3.13,3.45,Frutas,KILOGRAMO,KILOGRAMO
20250806,PIURA,PIURA,PIURA,200101,20250711,Limon sutil bolsa,1.97,3.45,Frutas,KILOGRAMO,KILOGRAMO
20250806,PIURA,PIURA,PIURA,200101,20250711,Platano seda congo,1.93,4.2,Frutas,KILOGRAMO,KILOGRAMO
20250806,PIURA,PIURA,PIURA,200101,20250711,Papa canchan,1.49,2.65,Tuberculos,SACO GRANDE,KILOGRAMO
20250806,PIURA,PIURA,PIURA,200101,20250711,Aji rocoto,4.7,6.25,Hortalizas,KILOGRAMO,KILOGRAMO
20250806,PIURA,PIURA,PIURA,200101,20250711,Garbanzo,5.27,9.75,Menestras,KILOGRAMO,KILOGRAMO
20250806,PIURA,PIURA,PIURA,200101,20250711,Tomate,1.95,4.45,Hortalizas,KILOGRAMO,KILOGRAMO
20250806,PIURA,PIURA,PIURA,200101,20250711,Uva alfonso lavalett,3.71,6.65,Frutas,KILOGRAMO,KILOGRAMO
20250806,PIURA,PIURA,PIURA,200101,20250711,Papa amarilla,3.61,4.25,Tuberculos,SACO GRANDE,KILOGRAMO
20250806,PIURA,PIURA,PIURA,200101,20250711,Yuca blanca,1.88,3.85,Tuberculos,KILOGRAMO,KILOGRAMO
20250806,PIURA,PIURA,PIURA,200101,20250711,Leche fresca,3.05,4.7,Agro-industriales,LITRO,LITRO
20250806,PIURA,PIURA,PIURA,200101,20250711,Olluco largo,3.4,4.1,Tuberculos,KILOGRAMO,KILOGRAMO
20250806,PIURA,PIURA,PIURA,200101,20250711,Zanahoria,1.85,3.65,Hortalizas,SACO MEDIANO,KILOGRAMO
20250806,PIURA,PIURA,PIURA,200101,20250711,Azucar rubia nacional (granel),3.45,4.1,Agro-industriales,SACO NORMAL,KILOGRAMO
20250806,PIURA,PIURA,PIURA,200101,20250711,Carne de pollo (eviscerado),8,10.15,Carnes y huevos,KILOGRAMO,KILOGRAMO
20250806,PIURA,PIURA,PIURA,200101,20250711,Zapallo macre,1.7,3.55,Hortalizas,KILOGRAMO,KILOGRAMO
20250806,PIURA,PIURA,PIURA,200101,20250711,Carne de porcino (corte unico),14.9,18.55,Carnes y huevos,UNIDAD,KILOGRAMO
20250806,PIURA,PIURA,PIURA,200101,20250711,Haba verde serrana,2.11,3.85,Legumbres,KILOGRAMO,KILOGRAMO
20250806,PIURA,PIURA,PIURA,200101,20250711,Ajo criollo o napuri,8.45,17.55,Hortalizas,MALLA MEDIANA,KILOGRAMO
20250806,PIURA,PIURA,PIURA,200101,20250711,Huevos rosados,6.58,10,Carnes y huevos,KILOGRAMO,KILOGRAMO
20250806,PIURA,PIURA,PIURA,200101,20250711,Chirimoya cumbe,4.1,7.65,Frutas,CAJON CHICO,KILOGRAMO
20250806,PIURA,PIURA,PIURA,200101,20250711,Carne fresca de vacuno,19.5,20.8,Carnes y huevos,KILOGRAMO,KILOGRAMO
20250806,PIURA,PIURA,PIURA,200101,20250711,Platano bellaco,1.87,4.05,Frutas,LITRO,LITRO
20250806,PIURA,PIURA,PIURA,200101,20250711,Pallar,6.55,8.2,Menestras,KILOGRAMO,KILOGRAMO
20250806,PIURA,PIURA,PIURA,200101,20250709,Manzana israel,2.6,4.35,Frutas,KILOGRAMO,KILOGRAMO
20250806,PIURA,PIURA,PIURA,200101,20250709,Lenteja,5.1,7.9,Menestras,KILOGRAMO,KILOGRAMO
20250806,PIURA,PIURA,PIURA,200101,20250709,Frijol canario,3.99,6.25,Menestras,KILOGRAMO,KILOGRAMO
20250806,PIURA,PIURA,PIURA,200101,20250709,Arroz superior,2.94,4,Cereales,SACO NORMAL,KILOGRAMO
20250806,PIURA,PIURA,PIURA,200101,20250709,Aji escabeche,3.06,4.05,Hortalizas,KILOGRAMO,MALLA
20250806,PIURA,PIURA,PIURA,200101,20250709,Frijol castilla,4.15,5.55,Menestras,KILOGRAMO,KILOGRAMO
20250806,PIURA,PIURA,PIURA,200101,20250709,Sandia,1.75,2.55,Frutas,KILOGRAMO,KILOGRAMO
20250806,PIURA,PIURA,PIURA,200101,20250709,Papaya,2.02,3.1,Frutas,KILOGRAMO,KILOGRAMO
20250806,PIURA,PIURA,PIURA,200101,20250709,Uva red globe,4.71,7.35,Frutas,KILOGRAMO,KILOGRAMO
20250806,PIURA,PIURA,PIURA,200101,20250709,Camote morado,1.75,3.05,Tuberculos,SACO GRANDE,KILOGRAMO
20250806,PIURA,PIURA,PIURA,200101,20250709,Fideos nicolini tallarin,4.45,6.7,Agro-industriales,PAQUETE,KILOGRAMO
20250806,PIURA,PIURA,PIURA,200101,20250709,Naranja valencia,2.21,3.4,Frutas,KILOGRAMO,KILOGRAMO
20250806,PIURA,PIURA,PIURA,200101,20250709,Leche reconstituida (azul) 395 gr,3.4,4.2,Agro-industriales,CAJA,LATA
20250806,PIURA,PIURA,PIURA,200101,20250709,Uva italia,3.54,7.75,Frutas,KILOGRAMO,KILOGRAMO
20250806,PIURA,PIURA,PIURA,200101,20250709,Azucar blanca nacional (granel),4.05,4.55,Agro-industriales,SACO NORMAL,KILOGRAMO
20250806,PIURA,PIURA,PIURA,200101,20250709,Melocoton durazno huayco,5.5,10.25,Frutas,KILOGRAMO,KILOGRAMO
20250806,PIURA,PIURA,PIURA,200101,20250709,Pina criolla,2,2.75,Frutas,KILOGRAMO,KILOGRAMO
20250806,PIURA,PIURA,PIURA,200101,20250709,Vainita americana,3.67,5.55,Legumbres,KILOGRAMO,KILOGRAMO
20250806,PIURA,PIURA,PIURA,200101,20250709,Melon coquito,3.29,3.45,Frutas,KILOGRAMO,KILOGRAMO
20250806,PIURA,PIURA,PIURA,200101,20250709,Limon sutil bolsa,2.07,3.45,Frutas,KILOGRAMO,KILOGRAMO
20250806,PIURA,PIURA,PIURA,200101,20250709,Platano seda congo,1.82,4.2,Frutas,KILOGRAMO,KILOGRAMO
20250806,PIURA,PIURA,PIURA,200101,20250709,Papa canchan,1.55,2.65,Tuberculos,SACO GRANDE,KILOGRAMO
20250806,PIURA,PIURA,PIURA,200101,20250709,Aji rocoto,4.7,6.25,Hortalizas,KILOGRAMO,KILOGRAMO
20250806,PIURA,PIURA,PIURA,200101,20250709,Garbanzo,5.27,9.75,Menestras,KILOGRAMO,KILOGRAMO
20250806,PIURA,PIURA,PIURA,200101,20250709,Tomate,1.95,4.45,Hortalizas,KILOGRAMO,KILOGRAMO
20250806,PIURA,PIURA,PIURA,200101,20250709,Uva alfonso lavalett,3.71,6.65,Frutas,KILOGRAMO,KILOGRAMO
20250806,PIURA,PIURA,PIURA,200101,20250709,Papa amarilla,3.61,4.4,Tuberculos,SACO GRANDE,KILOGRAMO
20250806,PIURA,PIURA,PIURA,200101,20250709,Yuca blanca,1.88,3.85,Tuberculos,KILOGRAMO,KILOGRAMO
20250806,PIURA,PIURA,PIURA,200101,20250709,Leche fresca,3.45,4.85,Agro-industriales,LITRO,LITRO
20250806,PIURA,PIURA,PIURA,200101,20250709,Olluco largo,3.5,4.1,Tuberculos,KILOGRAMO,KILOGRAMO
20250806,PIURA,PIURA,PIURA,200101,20250709,Zanahoria,1.85,3.65,Hortalizas,SACO MEDIANO,KILOGRAMO
20250806,PIURA,PIURA,PIURA,200101,20250709,Azucar rubia nacional (granel),3.45,4.35,Agro-industriales,SACO NORMAL,KILOGRAMO
20250806,PIURA,PIURA,PIURA,200101,20250709,Carne de pollo (eviscerado),9.05,10.2,Carnes y huevos,KILOGRAMO,KILOGRAMO
20250806,PIURA,PIURA,PIURA,200101,20250709,Zapallo macre,1.7,3.55,Hortalizas,KILOGRAMO,KILOGRAMO
20250806,PIURA,PIURA,PIURA,200101,20250709,Carne de porcino (corte unico),13.45,18.55,Carnes y huevos,UNIDAD,KILOGRAMO
20250806,PIURA,PIURA,PIURA,200101,20250709,Haba verde serrana,2.37,3.85,Legumbres,KILOGRAMO,KILOGRAMO
20250806,PIURA,PIURA,PIURA,200101,20250709,Huevos rosados,6.54,10,Carnes y huevos,KILOGRAMO,KILOGRAMO
20250806,PIURA,PIURA,PIURA,200101,20250709,Chirimoya cumbe,4.1,7.65,Frutas,CAJON CHICO,KILOGRAMO
20250806,PIURA,PIURA,PIURA,200101,20250709,Carne fresca de vacuno,20.5,20.8,Carnes y huevos,KILOGRAMO,KILOGRAMO
20250806,PIURA,PIURA,PIURA,200101,20250709,Platano bellaco,1.69,4.15,Frutas,LITRO,LITRO
20250806,PIURA,PIURA,PIURA,200101,20250709,Pallar,6.55,8.2,Menestras,KILOGRAMO,KILOGRAMO
20250806,PIURA,PIURA,PIURA,200101,20250709,Ajo criollo o napuri,8.58,17.55,Hortalizas,MALLA MEDIANA,KILOGRAMO
20250806,PIURA,PIURA,PIURA,200101,20250709,Arveja verde blanca serrana,5,7.55,Legumbres,MALLA MEDIANA,KILOGRAMO
20250806,PIURA,PIURA,PIURA,200101,20250709,Choclo (tipo cusco),5.82,8.7,Cereales,CIENTO,UNIDAD
20250806,PIURA,PIURA,PIURA,200101,20250709,Arroz extra,3.6,4.5,Cereales,SACO NORMAL,KILOGRAMO
20250806,PIURA,PIURA,PIURA,200101,20250709,Manzana delicia,2.13,3.8,Frutas,KILOGRAMO,KILOGRAMO
20250806,PIURA,PIURA,PIURA,200101,20250709,Cebolla cabeza roja,1.61,3.4,Hortalizas,SACO,KILOGRAMO
20250806,PIURA,PIURA,PIURA,200101,20250709,Aceite clasico botella 900 ml,8.56,10.75,Agro-industriales,CAJA CHICA,LITRO
20250806,PIURA,PIURA,PIURA,200101,20250709,Palta fuerte,5.27,6.6,Frutas,KILOGRAMO,KILOGRAMO
20250806,PIURA,PIURA,PIURA,200101,20250707,Arroz superior,3.01,4,Cereales,SACO NORMAL,KILOGRAMO
20250806,PIURA,PIURA,PIURA,200101,20250707,Aji escabeche,3.09,4.05,Hortalizas,KILOGRAMO,MALLA
20250806,PIURA,PIURA,PIURA,200101,20250707,Frijol castilla,4.15,5.55,Menestras,KILOGRAMO,KILOGRAMO
20250806,PIURA,PIURA,PIURA,200101,20250707,Sandia,1.75,2.55,Frutas,KILOGRAMO,KILOGRAMO
20250806,PIURA,PIURA,PIURA,200101,20250707,Papaya,2.02,3.1,Frutas,KILOGRAMO,KILOGRAMO
20250806,PIURA,PIURA,PIURA,200101,20250707,Uva red globe,4.63,7.35,Frutas,KILOGRAMO,KILOGRAMO
20250806,PIURA,PIURA,PIURA,200101,20250707,Camote morado,1.75,3.05,Tuberculos,SACO GRANDE,KILOGRAMO
20250806,PIURA,PIURA,PIURA,200101,20250707,Fideos nicolini tallarin,4.45,6.7,Agro-industriales,PAQUETE,KILOGRAMO
20250806,PIURA,PIURA,PIURA,200101,20250707,Naranja valencia,2.21,3.4,Frutas,KILOGRAMO,KILOGRAMO
20250806,PIURA,PIURA,PIURA,200101,20250707,Leche reconstituida (azul) 395 gr,3.39,4.2,Agro-industriales,CAJA,LATA
20250806,PIURA,PIURA,PIURA,200101,20250707,Uva italia,3.46,7.75,Frutas,KILOGRAMO,KILOGRAMO
20250806,PIURA,PIURA,PIURA,200101,20250707,Azucar blanca nacional (granel),4.03,4.55,Agro-industriales,SACO NORMAL,KILOGRAMO
20250806,PIURA,PIURA,PIURA,200101,20250707,Melocoton durazno huayco,5.5,10.25,Frutas,KILOGRAMO,KILOGRAMO
20250806,PIURA,PIURA,PIURA,200101,20250707,Pina criolla,2,2.75,Frutas,KILOGRAMO,KILOGRAMO
20250806,PIURA,PIURA,PIURA,200101,20250707,Vainita americana,3.67,5.55,Legumbres,KILOGRAMO,KILOGRAMO
20250806,PIURA,PIURA,PIURA,200101,20250707,Melon coquito,3.25,3.45,Frutas,KILOGRAMO,KILOGRAMO
20250806,PIURA,PIURA,PIURA,200101,20250707,Limon sutil bolsa,2.08,3.45,Frutas,KILOGRAMO,KILOGRAMO
20250806,PIURA,PIURA,PIURA,200101,20250707,Platano seda congo,1.82,4.2,Frutas,KILOGRAMO,KILOGRAMO
20250806,PIURA,PIURA,PIURA,200101,20250707,Papa canchan,1.55,2.6,Tuberculos,SACO GRANDE,KILOGRAMO
20250806,PIURA,PIURA,PIURA,200101,20250707,Aji rocoto,4.7,6.15,Hortalizas,KILOGRAMO,KILOGRAMO
20250806,PIURA,PIURA,PIURA,200101,20250707,Garbanzo,5.29,9.75,Menestras,KILOGRAMO,KILOGRAMO
20250806,PIURA,PIURA,PIURA,200101,20250707,Tomate,1.95,4.45,Hortalizas,KILOGRAMO,KILOGRAMO
20250806,PIURA,PIURA,PIURA,200101,20250707,Uva alfonso lavalett,3.71,6.65,Frutas,KILOGRAMO,KILOGRAMO
20250806,PIURA,PIURA,PIURA,200101,20250707,Papa amarilla,3.64,4.4,Tuberculos,SACO GRANDE,KILOGRAMO
20250806,PIURA,PIURA,PIURA,200101,20250707,Yuca blanca,1.88,3.85,Tuberculos,KILOGRAMO,KILOGRAMO
20250806,PIURA,PIURA,PIURA,200101,20250707,Leche fresca,3.45,4.85,Agro-industriales,LITRO,LITRO
20250806,PIURA,PIURA,PIURA,200101,20250707,Olluco largo,3.4,4.05,Tuberculos,KILOGRAMO,KILOGRAMO
20250806,PIURA,PIURA,PIURA,200101,20250707,Zanahoria,1.85,3.65,Hortalizas,SACO MEDIANO,KILOGRAMO
20250806,PIURA,PIURA,PIURA,200101,20250707,Azucar rubia nacional (granel),3.46,4.35,Agro-industriales,SACO NORMAL,KILOGRAMO
20250806,PIURA,PIURA,PIURA,200101,20250707,Carne de pollo (eviscerado),9.05,10.1,Carnes y huevos,KILOGRAMO,KILOGRAMO
20250806,PIURA,PIURA,PIURA,200101,20250707,Zapallo macre,1.7,3.55,Hortalizas,KILOGRAMO,KILOGRAMO
20250806,PIURA,PIURA,PIURA,200101,20250707,Carne de porcino (corte unico),13.45,18.55,Carnes y huevos,UNIDAD,KILOGRAMO
20250806,PIURA,PIURA,PIURA,200101,20250707,Haba verde serrana,2.37,3.75,Legumbres,KILOGRAMO,KILOGRAMO
20250806,PIURA,PIURA,PIURA,200101,20250707,Huevos rosados,6.58,10,Carnes y huevos,KILOGRAMO,KILOGRAMO
20250806,PIURA,PIURA,PIURA,200101,20250707,Chirimoya cumbe,4.2,7.65,Frutas,CAJON CHICO,KILOGRAMO
20250806,PIURA,PIURA,PIURA,200101,20250707,Carne fresca de vacuno,20.5,20.8,Carnes y huevos,KILOGRAMO,KILOGRAMO
20250806,PIURA,PIURA,PIURA,200101,20250707,Platano bellaco,1.66,4.15,Frutas,LITRO,LITRO
20250806,PIURA,PIURA,PIURA,200101,20250707,Pallar,6.85,8.2,Menestras,KILOGRAMO,KILOGRAMO
20250806,PIURA,PIURA,PIURA,200101,20250707,Ajo criollo o napuri,8.65,17.3,Hortalizas,MALLA MEDIANA,KILOGRAMO
20250806,PIURA,PIURA,PIURA,200101,20250707,Arveja verde blanca serrana,5.02,7.55,Legumbres,MALLA MEDIANA,KILOGRAMO
20250806,PIURA,PIURA,PIURA,200101,20250707,Choclo (tipo cusco),5.78,8.65,Cereales,CIENTO,UNIDAD
20250806,PIURA,PIURA,PIURA,200101,20250707,Arroz extra,3.59,4.5,Cereales,SACO NORMAL,KILOGRAMO
20250806,PIURA,PIURA,PIURA,200101,20250707,Manzana delicia,2.13,3.55,Frutas,KILOGRAMO,KILOGRAMO
20250806,PIURA,PIURA,PIURA,200101,20250707,Cebolla cabeza roja,1.61,3.4,Hortalizas,SACO,KILOGRAMO
20250806,PIURA,PIURA,PIURA,200101,20250707,Aceite clasico botella 900 ml,8.66,10.75,Agro-industriales,CAJA CHICA,LITRO
20250806,PIURA,PIURA,PIURA,200101,20250707,Palta fuerte,5.27,6.6,Frutas,KILOGRAMO,KILOGRAMO
20250806,PIURA,PIURA,PIURA,200101,20250707,Manzana israel,2.65,4.35,Frutas,KILOGRAMO,KILOGRAMO
20250806,PIURA,PIURA,PIURA,200101,20250707,Lenteja,5.15,7.8,Menestras,KILOGRAMO,KILOGRAMO
20250806,PIURA,PIURA,PIURA,200101,20250707,Frijol canario,4,6.1,Menestras,KILOGRAMO,KILOGRAMO
20250806,PIURA,PIURA,PIURA,200101,20250704,Naranja valencia,2.21,3.4,Frutas,KILOGRAMO,KILOGRAMO
20250806,PIURA,PIURA,PIURA,200101,20250704,Leche reconstituida (azul) 395 gr,3.39,4.2,Agro-industriales,CAJA,LATA
20250806,PIURA,PIURA,PIURA,200101,20250704,Uva italia,3.46,7.65,Frutas,KILOGRAMO,KILOGRAMO
20250806,PIURA,PIURA,PIURA,200101,20250704,Azucar blanca nacional (granel),4.03,4.55,Agro-industriales,SACO NORMAL,KILOGRAMO
20250806,PIURA,PIURA,PIURA,200101,20250704,Melocoton durazno huayco,5.5,10.25,Frutas,KILOGRAMO,KILOGRAMO
20250806,PIURA,PIURA,PIURA,200101,20250704,Pina criolla,2,2.75,Frutas,KILOGRAMO,KILOGRAMO
20250806,PIURA,PIURA,PIURA,200101,20250704,Vainita americana,3.67,5.55,Legumbres,KILOGRAMO,KILOGRAMO
20250806,PIURA,PIURA,PIURA,200101,20250704,Melon coquito,3.25,3.4,Frutas,KILOGRAMO,KILOGRAMO
20250806,PIURA,PIURA,PIURA,200101,20250704,Limon sutil bolsa,2.05,3.35,Frutas,KILOGRAMO,KILOGRAMO
20250806,PIURA,PIURA,PIURA,200101,20250704,Platano seda congo,1.82,4.2,Frutas,KILOGRAMO,KILOGRAMO
20250806,PIURA,PIURA,PIURA,200101,20250704,Papa canchan,1.55,2.6,Tuberculos,SACO GRANDE,KILOGRAMO
20250806,PIURA,PIURA,PIURA,200101,20250704,Aji rocoto,4.7,6.15,Hortalizas,KILOGRAMO,KILOGRAMO
20250806,PIURA,PIURA,PIURA,200101,20250704,Garbanzo,5.29,9.75,Menestras,KILOGRAMO,KILOGRAMO
20250806,PIURA,PIURA,PIURA,200101,20250704,Tomate,1.95,4.45,Hortalizas,KILOGRAMO,KILOGRAMO
20250806,PIURA,PIURA,PIURA,200101,20250704,Uva alfonso lavalett,3.63,6.65,Frutas,KILOGRAMO,KILOGRAMO
20250806,PIURA,PIURA,PIURA,200101,20250704,Papa amarilla,3.64,4.4,Tuberculos,SACO GRANDE,KILOGRAMO
20250806,PIURA,PIURA,PIURA,200101,20250704,Yuca blanca,1.88,3.85,Tuberculos,KILOGRAMO,KILOGRAMO
20250806,PIURA,PIURA,PIURA,200101,20250704,Leche fresca,3.45,4.85,Agro-industriales,LITRO,LITRO
20250806,PIURA,PIURA,PIURA,200101,20250704,Olluco largo,3.4,4.05,Tuberculos,KILOGRAMO,KILOGRAMO
20250806,PIURA,PIURA,PIURA,200101,20250704,Zanahoria,1.85,3.65,Hortalizas,SACO MEDIANO,KILOGRAMO
20250806,PIURA,PIURA,PIURA,200101,20250704,Azucar rubia nacional (granel),3.44,4.35,Agro-industriales,SACO NORMAL,KILOGRAMO
20250806,PIURA,PIURA,PIURA,200101,20250704,Carne de pollo (eviscerado),9.05,10.1,Carnes y huevos,KILOGRAMO,KILOGRAMO
20250806,PIURA,PIURA,PIURA,200101,20250704,Zapallo macre,1.7,3.55,Hortalizas,KILOGRAMO,KILOGRAMO
20250806,PIURA,PIURA,PIURA,200101,20250704,Carne de porcino (corte unico),13.45,18.55,Carnes y huevos,UNIDAD,KILOGRAMO
20250806,PIURA,PIURA,PIURA,200101,20250704,Haba verde serrana,2.37,3.65,Legumbres,KILOGRAMO,KILOGRAMO
20250806,PIURA,PIURA,PIURA,200101,20250704,Huevos rosados,6.54,10,Carnes y huevos,KILOGRAMO,KILOGRAMO
20250806,PIURA,PIURA,PIURA,200101,20250704,Chirimoya cumbe,4.2,7.65,Frutas,CAJON CHICO,KILOGRAMO
20250806,PIURA,PIURA,PIURA,200101,20250704,Carne fresca de vacuno,19.5,20.8,Carnes y huevos,KILOGRAMO,KILOGRAMO
20250806,PIURA,PIURA,PIURA,200101,20250704,Platano bellaco,1.66,4.15,Frutas,LITRO,LITRO
20250806,PIURA,PIURA,PIURA,200101,20250704,Pallar,6.85,8.2,Menestras,KILOGRAMO,KILOGRAMO
20250806,PIURA,PIURA,PIURA,200101,20250704,Ajo criollo o napuri,8.65,17.25,Hortalizas,MALLA MEDIANA,KILOGRAMO
20250806,PIURA,PIURA,PIURA,200101,20250704,Arveja verde blanca serrana,5.02,7.55,Legumbres,MALLA MEDIANA,KILOGRAMO
20250806,PIURA,PIURA,PIURA,200101,20250704,Choclo (tipo cusco),5.78,8.65,Cereales,CIENTO,UNIDAD
20250806,PIURA,PIURA,PIURA,200101,20250704,Arroz extra,3.59,4.5,Cereales,SACO NORMAL,KILOGRAMO
20250806,PIURA,PIURA,PIURA,200101,20250704,Manzana delicia,2.18,3.55,Frutas,KILOGRAMO,KILOGRAMO
20250806,PIURA,PIURA,PIURA,200101,20250704,Cebolla cabeza roja,1.61,3.4,Hortalizas,SACO,KILOGRAMO
20250806,PIURA,PIURA,PIURA,200101,20250704,Aceite clasico botella 900 ml,8.56,10.75,Agro-industriales,CAJA CHICA,LITRO
20250806,PIURA,PIURA,PIURA,200101,20250704,Palta fuerte,5.27,6.65,Frutas,KILOGRAMO,KILOGRAMO
20250806,PIURA,PIURA,PIURA,200101,20250704,Manzana israel,2.65,4.35,Frutas,KILOGRAMO,KILOGRAMO
20250806,PIURA,PIURA,PIURA,200101,20250704,Uva red globe,4.5,7.35,Frutas,KILOGRAMO,KILOGRAMO
20250806,PIURA,PIURA,PIURA,200101,20250704,Lenteja,5.15,7.8,Menestras,KILOGRAMO,KILOGRAMO
20250806,PIURA,PIURA,PIURA,200101,20250704,Frijol canario,3.96,6.1,Menestras,KILOGRAMO,KILOGRAMO
20250806,PIURA,PIURA,PIURA,200101,20250704,Arroz superior,3.01,4,Cereales,SACO NORMAL,KILOGRAMO
20250806,PIURA,PIURA,PIURA,200101,20250704,Aji escabeche,3.11,4.05,Hortalizas,KILOGRAMO,MALLA
20250806,PIURA,PIURA,PIURA,200101,20250704,Frijol castilla,4.15,5.45,Menestras,KILOGRAMO,KILOGRAMO
20250806,PIURA,PIURA,PIURA,200101,20250704,Sandia,1.75,2.55,Frutas,KILOGRAMO,KILOGRAMO
20250806,PIURA,PIURA,PIURA,200101,20250704,Papaya,2.02,3.1,Frutas,KILOGRAMO,KILOGRAMO
20250806,PIURA,PIURA,PIURA,200101,20250704,Camote morado,1.75,3.05,Tuberculos,SACO GRANDE,KILOGRAMO
20250806,PIURA,PIURA,PIURA,200101,20250704,Fideos nicolini tallarin,4.45,6.7,Agro-industriales,PAQUETE,KILOGRAMO
20250706,PIURA,PIURA,PIURA,200101,20250630,Palta fuerte,5.27,6.65,Frutas,KILOGRAMO,KILOGRAMO
20250706,PIURA,PIURA,PIURA,200101,20250630,Tomate,1.95,4.45,Hortalizas,KILOGRAMO,KILOGRAMO
20250706,PIURA,PIURA,PIURA,200101,20250630,Papa canchan,1.64,2.6,Tuberculos,SACO GRANDE,KILOGRAMO
20250706,PIURA,PIURA,PIURA,200101,20250630,Garbanzo,5.29,9.75,Menestras,KILOGRAMO,KILOGRAMO
20250706,PIURA,PIURA,PIURA,200101,20250630,Azucar blanca nacional (granel),4.06,4.55,Agro-industriales,SACO NORMAL,KILOGRAMO
20250706,PIURA,PIURA,PIURA,200101,20250630,Uva red globe,4.5,7.35,Frutas,KILOGRAMO,KILOGRAMO
20250706,PIURA,PIURA,PIURA,200101,20250630,Carne fresca de vacuno,18.5,20.8,Carnes y huevos,KILOGRAMO,KILOGRAMO
20250706,PIURA,PIURA,PIURA,200101,20250630,Zapallo macre,1.7,3.55,Hortalizas,KILOGRAMO,KILOGRAMO
20250706,PIURA,PIURA,PIURA,200101,20250630,Aji escabeche,3.05,4.05,Hortalizas,KILOGRAMO,MALLA
20250706,PIURA,PIURA,PIURA,200101,20250630,Lenteja,5.15,8,Menestras,KILOGRAMO,KILOGRAMO
20250706,PIURA,PIURA,PIURA,200101,20250630,Naranja valencia,2.21,3.4,Frutas,KILOGRAMO,KILOGRAMO
20250706,PIURA,PIURA,PIURA,200101,20250630,Arveja verde blanca serrana,5,7.45,Legumbres,MALLA MEDIANA,KILOGRAMO
20250706,PIURA,PIURA,PIURA,200101,20250630,Manzana delicia,2.18,3.55,Frutas,KILOGRAMO,KILOGRAMO
20250706,PIURA,PIURA,PIURA,200101,20250630,Leche fresca,3.45,4.85,Agro-industriales,LITRO,LITRO
20250706,PIURA,PIURA,PIURA,200101,20250630,Uva italia,3.54,7.65,Frutas,KILOGRAMO,KILOGRAMO
20250706,PIURA,PIURA,PIURA,200101,20250630,Fideos nicolini tallarin,4.45,6.7,Agro-industriales,PAQUETE,KILOGRAMO
20250706,PIURA,PIURA,PIURA,200101,20250630,Carne de porcino (corte unico),13.45,18.55,Carnes y huevos,UNIDAD,KILOGRAMO
20250706,PIURA,PIURA,PIURA,200101,20250630,Uva alfonso lavalett,3.63,6.65,Frutas,KILOGRAMO,KILOGRAMO
20250706,PIURA,PIURA,PIURA,200101,20250630,Limon sutil bolsa,2.01,3.35,Frutas,KILOGRAMO,KILOGRAMO
20250706,PIURA,PIURA,PIURA,200101,20250630,Olluco largo,3.55,3.95,Tuberculos,KILOGRAMO,KILOGRAMO
20250706,PIURA,PIURA,PIURA,200101,20250630,Camote morado,1.75,3.05,Tuberculos,SACO GRANDE,KILOGRAMO
20250706,PIURA,PIURA,PIURA,200101,20250630,Haba verde serrana,2.36,3.65,Legumbres,KILOGRAMO,KILOGRAMO
20250706,PIURA,PIURA,PIURA,200101,20250630,Frijol canario,3.88,6.1,Menestras,KILOGRAMO,KILOGRAMO
20250706,PIURA,PIURA,PIURA,200101,20250630,Papaya,2.02,3.1,Frutas,KILOGRAMO,KILOGRAMO
20250706,PIURA,PIURA,PIURA,200101,20250630,Vainita americana,3.67,5.55,Legumbres,KILOGRAMO,KILOGRAMO
20250706,PIURA,PIURA,PIURA,200101,20250630,Manzana israel,2.53,4.35,Frutas,KILOGRAMO,KILOGRAMO
20250706,PIURA,PIURA,PIURA,200101,20250630,Platano bellaco,1.66,4.15,Frutas,LITRO,LITRO
20250706,PIURA,PIURA,PIURA,200101,20250630,Azucar rubia nacional (granel),3.44,4.35,Agro-industriales,SACO NORMAL,KILOGRAMO
20250706,PIURA,PIURA,PIURA,200101,20250630,Arroz extra,3.59,4.5,Cereales,SACO NORMAL,KILOGRAMO
20250706,PIURA,PIURA,PIURA,200101,20250630,Leche reconstituida (azul) 395 gr,3.43,4.2,Agro-industriales,CAJA,LATA
20250706,PIURA,PIURA,PIURA,200101,20250630,Aji rocoto,4.7,6.6,Hortalizas,KILOGRAMO,KILOGRAMO
20250706,PIURA,PIURA,PIURA,200101,20250630,Cebolla cabeza roja,1.61,3.4,Hortalizas,SACO,KILOGRAMO
20250706,PIURA,PIURA,PIURA,200101,20250630,Chirimoya cumbe,4.15,7.65,Frutas,CAJON CHICO,KILOGRAMO
20250706,PIURA,PIURA,PIURA,200101,20250630,Pina criolla,2,2.75,Frutas,KILOGRAMO,KILOGRAMO
20250706,PIURA,PIURA,PIURA,200101,20250630,Carne de pollo (eviscerado),8.95,10.1,Carnes y huevos,KILOGRAMO,KILOGRAMO
20250706,PIURA,PIURA,PIURA,200101,20250630,Platano seda congo,1.82,4.2,Frutas,KILOGRAMO,KILOGRAMO
20250706,PIURA,PIURA,PIURA,200101,20250630,Yuca blanca,1.88,3.85,Tuberculos,KILOGRAMO,KILOGRAMO
20250706,PIURA,PIURA,PIURA,200101,20250630,Pallar,6.85,8.2,Menestras,KILOGRAMO,KILOGRAMO
20250706,PIURA,PIURA,PIURA,200101,20250630,Papa amarilla,3.66,4.4,Tuberculos,SACO GRANDE,KILOGRAMO
20250706,PIURA,PIURA,PIURA,200101,20250630,Melocoton durazno huayco,5.5,10.2,Frutas,KILOGRAMO,KILOGRAMO
20250706,PIURA,PIURA,PIURA,200101,20250630,Sandia,1.75,2.55,Frutas,KILOGRAMO,KILOGRAMO
20250706,PIURA,PIURA,PIURA,200101,20250630,Aceite clasico botella 900 ml,8.56,10.75,Agro-industriales,CAJA CHICA,LITRO
20250706,PIURA,PIURA,PIURA,200101,20250630,Huevos rosados,6.54,10,Carnes y huevos,KILOGRAMO,KILOGRAMO
20250706,PIURA,PIURA,PIURA,200101,20250630,Ajo criollo o napuri,8.65,17.25,Hortalizas,MALLA MEDIANA,KILOGRAMO
20250706,PIURA,PIURA,PIURA,200101,20250630,Frijol castilla,4.15,5.55,Menestras,KILOGRAMO,KILOGRAMO
20250706,PIURA,PIURA,PIURA,200101,20250630,Arroz superior,3,4,Cereales,SACO NORMAL,KILOGRAMO
20250706,PIURA,PIURA,PIURA,200101,20250630,Zanahoria,1.85,3.65,Hortalizas,SACO MEDIANO,KILOGRAMO
20250706,PIURA,PIURA,PIURA,200101,20250630,Choclo (tipo cusco),5.7,8.7,Cereales,CIENTO,UNIDAD
20250706,PIURA,PIURA,PIURA,200101,20250630,Melon coquito,3.25,3.4,Frutas,KILOGRAMO,KILOGRAMO
20250706,PIURA,PIURA,PIURA,200101,20250627,Garbanzo,5.24,9.75,Menestras,KILOGRAMO,KILOGRAMO
20250706,PIURA,PIURA,PIURA,200101,20250627,Azucar blanca nacional (granel),4.03,4.45,Agro-industriales,SACO NORMAL,KILOGRAMO
20250706,PIURA,PIURA,PIURA,200101,20250627,Uva red globe,4.46,7.55,Frutas,KILOGRAMO,KILOGRAMO
20250706,PIURA,PIURA,PIURA,200101,20250627,Carne fresca de vacuno,18.5,20.75,Carnes y huevos,KILOGRAMO,KILOGRAMO
20250706,PIURA,PIURA,PIURA,200101,20250627,Zapallo macre,1.7,3.5,Hortalizas,KILOGRAMO,KILOGRAMO
20250706,PIURA,PIURA,PIURA,200101,20250627,Aji escabeche,3.02,4.05,Hortalizas,KILOGRAMO,MALLA
20250706,PIURA,PIURA,PIURA,200101,20250627,Lenteja,5.15,8,Menestras,KILOGRAMO,KILOGRAMO
20250706,PIURA,PIURA,PIURA,200101,20250627,Naranja valencia,2.26,3.15,Frutas,KILOGRAMO,KILOGRAMO
20250706,PIURA,PIURA,PIURA,200101,20250627,Arveja verde blanca serrana,4.98,7.45,Legumbres,MALLA MEDIANA,KILOGRAMO
20250706,PIURA,PIURA,PIURA,200101,20250627,Manzana delicia,2.18,3.55,Frutas,KILOGRAMO,KILOGRAMO
20250706,PIURA,PIURA,PIURA,200101,20250627,Leche fresca,3.45,4.75,Agro-industriales,LITRO,LITRO
20250706,PIURA,PIURA,PIURA,200101,20250627,Uva italia,3.54,7.55,Frutas,KILOGRAMO,KILOGRAMO
20250706,PIURA,PIURA,PIURA,200101,20250627,Fideos nicolini tallarin,4.45,6.7,Agro-industriales,PAQUETE,KILOGRAMO
20250706,PIURA,PIURA,PIURA,200101,20250627,Carne de porcino (corte unico),13.3,18.5,Carnes y huevos,UNIDAD,KILOGRAMO
20250706,PIURA,PIURA,PIURA,200101,20250627,Uva alfonso lavalett,3.5,5.35,Frutas,KILOGRAMO,KILOGRAMO
20250706,PIURA,PIURA,PIURA,200101,20250627,Limon sutil bolsa,1.87,2.85,Frutas,KILOGRAMO,KILOGRAMO
20250706,PIURA,PIURA,PIURA,200101,20250627,Olluco largo,3.55,3.95,Tuberculos,KILOGRAMO,KILOGRAMO
20250706,PIURA,PIURA,PIURA,200101,20250627,Camote morado,1.64,3.15,Tuberculos,SACO GRANDE,KILOGRAMO
20250706,PIURA,PIURA,PIURA,200101,20250627,Haba verde serrana,2.36,3.65,Legumbres,KILOGRAMO,KILOGRAMO
20250706,PIURA,PIURA,PIURA,200101,20250627,Frijol canario,3.88,6.1,Menestras,KILOGRAMO,KILOGRAMO
20250706,PIURA,PIURA,PIURA,200101,20250627,Papaya,2.02,3.1,Frutas,KILOGRAMO,KILOGRAMO
20250706,PIURA,PIURA,PIURA,200101,20250627,Manzana israel,2.53,4.35,Frutas,KILOGRAMO,KILOGRAMO
20250706,PIURA,PIURA,PIURA,200101,20250627,Platano bellaco,1.39,3.9,Frutas,LITRO,LITRO
20250706,PIURA,PIURA,PIURA,200101,20250627,Azucar rubia nacional (granel),3.41,4.2,Agro-industriales,SACO NORMAL,KILOGRAMO
20250706,PIURA,PIURA,PIURA,200101,20250627,Arroz extra,3.55,4.5,Cereales,SACO NORMAL,KILOGRAMO
20250706,PIURA,PIURA,PIURA,200101,20250627,Leche reconstituida (azul) 395 gr,3.39,4.2,Agro-industriales,CAJA,LATA
20250706,PIURA,PIURA,PIURA,200101,20250627,Aji rocoto,4.7,6.65,Hortalizas,KILOGRAMO,KILOGRAMO
20250706,PIURA,PIURA,PIURA,200101,20250627,Vainita americana,3.67,5.75,Legumbres,KILOGRAMO,KILOGRAMO
20250706,PIURA,PIURA,PIURA,200101,20250627,Cebolla cabeza roja,1.57,3.35,Hortalizas,SACO,KILOGRAMO
20250706,PIURA,PIURA,PIURA,200101,20250627,Chirimoya cumbe,4.3,7.6,Frutas,CAJON CHICO,KILOGRAMO
20250706,PIURA,PIURA,PIURA,200101,20250627,Pina criolla,2,2.75,Frutas,KILOGRAMO,KILOGRAMO
20250706,PIURA,PIURA,PIURA,200101,20250627,Carne de pollo (eviscerado),8.95,10.1,Carnes y huevos,KILOGRAMO,KILOGRAMO
20250706,PIURA,PIURA,PIURA,200101,20250627,Platano seda congo,1.82,4.2,Frutas,KILOGRAMO,KILOGRAMO
20250706,PIURA,PIURA,PIURA,200101,20250627,Yuca blanca,1.86,3.75,Tuberculos,KILOGRAMO,KILOGRAMO
20250706,PIURA,PIURA,PIURA,200101,20250627,Pallar,6.7,8.15,Menestras,KILOGRAMO,KILOGRAMO
20250706,PIURA,PIURA,PIURA,200101,20250627,Papa amarilla,2.66,4.35,Tuberculos,SACO GRANDE,KILOGRAMO
20250706,PIURA,PIURA,PIURA,200101,20250627,Melocoton durazno huayco,5.33,10.2,Frutas,KILOGRAMO,KILOGRAMO
20250706,PIURA,PIURA,PIURA,200101,20250627,Sandia,1.75,2.55,Frutas,KILOGRAMO,KILOGRAMO
20250706,PIURA,PIURA,PIURA,200101,20250627,Aceite clasico botella 900 ml,8.56,10.7,Agro-industriales,CAJA CHICA,LITRO
20250706,PIURA,PIURA,PIURA,200101,20250627,Huevos rosados,6.56,10,Carnes y huevos,KILOGRAMO,KILOGRAMO
20250706,PIURA,PIURA,PIURA,200101,20250627,Ajo criollo o napuri,8.52,17.25,Hortalizas,MALLA MEDIANA,KILOGRAMO
20250706,PIURA,PIURA,PIURA,200101,20250627,Frijol castilla,4.08,5.45,Menestras,KILOGRAMO,KILOGRAMO
20250706,PIURA,PIURA,PIURA,200101,20250627,Arroz superior,2.81,3.95,Cereales,SACO NORMAL,KILOGRAMO
20250706,PIURA,PIURA,PIURA,200101,20250627,Zanahoria,1.8,3.65,Hortalizas,SACO MEDIANO,KILOGRAMO
20250706,PIURA,PIURA,PIURA,200101,20250627,Choclo (tipo cusco),5.7,8.7,Cereales,CIENTO,UNIDAD
20250706,PIURA,PIURA,PIURA,200101,20250627,Melon coquito,3.13,3.4,Frutas,KILOGRAMO,KILOGRAMO
20250706,PIURA,PIURA,PIURA,200101,20250627,Palta fuerte,5,5.6,Frutas,KILOGRAMO,KILOGRAMO
20250706,PIURA,PIURA,PIURA,200101,20250627,Tomate,1.93,4.45,Hortalizas,KILOGRAMO,KILOGRAMO
20250706,PIURA,PIURA,PIURA,200101,20250627,Papa canchan,1.4,2.6,Tuberculos,SACO GRANDE,KILOGRAMO
20250706,PIURA,PIURA,PIURA,200101,20250623,Uva italia,3.54,7.4,Frutas,KILOGRAMO,KILOGRAMO
20250706,PIURA,PIURA,PIURA,200101,20250623,Fideos nicolini tallarin,4.45,6.7,Agro-industriales,PAQUETE,KILOGRAMO
20250706,PIURA,PIURA,PIURA,200101,20250623,Carne de porcino (corte unico),13.3,18.5,Carnes y huevos,UNIDAD,KILOGRAMO
20250706,PIURA,PIURA,PIURA,200101,20250623,Uva alfonso lavalett,3.5,5.35,Frutas,KILOGRAMO,KILOGRAMO
20250706,PIURA,PIURA,PIURA,200101,20250623,Camote morado,1.64,3.15,Tuberculos,SACO GRANDE,KILOGRAMO
20250706,PIURA,PIURA,PIURA,200101,20250623,Haba verde serrana,2.36,3.65,Legumbres,KILOGRAMO,KILOGRAMO
20250706,PIURA,PIURA,PIURA,200101,20250623,Frijol canario,3.88,6.2,Menestras,KILOGRAMO,KILOGRAMO
20250706,PIURA,PIURA,PIURA,200101,20250623,Papaya,2.02,3.1,Frutas,KILOGRAMO,KILOGRAMO
20250706,PIURA,PIURA,PIURA,200101,20250623,Limon sutil bolsa,1.89,2.8,Frutas,KILOGRAMO,KILOGRAMO
20250706,PIURA,PIURA,PIURA,200101,20250623,Olluco largo,3.5,3.8,Tuberculos,KILOGRAMO,KILOGRAMO
20250706,PIURA,PIURA,PIURA,200101,20250623,Manzana israel,2.53,4.35,Frutas,KILOGRAMO,KILOGRAMO
20250706,PIURA,PIURA,PIURA,200101,20250623,Platano bellaco,1.39,3.9,Frutas,LITRO,LITRO
20250706,PIURA,PIURA,PIURA,200101,20250623,Azucar rubia nacional (granel),3.41,4.2,Agro-industriales,SACO NORMAL,KILOGRAMO
20250706,PIURA,PIURA,PIURA,200101,20250623,Arroz extra,3.57,4.5,Cereales,SACO NORMAL,KILOGRAMO
20250706,PIURA,PIURA,PIURA,200101,20250623,Leche reconstituida (azul) 395 gr,3.38,4.2,Agro-industriales,CAJA,LATA
20250706,PIURA,PIURA,PIURA,200101,20250623,Aji rocoto,4.7,6.65,Hortalizas,KILOGRAMO,KILOGRAMO
20250706,PIURA,PIURA,PIURA,200101,20250623,Vainita americana,3.66,5.75,Legumbres,KILOGRAMO,KILOGRAMO
20250706,PIURA,PIURA,PIURA,200101,20250623,Chirimoya cumbe,4.3,7.6,Frutas,CAJON CHICO,KILOGRAMO
20250706,PIURA,PIURA,PIURA,200101,20250623,Pina criolla,2,2.75,Frutas,KILOGRAMO,KILOGRAMO
20250706,PIURA,PIURA,PIURA,200101,20250623,Cebolla cabeza roja,1.57,3.35,Hortalizas,SACO,KILOGRAMO
20250706,PIURA,PIURA,PIURA,200101,20250623,Carne de pollo (eviscerado),8.95,10.1,Carnes y huevos,KILOGRAMO,KILOGRAMO
20250706,PIURA,PIURA,PIURA,200101,20250623,Platano seda congo,1.82,4.2,Frutas,KILOGRAMO,KILOGRAMO
20250706,PIURA,PIURA,PIURA,200101,20250623,Yuca blanca,1.86,3.75,Tuberculos,KILOGRAMO,KILOGRAMO
20250706,PIURA,PIURA,PIURA,200101,20250623,Pallar,6.7,8.15,Menestras,KILOGRAMO,KILOGRAMO
20250706,PIURA,PIURA,PIURA,200101,20250623,Papa amarilla,2.68,4.35,Tuberculos,SACO GRANDE,KILOGRAMO
20250706,PIURA,PIURA,PIURA,200101,20250623,Melocoton durazno huayco,5.38,10.2,Frutas,KILOGRAMO,KILOGRAMO
20250706,PIURA,PIURA,PIURA,200101,20250623,Sandia,1.75,2.55,Frutas,KILOGRAMO,KILOGRAMO
20250706,PIURA,PIURA,PIURA,200101,20250623,Aceite clasico botella 900 ml,8.56,10.7,Agro-industriales,CAJA CHICA,LITRO
20250706,PIURA,PIURA,PIURA,200101,20250623,Huevos rosados,6.56,10.05,Carnes y huevos,KILOGRAMO,KILOGRAMO
20250706,PIURA,PIURA,PIURA,200101,20250623,Ajo criollo o napuri,8.49,17.4,Hortalizas,MALLA MEDIANA,KILOGRAMO
20250706,PIURA,PIURA,PIURA,200101,20250623,Frijol castilla,4.08,5.45,Menestras,KILOGRAMO,KILOGRAMO
20250706,PIURA,PIURA,PIURA,200101,20250623,Arroz superior,2.81,3.95,Cereales,SACO NORMAL,KILOGRAMO
20250706,PIURA,PIURA,PIURA,200101,20250623,Zanahoria,1.8,3.65,Hortalizas,SACO MEDIANO,KILOGRAMO
20250706,PIURA,PIURA,PIURA,200101,20250623,Choclo (tipo cusco),5.86,8.7,Cereales,CIENTO,UNIDAD
20250706,PIURA,PIURA,PIURA,200101,20250623,Melon coquito,3.13,3.4,Frutas,KILOGRAMO,KILOGRAMO
20250706,PIURA,PIURA,PIURA,200101,20250623,Palta fuerte,4.9,5.6,Frutas,KILOGRAMO,KILOGRAMO
20250706,PIURA,PIURA,PIURA,200101,20250623,Tomate,1.93,4.45,Hortalizas,KILOGRAMO,KILOGRAMO
20250706,PIURA,PIURA,PIURA,200101,20250623,Papa canchan,1.4,2.6,Tuberculos,SACO GRANDE,KILOGRAMO
20250706,PIURA,PIURA,PIURA,200101,20250623,Lenteja,5.15,8.15,Menestras,KILOGRAMO,KILOGRAMO
20250706,PIURA,PIURA,PIURA,200101,20250623,Naranja valencia,2.26,3.15,Frutas,KILOGRAMO,KILOGRAMO
20250706,PIURA,PIURA,PIURA,200101,20250623,Garbanzo,5.22,9.75,Menestras,KILOGRAMO,KILOGRAMO
20250706,PIURA,PIURA,PIURA,200101,20250623,Azucar blanca nacional (granel),4.04,4.6,Agro-industriales,SACO NORMAL,KILOGRAMO
20250706,PIURA,PIURA,PIURA,200101,20250623,Uva red globe,4.54,7.55,Frutas,KILOGRAMO,KILOGRAMO
20250706,PIURA,PIURA,PIURA,200101,20250623,Carne fresca de vacuno,17.5,20.5,Carnes y huevos,KILOGRAMO,KILOGRAMO
20250706,PIURA,PIURA,PIURA,200101,20250623,Zapallo macre,1.7,3.5,Hortalizas,KILOGRAMO,KILOGRAMO
20250706,PIURA,PIURA,PIURA,200101,20250623,Aji escabeche,3.01,4.05,Hortalizas,KILOGRAMO,MALLA
20250706,PIURA,PIURA,PIURA,200101,20250623,Arveja verde blanca serrana,4.98,7.45,Legumbres,MALLA MEDIANA,KILOGRAMO
20250706,PIURA,PIURA,PIURA,200101,20250623,Manzana delicia,2.13,3.55,Frutas,KILOGRAMO,KILOGRAMO
20250706,PIURA,PIURA,PIURA,200101,20250623,Leche fresca,3.45,4.65,Agro-industriales,LITRO,LITRO
20250706,PIURA,PIURA,PIURA,200101,20250620,Camote morado,1.7,3.15,Tuberculos,SACO GRANDE,KILOGRAMO
20250706,PIURA,PIURA,PIURA,200101,20250620,Haba verde serrana,2.36,3.75,Legumbres,KILOGRAMO,KILOGRAMO
20250706,PIURA,PIURA,PIURA,200101,20250620,Frijol canario,3.9,6.45,Menestras,KILOGRAMO,KILOGRAMO
20250706,PIURA,PIURA,PIURA,200101,20250620,Papaya,2.02,3.1,Frutas,KILOGRAMO,KILOGRAMO
20250706,PIURA,PIURA,PIURA,200101,20250620,Limon sutil bolsa,1.84,2.8,Frutas,KILOGRAMO,KILOGRAMO
20250706,PIURA,PIURA,PIURA,200101,20250620,Olluco largo,3.4,3.85,Tuberculos,KILOGRAMO,KILOGRAMO
20250706,PIURA,PIURA,PIURA,200101,20250620,Manzana israel,2.53,4.35,Frutas,KILOGRAMO,KILOGRAMO
20250706,PIURA,PIURA,PIURA,200101,20250620,Platano bellaco,1.43,4,Frutas,LITRO,LITRO
20250706,PIURA,PIURA,PIURA,200101,20250620,Azucar rubia nacional (granel),3.41,4.05,Agro-industriales,SACO NORMAL,KILOGRAMO
20250706,PIURA,PIURA,PIURA,200101,20250620,Arroz extra,3.57,4.5,Cereales,SACO NORMAL,KILOGRAMO
20250706,PIURA,PIURA,PIURA,200101,20250620,Leche reconstituida (azul) 395 gr,3.38,4.2,Agro-industriales,CAJA,LATA
20250706,PIURA,PIURA,PIURA,200101,20250620,Aji rocoto,4.7,6.65,Hortalizas,KILOGRAMO,KILOGRAMO
20250706,PIURA,PIURA,PIURA,200101,20250620,Vainita americana,3.66,5.75,Legumbres,KILOGRAMO,KILOGRAMO
20250706,PIURA,PIURA,PIURA,200101,20250620,Chirimoya cumbe,4,7.6,Frutas,CAJON CHICO,KILOGRAMO
20250706,PIURA,PIURA,PIURA,200101,20250620,Pina criolla,2,2.75,Frutas,KILOGRAMO,KILOGRAMO
20250706,PIURA,PIURA,PIURA,200101,20250620,Cebolla cabeza roja,1.57,3.35,Hortalizas,SACO,KILOGRAMO
20250706,PIURA,PIURA,PIURA,200101,20250620,Carne de pollo (eviscerado),8.95,10.1,Carnes y huevos,KILOGRAMO,KILOGRAMO
20250706,PIURA,PIURA,PIURA,200101,20250620,Platano seda congo,1.89,4.2,Frutas,KILOGRAMO,KILOGRAMO
20250706,PIURA,PIURA,PIURA,200101,20250620,Yuca blanca,1.86,3.75,Tuberculos,KILOGRAMO,KILOGRAMO
20250706,PIURA,PIURA,PIURA,200101,20250620,Pallar,6.7,8.15,Menestras,KILOGRAMO,KILOGRAMO
20250706,PIURA,PIURA,PIURA,200101,20250620,Papa amarilla,2.77,4.35,Tuberculos,SACO GRANDE,KILOGRAMO
20250706,PIURA,PIURA,PIURA,200101,20250620,Melocoton durazno huayco,5.38,10.2,Frutas,KILOGRAMO,KILOGRAMO
20250706,PIURA,PIURA,PIURA,200101,20250620,Sandia,1.75,2.55,Frutas,KILOGRAMO,KILOGRAMO
20250706,PIURA,PIURA,PIURA,200101,20250620,Aceite clasico botella 900 ml,8.66,10.7,Agro-industriales,CAJA CHICA,LITRO
20250706,PIURA,PIURA,PIURA,200101,20250620,Huevos rosados,6.56,10.05,Carnes y huevos,KILOGRAMO,KILOGRAMO
20250706,PIURA,PIURA,PIURA,200101,20250620,Ajo criollo o napuri,8.49,17.4,Hortalizas,MALLA MEDIANA,KILOGRAMO
20250706,PIURA,PIURA,PIURA,200101,20250620,Frijol castilla,4.08,5.45,Menestras,KILOGRAMO,KILOGRAMO
20250706,PIURA,PIURA,PIURA,200101,20250620,Arroz superior,2.83,3.95,Cereales,SACO NORMAL,KILOGRAMO
20250706,PIURA,PIURA,PIURA,200101,20250620,Zanahoria,1.8,3.4,Hortalizas,SACO MEDIANO,KILOGRAMO
20250706,PIURA,PIURA,PIURA,200101,20250620,Choclo (tipo cusco),5.98,8.85,Cereales,CIENTO,UNIDAD
20250706,PIURA,PIURA,PIURA,200101,20250620,Melon coquito,3.13,3.4,Frutas,KILOGRAMO,KILOGRAMO
20250706,PIURA,PIURA,PIURA,200101,20250620,Palta fuerte,4.9,5.6,Frutas,KILOGRAMO,KILOGRAMO
20250706,PIURA,PIURA,PIURA,200101,20250620,Tomate,1.98,4.4,Hortalizas,KILOGRAMO,KILOGRAMO
20250706,PIURA,PIURA,PIURA,200101,20250620,Papa canchan,1.39,2.6,Tuberculos,SACO GRANDE,KILOGRAMO
20250706,PIURA,PIURA,PIURA,200101,20250620,Lenteja,5.15,8.15,Menestras,KILOGRAMO,KILOGRAMO
20250706,PIURA,PIURA,PIURA,200101,20250620,Naranja valencia,2.15,3.25,Frutas,KILOGRAMO,KILOGRAMO
20250706,PIURA,PIURA,PIURA,200101,20250620,Garbanzo,5.38,9.6,Menestras,KILOGRAMO,KILOGRAMO
20250706,PIURA,PIURA,PIURA,200101,20250620,Azucar blanca nacional (granel),4,4.6,Agro-industriales,SACO NORMAL,KILOGRAMO
20250706,PIURA,PIURA,PIURA,200101,20250620,Uva red globe,4.54,7.55,Frutas,KILOGRAMO,KILOGRAMO
20250706,PIURA,PIURA,PIURA,200101,20250620,Carne fresca de vacuno,17.5,21,Carnes y huevos,KILOGRAMO,KILOGRAMO
20250706,PIURA,PIURA,PIURA,200101,20250620,Zapallo macre,1.7,3.5,Hortalizas,KILOGRAMO,KILOGRAMO
20250706,PIURA,PIURA,PIURA,200101,20250620,Aji escabeche,3.04,3.95,Hortalizas,KILOGRAMO,MALLA
20250706,PIURA,PIURA,PIURA,200101,20250620,Arveja verde blanca serrana,5.02,7.45,Legumbres,MALLA MEDIANA,KILOGRAMO
20250706,PIURA,PIURA,PIURA,200101,20250620,Manzana delicia,2.13,3.55,Frutas,KILOGRAMO,KILOGRAMO
20250706,PIURA,PIURA,PIURA,200101,20250620,Leche fresca,3.55,4.65,Agro-industriales,LITRO,LITRO
20250706,PIURA,PIURA,PIURA,200101,20250620,Fideos nicolini tallarin,4.45,6.7,Agro-industriales,PAQUETE,KILOGRAMO
20250706,PIURA,PIURA,PIURA,200101,20250620,Carne de porcino (corte unico),13.35,18.5,Carnes y huevos,UNIDAD,KILOGRAMO
20250706,PIURA,PIURA,PIURA,200101,20250620,Uva alfonso lavalett,3.63,5.35,Frutas,KILOGRAMO,KILOGRAMO
20250706,PIURA,PIURA,PIURA,200101,20250620,Uva italia,3.5,7.4,Frutas,KILOGRAMO,KILOGRAMO
20250706,PIURA,PIURA,PIURA,200101,20250618,Manzana israel,2.6,4.35,Frutas,KILOGRAMO,KILOGRAMO
20250706,PIURA,PIURA,PIURA,200101,20250618,Platano bellaco,1.43,4,Frutas,LITRO,LITRO
20250706,PIURA,PIURA,PIURA,200101,20250618,Azucar rubia nacional (granel),3.41,4.05,Agro-industriales,SACO NORMAL,KILOGRAMO
20250706,PIURA,PIURA,PIURA,200101,20250618,Arroz extra,3.57,4.45,Cereales,SACO NORMAL,KILOGRAMO
20250706,PIURA,PIURA,PIURA,200101,20250618,Leche reconstituida (azul) 395 gr,3.43,4.05,Agro-industriales,CAJA,LATA
20250706,PIURA,PIURA,PIURA,200101,20250618,Aji rocoto,4.7,6.65,Hortalizas,KILOGRAMO,KILOGRAMO
20250706,PIURA,PIURA,PIURA,200101,20250618,Vainita americana,3.68,5.75,Legumbres,KILOGRAMO,KILOGRAMO
20250706,PIURA,PIURA,PIURA,200101,20250618,Chirimoya cumbe,4,7.6,Frutas,CAJON CHICO,KILOGRAMO
20250706,PIURA,PIURA,PIURA,200101,20250618,Pina criolla,2,2.75,Frutas,KILOGRAMO,KILOGRAMO
20250706,PIURA,PIURA,PIURA,200101,20250618,Cebolla cabeza roja,1.53,3.35,Hortalizas,SACO,KILOGRAMO
20250706,PIURA,PIURA,PIURA,200101,20250618,Carne de pollo (eviscerado),9.2,10.1,Carnes y huevos,KILOGRAMO,KILOGRAMO
20250706,PIURA,PIURA,PIURA,200101,20250618,Platano seda congo,1.86,4.2,Frutas,KILOGRAMO,KILOGRAMO
20250706,PIURA,PIURA,PIURA,200101,20250618,Yuca blanca,1.88,3.75,Tuberculos,KILOGRAMO,KILOGRAMO
20250706,PIURA,PIURA,PIURA,200101,20250618,Pallar,6.55,8.25,Menestras,KILOGRAMO,KILOGRAMO
20250706,PIURA,PIURA,PIURA,200101,20250618,Papa amarilla,2.74,4.35,Tuberculos,SACO GRANDE,KILOGRAMO
20250706,PIURA,PIURA,PIURA,200101,20250618,Melocoton durazno huayco,5.38,10.35,Frutas,KILOGRAMO,KILOGRAMO
20250706,PIURA,PIURA,PIURA,200101,20250618,Sandia,1.75,2.55,Frutas,KILOGRAMO,KILOGRAMO
20250706,PIURA,PIURA,PIURA,200101,20250618,Aceite clasico botella 900 ml,8.66,10.65,Agro-industriales,CAJA CHICA,LITRO
20250706,PIURA,PIURA,PIURA,200101,20250618,Huevos rosados,6.62,10,Carnes y huevos,KILOGRAMO,KILOGRAMO
20250706,PIURA,PIURA,PIURA,200101,20250618,Ajo criollo o napuri,8.55,17.35,Hortalizas,MALLA MEDIANA,KILOGRAMO
20250706,PIURA,PIURA,PIURA,200101,20250618,Frijol castilla,4.04,5.45,Menestras,KILOGRAMO,KILOGRAMO
20250706,PIURA,PIURA,PIURA,200101,20250618,Arroz superior,2.88,3.95,Cereales,SACO NORMAL,KILOGRAMO
20250706,PIURA,PIURA,PIURA,200101,20250618,Zanahoria,1.8,3.4,Hortalizas,SACO MEDIANO,KILOGRAMO
20250706,PIURA,PIURA,PIURA,200101,20250618,Choclo (tipo cusco),6,8.85,Cereales,CIENTO,UNIDAD
20250706,PIURA,PIURA,PIURA,200101,20250618,Melon coquito,3.04,3.25,Frutas,KILOGRAMO,KILOGRAMO
20250706,PIURA,PIURA,PIURA,200101,20250618,Palta fuerte,4.85,5.7,Frutas,KILOGRAMO,KILOGRAMO
20250706,PIURA,PIURA,PIURA,200101,20250618,Tomate,1.98,4.4,Hortalizas,KILOGRAMO,KILOGRAMO
20250706,PIURA,PIURA,PIURA,200101,20250618,Papa canchan,1.39,2.6,Tuberculos,SACO GRANDE,KILOGRAMO
20250706,PIURA,PIURA,PIURA,200101,20250618,Lenteja,5.15,8.15,Menestras,KILOGRAMO,KILOGRAMO
20250706,PIURA,PIURA,PIURA,200101,20250618,Naranja valencia,2.15,3.25,Frutas,KILOGRAMO,KILOGRAMO
20250706,PIURA,PIURA,PIURA,200101,20250618,Garbanzo,5.38,9.6,Menestras,KILOGRAMO,KILOGRAMO
20250706,PIURA,PIURA,PIURA,200101,20250618,Azucar blanca nacional (granel),3.99,4.6,Agro-industriales,SACO NORMAL,KILOGRAMO
20250706,PIURA,PIURA,PIURA,200101,20250618,Uva red globe,4.46,7.55,Frutas,KILOGRAMO,KILOGRAMO
20250706,PIURA,PIURA,PIURA,200101,20250618,Carne fresca de vacuno,17,22,Carnes y huevos,KILOGRAMO,KILOGRAMO
20250706,PIURA,PIURA,PIURA,200101,20250618,Zapallo macre,1.75,3.5,Hortalizas,KILOGRAMO,KILOGRAMO
20250706,PIURA,PIURA,PIURA,200101,20250618,Aji escabeche,3.03,3.95,Hortalizas,KILOGRAMO,MALLA
20250706,PIURA,PIURA,PIURA,200101,20250618,Arveja verde blanca serrana,5.05,7.45,Legumbres,MALLA MEDIANA,KILOGRAMO
20250706,PIURA,PIURA,PIURA,200101,20250618,Manzana delicia,2.13,3.4,Frutas,KILOGRAMO,KILOGRAMO
20250706,PIURA,PIURA,PIURA,200101,20250618,Leche fresca,3.55,4.65,Agro-industriales,LITRO,LITRO
20250706,PIURA,PIURA,PIURA,200101,20250618,Fideos nicolini tallarin,4.35,6.7,Agro-industriales,PAQUETE,KILOGRAMO
20250706,PIURA,PIURA,PIURA,200101,20250618,Carne de porcino (corte unico),13.35,18.5,Carnes y huevos,UNIDAD,KILOGRAMO
20250706,PIURA,PIURA,PIURA,200101,20250618,Uva alfonso lavalett,3.5,5.35,Frutas,KILOGRAMO,KILOGRAMO
20250706,PIURA,PIURA,PIURA,200101,20250618,Uva italia,3.5,7.4,Frutas,KILOGRAMO,KILOGRAMO
20250706,PIURA,PIURA,PIURA,200101,20250618,Camote morado,1.71,3.15,Tuberculos,SACO GRANDE,KILOGRAMO
20250706,PIURA,PIURA,PIURA,200101,20250618,Haba verde serrana,2.37,3.8,Legumbres,KILOGRAMO,KILOGRAMO
20250706,PIURA,PIURA,PIURA,200101,20250618,Frijol canario,3.88,6.35,Menestras,KILOGRAMO,KILOGRAMO
20250706,PIURA,PIURA,PIURA,200101,20250618,Papaya,2.02,3.05,Frutas,KILOGRAMO,KILOGRAMO
20250706,PIURA,PIURA,PIURA,200101,20250618,Limon sutil bolsa,1.83,2.8,Frutas,KILOGRAMO,KILOGRAMO
20250706,PIURA,PIURA,PIURA,200101,20250618,Olluco largo,3.5,4.1,Tuberculos,KILOGRAMO,KILOGRAMO
20250706,PIURA,PIURA,PIURA,200101,20250616,Chirimoya cumbe,4,7.6,Frutas,CAJON CHICO,KILOGRAMO
20250706,PIURA,PIURA,PIURA,200101,20250616,Pina criolla,2,2.75,Frutas,KILOGRAMO,KILOGRAMO
20250706,PIURA,PIURA,PIURA,200101,20250616,Cebolla cabeza roja,1.53,3.35,Hortalizas,SACO,KILOGRAMO
20250706,PIURA,PIURA,PIURA,200101,20250616,Carne de pollo (eviscerado),9.2,10.1,Carnes y huevos,KILOGRAMO,KILOGRAMO
20250706,PIURA,PIURA,PIURA,200101,20250616,Platano seda congo,1.82,4.2,Frutas,KILOGRAMO,KILOGRAMO
20250706,PIURA,PIURA,PIURA,200101,20250616,Yuca blanca,1.87,3.75,Tuberculos,KILOGRAMO,KILOGRAMO
20250706,PIURA,PIURA,PIURA,200101,20250616,Pallar,6.55,8.25,Menestras,KILOGRAMO,KILOGRAMO
20250706,PIURA,PIURA,PIURA,200101,20250616,Papa amarilla,2.73,4.35,Tuberculos,SACO GRANDE,KILOGRAMO
20250706,PIURA,PIURA,PIURA,200101,20250616,Melocoton durazno huayco,5.3,10.35,Frutas,KILOGRAMO,KILOGRAMO
20250706,PIURA,PIURA,PIURA,200101,20250616,Sandia,1.75,2.55,Frutas,KILOGRAMO,KILOGRAMO
20250706,PIURA,PIURA,PIURA,200101,20250616,Aceite clasico botella 900 ml,8.66,10.65,Agro-industriales,CAJA CHICA,LITRO
20250706,PIURA,PIURA,PIURA,200101,20250616,Huevos rosados,6.58,10,Carnes y huevos,KILOGRAMO,KILOGRAMO
20250706,PIURA,PIURA,PIURA,200101,20250616,Ajo criollo o napuri,8.52,17.25,Hortalizas,MALLA MEDIANA,KILOGRAMO
20250706,PIURA,PIURA,PIURA,200101,20250616,Frijol castilla,4.05,5.35,Menestras,KILOGRAMO,KILOGRAMO
20250706,PIURA,PIURA,PIURA,200101,20250616,Arroz superior,2.86,3.95,Cereales,SACO NORMAL,KILOGRAMO
20250706,PIURA,PIURA,PIURA,200101,20250616,Zanahoria,1.8,3.15,Hortalizas,SACO MEDIANO,KILOGRAMO
20250706,PIURA,PIURA,PIURA,200101,20250616,Choclo (tipo cusco),5.98,8.65,Cereales,CIENTO,UNIDAD
20250706,PIURA,PIURA,PIURA,200101,20250616,Melon coquito,3.04,3.25,Frutas,KILOGRAMO,KILOGRAMO
20250706,PIURA,PIURA,PIURA,200101,20250616,Palta fuerte,4.85,5.7,Frutas,KILOGRAMO,KILOGRAMO
20250706,PIURA,PIURA,PIURA,200101,20250616,Tomate,1.98,4.4,Hortalizas,KILOGRAMO,KILOGRAMO
20250706,PIURA,PIURA,PIURA,200101,20250616,Papa canchan,1.35,2.6,Tuberculos,SACO GRANDE,KILOGRAMO
20250706,PIURA,PIURA,PIURA,200101,20250616,Lenteja,5.1,7.9,Menestras,KILOGRAMO,KILOGRAMO
20250706,PIURA,PIURA,PIURA,200101,20250616,Naranja valencia,2.15,3.25,Frutas,KILOGRAMO,KILOGRAMO
20250706,PIURA,PIURA,PIURA,200101,20250616,Garbanzo,5.36,9.4,Menestras,KILOGRAMO,KILOGRAMO
20250706,PIURA,PIURA,PIURA,200101,20250616,Azucar blanca nacional (granel),3.98,4.6,Agro-industriales,SACO NORMAL,KILOGRAMO
20250706,PIURA,PIURA,PIURA,200101,20250616,Uva red globe,4.67,7.55,Frutas,KILOGRAMO,KILOGRAMO
20250706,PIURA,PIURA,PIURA,200101,20250616,Carne fresca de vacuno,17,22.5,Carnes y huevos,KILOGRAMO,KILOGRAMO
20250706,PIURA,PIURA,PIURA,200101,20250616,Zapallo macre,1.75,3.25,Hortalizas,KILOGRAMO,KILOGRAMO
20250706,PIURA,PIURA,PIURA,200101,20250616,Aji escabeche,3.08,3.95,Hortalizas,KILOGRAMO,MALLA
20250706,PIURA,PIURA,PIURA,200101,20250616,Arveja verde blanca serrana,5.15,7.45,Legumbres,MALLA MEDIANA,KILOGRAMO
20250706,PIURA,PIURA,PIURA,200101,20250616,Manzana delicia,2.08,3.4,Frutas,KILOGRAMO,KILOGRAMO
20250706,PIURA,PIURA,PIURA,200101,20250616,Leche fresca,3.5,4.65,Agro-industriales,LITRO,LITRO
20250706,PIURA,PIURA,PIURA,200101,20250616,Fideos nicolini tallarin,4.3,6.7,Agro-industriales,PAQUETE,KILOGRAMO
20250706,PIURA,PIURA,PIURA,200101,20250616,Carne de porcino (corte unico),13.5,18.5,Carnes y huevos,UNIDAD,KILOGRAMO
20250706,PIURA,PIURA,PIURA,200101,20250616,Uva alfonso lavalett,3.42,5.35,Frutas,KILOGRAMO,KILOGRAMO
20250706,PIURA,PIURA,PIURA,200101,20250616,Uva italia,3.5,7.4,Frutas,KILOGRAMO,KILOGRAMO
20250706,PIURA,PIURA,PIURA,200101,20250616,Camote morado,1.66,3.1,Tuberculos,SACO GRANDE,KILOGRAMO
20250706,PIURA,PIURA,PIURA,200101,20250616,Haba verde serrana,2.37,3.85,Legumbres,KILOGRAMO,KILOGRAMO
20250706,PIURA,PIURA,PIURA,200101,20250616,Azucar rubia nacional (granel),3.41,4.05,Agro-industriales,SACO NORMAL,KILOGRAMO
20250706,PIURA,PIURA,PIURA,200101,20250616,Frijol canario,3.86,6.35,Menestras,KILOGRAMO,KILOGRAMO
20250706,PIURA,PIURA,PIURA,200101,20250616,Papaya,2,3.05,Frutas,KILOGRAMO,KILOGRAMO
20250706,PIURA,PIURA,PIURA,200101,20250616,Limon sutil bolsa,1.83,2.8,Frutas,KILOGRAMO,KILOGRAMO
20250706,PIURA,PIURA,PIURA,200101,20250616,Olluco largo,3.4,4.1,Tuberculos,KILOGRAMO,KILOGRAMO
20250706,PIURA,PIURA,PIURA,200101,20250616,Manzana israel,2.58,4.35,Frutas,KILOGRAMO,KILOGRAMO
20250706,PIURA,PIURA,PIURA,200101,20250616,Platano bellaco,1.43,3.65,Frutas,LITRO,LITRO
20250706,PIURA,PIURA,PIURA,200101,20250616,Arroz extra,3.57,4.45,Cereales,SACO NORMAL,KILOGRAMO
20250706,PIURA,PIURA,PIURA,200101,20250616,Leche reconstituida (azul) 395 gr,3.43,4.45,Agro-industriales,CAJA,LATA
20250706,PIURA,PIURA,PIURA,200101,20250616,Aji rocoto,4.7,6.55,Hortalizas,KILOGRAMO,KILOGRAMO
20250706,PIURA,PIURA,PIURA,200101,20250616,Vainita americana,3.66,5.65,Legumbres,KILOGRAMO,KILOGRAMO
20250706,PIURA,PIURA,PIURA,200101,20250611,Carne de pollo (eviscerado),9.05,10.1,Carnes y huevos,KILOGRAMO,KILOGRAMO
20250706,PIURA,PIURA,PIURA,200101,20250611,Platano seda congo,1.89,4.2,Frutas,KILOGRAMO,KILOGRAMO
20250706,PIURA,PIURA,PIURA,200101,20250611,Yuca blanca,1.87,3.85,Tuberculos,KILOGRAMO,KILOGRAMO
20250706,PIURA,PIURA,PIURA,200101,20250611,Pallar,6.45,8.25,Menestras,KILOGRAMO,KILOGRAMO
20250706,PIURA,PIURA,PIURA,200101,20250611,Papa amarilla,2.67,4.45,Tuberculos,SACO GRANDE,KILOGRAMO
20250706,PIURA,PIURA,PIURA,200101,20250611,Melocoton durazno huayco,5.18,10.35,Frutas,KILOGRAMO,KILOGRAMO
20250706,PIURA,PIURA,PIURA,200101,20250611,Sandia,1.75,2.55,Frutas,KILOGRAMO,KILOGRAMO
20250706,PIURA,PIURA,PIURA,200101,20250611,Aceite clasico botella 900 ml,8.84,10.65,Agro-industriales,CAJA CHICA,LITRO
20250706,PIURA,PIURA,PIURA,200101,20250611,Huevos rosados,6.58,10.35,Carnes y huevos,KILOGRAMO,KILOGRAMO
20250706,PIURA,PIURA,PIURA,200101,20250611,Ajo criollo o napuri,8.44,17.25,Hortalizas,MALLA MEDIANA,KILOGRAMO
20250706,PIURA,PIURA,PIURA,200101,20250611,Frijol castilla,4.05,5.2,Menestras,KILOGRAMO,KILOGRAMO
20250706,PIURA,PIURA,PIURA,200101,20250611,Arroz superior,2.83,3.95,Cereales,SACO NORMAL,KILOGRAMO
20250706,PIURA,PIURA,PIURA,200101,20250611,Zanahoria,1.8,3.4,Hortalizas,SACO MEDIANO,KILOGRAMO
20250706,PIURA,PIURA,PIURA,200101,20250611,Choclo (tipo cusco),5.84,8.75,Cereales,CIENTO,UNIDAD
20250706,PIURA,PIURA,PIURA,200101,20250611,Melon coquito,3.04,3.25,Frutas,KILOGRAMO,KILOGRAMO
20250706,PIURA,PIURA,PIURA,200101,20250611,Palta fuerte,4.85,5.7,Frutas,KILOGRAMO,KILOGRAMO
20250706,PIURA,PIURA,PIURA,200101,20250611,Tomate,1.98,4.4,Hortalizas,KILOGRAMO,KILOGRAMO
20250706,PIURA,PIURA,PIURA,200101,20250611,Papa canchan,1.28,2.75,Tuberculos,SACO GRANDE,KILOGRAMO
20250706,PIURA,PIURA,PIURA,200101,20250611,Lenteja,5.1,7.9,Menestras,KILOGRAMO,KILOGRAMO
20250706,PIURA,PIURA,PIURA,200101,20250611,Naranja valencia,2.15,3.3,Frutas,KILOGRAMO,KILOGRAMO
20250706,PIURA,PIURA,PIURA,200101,20250611,Garbanzo,5.36,9.25,Menestras,KILOGRAMO,KILOGRAMO
20250706,PIURA,PIURA,PIURA,200101,20250611,Azucar blanca nacional (granel),3.99,4.6,Agro-industriales,SACO NORMAL,KILOGRAMO
20250706,PIURA,PIURA,PIURA,200101,20250611,Uva red globe,4.67,7.55,Frutas,KILOGRAMO,KILOGRAMO
20250706,PIURA,PIURA,PIURA,200101,20250611,Carne fresca de vacuno,17,22.5,Carnes y huevos,KILOGRAMO,KILOGRAMO
20250706,PIURA,PIURA,PIURA,200101,20250611,Zapallo macre,1.75,3.25,Hortalizas,KILOGRAMO,KILOGRAMO
20250706,PIURA,PIURA,PIURA,200101,20250611,Aji escabeche,3.13,3.8,Hortalizas,KILOGRAMO,MALLA
20250706,PIURA,PIURA,PIURA,200101,20250611,Arveja verde blanca serrana,5.13,7.45,Legumbres,MALLA MEDIANA,KILOGRAMO
20250706,PIURA,PIURA,PIURA,200101,20250611,Manzana delicia,2.08,3.4,Frutas,KILOGRAMO,KILOGRAMO
20250706,PIURA,PIURA,PIURA,200101,20250611,Leche fresca,3.5,4.65,Agro-industriales,LITRO,LITRO
20250706,PIURA,PIURA,PIURA,200101,20250611,Fideos nicolini tallarin,4.3,6.55,Agro-industriales,PAQUETE,KILOGRAMO
20250706,PIURA,PIURA,PIURA,200101,20250611,Carne de porcino (corte unico),13.1,18.5,Carnes y huevos,UNIDAD,KILOGRAMO
20250706,PIURA,PIURA,PIURA,200101,20250611,Uva alfonso lavalett,3.5,5.35,Frutas,KILOGRAMO,KILOGRAMO
20250706,PIURA,PIURA,PIURA,200101,20250611,Uva italia,3.5,7.4,Frutas,KILOGRAMO,KILOGRAMO
20250706,PIURA,PIURA,PIURA,200101,20250611,Haba verde serrana,2.36,3.85,Legumbres,KILOGRAMO,KILOGRAMO
20250706,PIURA,PIURA,PIURA,200101,20250611,Azucar rubia nacional (granel),3.41,4.05,Agro-industriales,SACO NORMAL,KILOGRAMO
20250706,PIURA,PIURA,PIURA,200101,20250611,Frijol canario,3.86,6.55,Menestras,KILOGRAMO,KILOGRAMO
20250706,PIURA,PIURA,PIURA,200101,20250611,Papaya,1.91,3.05,Frutas,KILOGRAMO,KILOGRAMO
20250706,PIURA,PIURA,PIURA,200101,20250611,Limon sutil bolsa,1.83,2.95,Frutas,KILOGRAMO,KILOGRAMO
20250706,PIURA,PIURA,PIURA,200101,20250611,Olluco largo,3.35,3.95,Tuberculos,KILOGRAMO,KILOGRAMO
20250706,PIURA,PIURA,PIURA,200101,20250611,Camote morado,1.59,3.1,Tuberculos,SACO GRANDE,KILOGRAMO
20250706,PIURA,PIURA,PIURA,200101,20250611,Manzana israel,2.53,4.35,Frutas,KILOGRAMO,KILOGRAMO
20250706,PIURA,PIURA,PIURA,200101,20250611,Platano bellaco,1.43,3.1,Frutas,LITRO,LITRO
20250706,PIURA,PIURA,PIURA,200101,20250611,Arroz extra,3.55,4.55,Cereales,SACO NORMAL,KILOGRAMO
20250706,PIURA,PIURA,PIURA,200101,20250611,Leche reconstituida (azul) 395 gr,3.39,4.45,Agro-industriales,CAJA,LATA
20250706,PIURA,PIURA,PIURA,200101,20250611,Aji rocoto,4.7,6.5,Hortalizas,KILOGRAMO,KILOGRAMO
20250706,PIURA,PIURA,PIURA,200101,20250611,Vainita americana,3.64,5.65,Legumbres,KILOGRAMO,KILOGRAMO
20250706,PIURA,PIURA,PIURA,200101,20250611,Chirimoya cumbe,3.75,7.6,Frutas,CAJON CHICO,KILOGRAMO
20250706,PIURA,PIURA,PIURA,200101,20250611,Pina criolla,2,2.75,Frutas,KILOGRAMO,KILOGRAMO
20250706,PIURA,PIURA,PIURA,200101,20250611,Cebolla cabeza roja,1.49,3.25,Hortalizas,SACO,KILOGRAMO
20250706,PIURA,PIURA,PIURA,200101,20250609,Zanahoria,1.88,3.4,Hortalizas,SACO MEDIANO,KILOGRAMO
20250706,PIURA,PIURA,PIURA,200101,20250609,Choclo (tipo cusco),6.06,8.75,Cereales,CIENTO,UNIDAD
20250706,PIURA,PIURA,PIURA,200101,20250609,Melon coquito,3,3.25,Frutas,KILOGRAMO,KILOGRAMO
20250706,PIURA,PIURA,PIURA,200101,20250609,Palta fuerte,4.8,5.65,Frutas,KILOGRAMO,KILOGRAMO
20250706,PIURA,PIURA,PIURA,200101,20250609,Tomate,2.07,4.4,Hortalizas,KILOGRAMO,KILOGRAMO
20250706,PIURA,PIURA,PIURA,200101,20250609,Papa canchan,1.31,2.7,Tuberculos,SACO GRANDE,KILOGRAMO
20250706,PIURA,PIURA,PIURA,200101,20250609,Lenteja,5.2,7.9,Menestras,KILOGRAMO,KILOGRAMO
20250706,PIURA,PIURA,PIURA,200101,20250609,Naranja valencia,2.15,3.25,Frutas,KILOGRAMO,KILOGRAMO
20250706,PIURA,PIURA,PIURA,200101,20250609,Garbanzo,5.58,9.35,Menestras,KILOGRAMO,KILOGRAMO
20250706,PIURA,PIURA,PIURA,200101,20250609,Azucar blanca nacional (granel),4.03,4.6,Agro-industriales,SACO NORMAL,KILOGRAMO
20250706,PIURA,PIURA,PIURA,200101,20250609,Uva red globe,4.83,7.55,Frutas,KILOGRAMO,KILOGRAMO
20250706,PIURA,PIURA,PIURA,200101,20250609,Carne fresca de vacuno,17,22,Carnes y huevos,KILOGRAMO,KILOGRAMO
20250706,PIURA,PIURA,PIURA,200101,20250609,Zapallo macre,1.83,3.1,Hortalizas,KILOGRAMO,KILOGRAMO
20250706,PIURA,PIURA,PIURA,200101,20250609,Aji escabeche,3.13,3.8,Hortalizas,KILOGRAMO,MALLA
20250706,PIURA,PIURA,PIURA,200101,20250609,Arveja verde blanca serrana,5.2,7.45,Legumbres,MALLA MEDIANA,KILOGRAMO
20250706,PIURA,PIURA,PIURA,200101,20250609,Manzana delicia,2.08,3.4,Frutas,KILOGRAMO,KILOGRAMO
20250706,PIURA,PIURA,PIURA,200101,20250609,Leche fresca,3.5,4.65,Agro-industriales,LITRO,LITRO
20250706,PIURA,PIURA,PIURA,200101,20250609,Fideos nicolini tallarin,4.4,6.55,Agro-industriales,PAQUETE,KILOGRAMO
20250706,PIURA,PIURA,PIURA,200101,20250609,Carne de porcino (corte unico),13.75,18.5,Carnes y huevos,UNIDAD,KILOGRAMO
20250706,PIURA,PIURA,PIURA,200101,20250609,Uva alfonso lavalett,3.5,5.55,Frutas,KILOGRAMO,KILOGRAMO
20250706,PIURA,PIURA,PIURA,200101,20250609,Uva italia,3.5,7.4,Frutas,KILOGRAMO,KILOGRAMO
20250706,PIURA,PIURA,PIURA,200101,20250609,Haba verde serrana,2.36,3.85,Legumbres,KILOGRAMO,KILOGRAMO
20250706,PIURA,PIURA,PIURA,200101,20250609,Azucar rubia nacional (granel),3.41,4.15,Agro-industriales,SACO NORMAL,KILOGRAMO
20250706,PIURA,PIURA,PIURA,200101,20250609,Frijol canario,3.86,6.55,Menestras,KILOGRAMO,KILOGRAMO
20250706,PIURA,PIURA,PIURA,200101,20250609,Papaya,1.91,3.05,Frutas,KILOGRAMO,KILOGRAMO
20250706,PIURA,PIURA,PIURA,200101,20250609,Limon sutil bolsa,1.83,2.8,Frutas,KILOGRAMO,KILOGRAMO
20250706,PIURA,PIURA,PIURA,200101,20250609,Olluco largo,3.4,3.9,Tuberculos,KILOGRAMO,KILOGRAMO
20250706,PIURA,PIURA,PIURA,200101,20250609,Camote morado,1.6,3.05,Tuberculos,SACO GRANDE,KILOGRAMO
20250706,PIURA,PIURA,PIURA,200101,20250609,Manzana israel,2.53,4.35,Frutas,KILOGRAMO,KILOGRAMO
20250706,PIURA,PIURA,PIURA,200101,20250609,Platano bellaco,1.61,3.1,Frutas,LITRO,LITRO
20250706,PIURA,PIURA,PIURA,200101,20250609,Arroz extra,3.61,4.55,Cereales,SACO NORMAL,KILOGRAMO
20250706,PIURA,PIURA,PIURA,200101,20250609,Leche reconstituida (azul) 395 gr,3.41,4.45,Agro-industriales,CAJA,LATA
20250706,PIURA,PIURA,PIURA,200101,20250609,Aji rocoto,4.85,6.35,Hortalizas,KILOGRAMO,KILOGRAMO
20250706,PIURA,PIURA,PIURA,200101,20250609,Vainita americana,3.64,5.55,Legumbres,KILOGRAMO,KILOGRAMO
20250706,PIURA,PIURA,PIURA,200101,20250609,Chirimoya cumbe,3.75,7.6,Frutas,CAJON CHICO,KILOGRAMO
20250706,PIURA,PIURA,PIURA,200101,20250609,Pina criolla,2,2.65,Frutas,KILOGRAMO,KILOGRAMO
20250706,PIURA,PIURA,PIURA,200101,20250609,Cebolla cabeza roja,1.51,3.25,Hortalizas,SACO,KILOGRAMO
20250706,PIURA,PIURA,PIURA,200101,20250609,Carne de pollo (eviscerado),9.1,10.15,Carnes y huevos,KILOGRAMO,KILOGRAMO
20250706,PIURA,PIURA,PIURA,200101,20250609,Platano seda congo,1.89,4.2,Frutas,KILOGRAMO,KILOGRAMO
20250706,PIURA,PIURA,PIURA,200101,20250609,Yuca blanca,1.88,3.85,Tuberculos,KILOGRAMO,KILOGRAMO
20250706,PIURA,PIURA,PIURA,200101,20250609,Pallar,6.45,8.25,Menestras,KILOGRAMO,KILOGRAMO
20250706,PIURA,PIURA,PIURA,200101,20250609,Papa amarilla,2.67,4.4,Tuberculos,SACO GRANDE,KILOGRAMO
20250706,PIURA,PIURA,PIURA,200101,20250609,Melocoton durazno huayco,5.18,10.35,Frutas,KILOGRAMO,KILOGRAMO
20250706,PIURA,PIURA,PIURA,200101,20250609,Sandia,1.75,2.55,Frutas,KILOGRAMO,KILOGRAMO
20250706,PIURA,PIURA,PIURA,200101,20250609,Aceite clasico botella 900 ml,8.84,10.6,Agro-industriales,CAJA CHICA,LITRO
20250706,PIURA,PIURA,PIURA,200101,20250609,Huevos rosados,6.58,10.35,Carnes y huevos,KILOGRAMO,KILOGRAMO
20250706,PIURA,PIURA,PIURA,200101,20250609,Ajo criollo o napuri,8.48,17.5,Hortalizas,MALLA MEDIANA,KILOGRAMO
20250706,PIURA,PIURA,PIURA,200101,20250609,Frijol castilla,4.05,5.25,Menestras,KILOGRAMO,KILOGRAMO
20250706,PIURA,PIURA,PIURA,200101,20250609,Arroz superior,2.86,3.9,Cereales,SACO NORMAL,KILOGRAMO
20250706,PIURA,PIURA,PIURA,200101,20250606,Palta fuerte,4.8,5.65,Frutas,KILOGRAMO,KILOGRAMO
20250706,PIURA,PIURA,PIURA,200101,20250606,Tomate,2.11,4.4,Hortalizas,KILOGRAMO,KILOGRAMO
20250706,PIURA,PIURA,PIURA,200101,20250606,Papa canchan,1.31,2.7,Tuberculos,SACO GRANDE,KILOGRAMO
20250706,PIURA,PIURA,PIURA,200101,20250606,Lenteja,5.2,8.05,Menestras,KILOGRAMO,KILOGRAMO
20250706,PIURA,PIURA,PIURA,200101,20250606,Naranja valencia,2.24,3.25,Frutas,KILOGRAMO,KILOGRAMO
20250706,PIURA,PIURA,PIURA,200101,20250606,Garbanzo,5.6,9.35,Menestras,KILOGRAMO,KILOGRAMO
20250706,PIURA,PIURA,PIURA,200101,20250606,Azucar blanca nacional (granel),4.03,4.6,Agro-industriales,SACO NORMAL,KILOGRAMO
20250706,PIURA,PIURA,PIURA,200101,20250606,Uva red globe,4.83,7.55,Frutas,KILOGRAMO,KILOGRAMO
20250706,PIURA,PIURA,PIURA,200101,20250606,Carne fresca de vacuno,17,22,Carnes y huevos,KILOGRAMO,KILOGRAMO
20250706,PIURA,PIURA,PIURA,200101,20250606,Zapallo macre,1.87,3.1,Hortalizas,KILOGRAMO,KILOGRAMO
20250706,PIURA,PIURA,PIURA,200101,20250606,Aji escabeche,3.13,3.8,Hortalizas,KILOGRAMO,MALLA
20250706,PIURA,PIURA,PIURA,200101,20250606,Arveja verde blanca serrana,5.2,7.45,Legumbres,MALLA MEDIANA,KILOGRAMO
20250706,PIURA,PIURA,PIURA,200101,20250606,Manzana delicia,2.08,3.4,Frutas,KILOGRAMO,KILOGRAMO
20250706,PIURA,PIURA,PIURA,200101,20250606,Leche fresca,3.45,4.65,Agro-industriales,LITRO,LITRO
20250706,PIURA,PIURA,PIURA,200101,20250606,Fideos nicolini tallarin,4.4,6.55,Agro-industriales,PAQUETE,KILOGRAMO
20250706,PIURA,PIURA,PIURA,200101,20250606,Carne de porcino (corte unico),13.75,18.5,Carnes y huevos,UNIDAD,KILOGRAMO
20250706,PIURA,PIURA,PIURA,200101,20250606,Uva alfonso lavalett,3.5,5.65,Frutas,KILOGRAMO,KILOGRAMO
20250706,PIURA,PIURA,PIURA,200101,20250606,Uva italia,3.5,7.4,Frutas,KILOGRAMO,KILOGRAMO
20250706,PIURA,PIURA,PIURA,200101,20250606,Haba verde serrana,2.36,3.85,Legumbres,KILOGRAMO,KILOGRAMO
20250706,PIURA,PIURA,PIURA,200101,20250606,Azucar rubia nacional (granel),3.41,4.15,Agro-industriales,SACO NORMAL,KILOGRAMO
20250706,PIURA,PIURA,PIURA,200101,20250606,Frijol canario,3.9,6.55,Menestras,KILOGRAMO,KILOGRAMO
20250706,PIURA,PIURA,PIURA,200101,20250606,Papaya,1.91,3.05,Frutas,KILOGRAMO,KILOGRAMO
20250706,PIURA,PIURA,PIURA,200101,20250606,Limon sutil bolsa,1.85,2.8,Frutas,KILOGRAMO,KILOGRAMO
20250706,PIURA,PIURA,PIURA,200101,20250606,Olluco largo,3.4,4,Tuberculos,KILOGRAMO,KILOGRAMO
20250706,PIURA,PIURA,PIURA,200101,20250606,Camote morado,1.59,3.05,Tuberculos,SACO GRANDE,KILOGRAMO
20250706,PIURA,PIURA,PIURA,200101,20250606,Manzana israel,2.53,4.45,Frutas,KILOGRAMO,KILOGRAMO
20250706,PIURA,PIURA,PIURA,200101,20250606,Platano bellaco,1.64,3.1,Frutas,LITRO,LITRO
20250706,PIURA,PIURA,PIURA,200101,20250606,Arroz extra,3.61,4.5,Cereales,SACO NORMAL,KILOGRAMO
20250706,PIURA,PIURA,PIURA,200101,20250606,Leche reconstituida (azul) 395 gr,3.41,4.45,Agro-industriales,CAJA,LATA
20250706,PIURA,PIURA,PIURA,200101,20250606,Aji rocoto,4.85,6.3,Hortalizas,KILOGRAMO,KILOGRAMO
20250706,PIURA,PIURA,PIURA,200101,20250606,Vainita americana,3.64,5.4,Legumbres,KILOGRAMO,KILOGRAMO
20250706,PIURA,PIURA,PIURA,200101,20250606,Chirimoya cumbe,3.75,7.65,Frutas,CAJON CHICO,KILOGRAMO
20250706,PIURA,PIURA,PIURA,200101,20250606,Pina criolla,2,2.65,Frutas,KILOGRAMO,KILOGRAMO
20250706,PIURA,PIURA,PIURA,200101,20250606,Cebolla cabeza roja,1.51,3.25,Hortalizas,SACO,KILOGRAMO
20250706,PIURA,PIURA,PIURA,200101,20250606,Carne de pollo (eviscerado),9.1,10.15,Carnes y huevos,KILOGRAMO,KILOGRAMO
20250706,PIURA,PIURA,PIURA,200101,20250606,Platano seda congo,1.89,4.2,Frutas,KILOGRAMO,KILOGRAMO
20250706,PIURA,PIURA,PIURA,200101,20250606,Yuca blanca,1.88,3.85,Tuberculos,KILOGRAMO,KILOGRAMO
20250706,PIURA,PIURA,PIURA,200101,20250606,Pallar,6.45,8.25,Menestras,KILOGRAMO,KILOGRAMO
20250706,PIURA,PIURA,PIURA,200101,20250606,Papa amarilla,2.7,4.4,Tuberculos,SACO GRANDE,KILOGRAMO
20250706,PIURA,PIURA,PIURA,200101,20250606,Melocoton durazno huayco,5.18,10.35,Frutas,KILOGRAMO,KILOGRAMO
20250706,PIURA,PIURA,PIURA,200101,20250606,Sandia,1.75,2.55,Frutas,KILOGRAMO,KILOGRAMO
20250706,PIURA,PIURA,PIURA,200101,20250606,Aceite clasico botella 900 ml,8.84,10.6,Agro-industriales,CAJA CHICA,LITRO
20250706,PIURA,PIURA,PIURA,200101,20250606,Huevos rosados,6.58,10.35,Carnes y huevos,KILOGRAMO,KILOGRAMO
20250706,PIURA,PIURA,PIURA,200101,20250606,Ajo criollo o napuri,8.48,17.5,Hortalizas,MALLA MEDIANA,KILOGRAMO
20250706,PIURA,PIURA,PIURA,200101,20250606,Frijol castilla,4.06,5.25,Menestras,KILOGRAMO,KILOGRAMO
20250706,PIURA,PIURA,PIURA,200101,20250606,Arroz superior,2.86,3.9,Cereales,SACO NORMAL,KILOGRAMO
20250706,PIURA,PIURA,PIURA,200101,20250606,Zanahoria,1.88,3.4,Hortalizas,SACO MEDIANO,KILOGRAMO
20250706,PIURA,PIURA,PIURA,200101,20250606,Choclo (tipo cusco),6.06,8.75,Cereales,CIENTO,UNIDAD
20250706,PIURA,PIURA,PIURA,200101,20250606,Melon coquito,3.08,3.35,Frutas,KILOGRAMO,KILOGRAMO
20250706,PIURA,PIURA,PIURA,200101,20250604,Garbanzo,5.6,9.35,Menestras,KILOGRAMO,KILOGRAMO
20250706,PIURA,PIURA,PIURA,200101,20250604,Azucar blanca nacional (granel),4.05,4.75,Agro-industriales,SACO NORMAL,KILOGRAMO
20250706,PIURA,PIURA,PIURA,200101,20250604,Uva red globe,4.83,7.55,Frutas,KILOGRAMO,KILOGRAMO
20250706,PIURA,PIURA,PIURA,200101,20250604,Carne fresca de vacuno,17,20.5,Carnes y huevos,KILOGRAMO,KILOGRAMO
20250706,PIURA,PIURA,PIURA,200101,20250604,Zapallo macre,1.87,3.1,Hortalizas,KILOGRAMO,KILOGRAMO
20250706,PIURA,PIURA,PIURA,200101,20250604,Aji escabeche,3.12,3.8,Hortalizas,KILOGRAMO,MALLA
20250706,PIURA,PIURA,PIURA,200101,20250604,Arveja verde blanca serrana,5.2,7.45,Legumbres,MALLA MEDIANA,KILOGRAMO
20250706,PIURA,PIURA,PIURA,200101,20250604,Manzana delicia,2.13,3.1,Frutas,KILOGRAMO,KILOGRAMO
20250706,PIURA,PIURA,PIURA,200101,20250604,Leche fresca,3.45,4.65,Agro-industriales,LITRO,LITRO
20250706,PIURA,PIURA,PIURA,200101,20250604,Fideos nicolini tallarin,4.4,6.55,Agro-industriales,PAQUETE,KILOGRAMO
20250706,PIURA,PIURA,PIURA,200101,20250604,Carne de porcino (corte unico),13.75,18.5,Carnes y huevos,UNIDAD,KILOGRAMO
20250706,PIURA,PIURA,PIURA,200101,20250604,Uva alfonso lavalett,3.83,5.65,Frutas,KILOGRAMO,KILOGRAMO
20250706,PIURA,PIURA,PIURA,200101,20250604,Uva italia,3.5,7.55,Frutas,KILOGRAMO,KILOGRAMO
20250706,PIURA,PIURA,PIURA,200101,20250604,Haba verde serrana,2.36,3.85,Legumbres,KILOGRAMO,KILOGRAMO
20250706,PIURA,PIURA,PIURA,200101,20250604,Azucar rubia nacional (granel),3.41,4.15,Agro-industriales,SACO NORMAL,KILOGRAMO
20250706,PIURA,PIURA,PIURA,200101,20250604,Frijol canario,3.9,6.55,Menestras,KILOGRAMO,KILOGRAMO
20250706,PIURA,PIURA,PIURA,200101,20250604,Papaya,1.91,3.05,Frutas,KILOGRAMO,KILOGRAMO
20250706,PIURA,PIURA,PIURA,200101,20250604,Limon sutil bolsa,1.91,2.8,Frutas,KILOGRAMO,KILOGRAMO
20250706,PIURA,PIURA,PIURA,200101,20250604,Olluco largo,3.35,4,Tuberculos,KILOGRAMO,KILOGRAMO
20250706,PIURA,PIURA,PIURA,200101,20250604,Camote morado,1.61,3.05,Tuberculos,SACO GRANDE,KILOGRAMO
20250706,PIURA,PIURA,PIURA,200101,20250604,Manzana israel,2.53,4.45,Frutas,KILOGRAMO,KILOGRAMO
20250706,PIURA,PIURA,PIURA,200101,20250604,Platano bellaco,1.75,3.1,Frutas,LITRO,LITRO
20250706,PIURA,PIURA,PIURA,200101,20250604,Arroz extra,3.63,4.5,Cereales,SACO NORMAL,KILOGRAMO
20250706,PIURA,PIURA,PIURA,200101,20250604,Leche reconstituida (azul) 395 gr,3.5,4.55,Agro-industriales,CAJA,LATA
20250706,PIURA,PIURA,PIURA,200101,20250604,Aji rocoto,4.85,6.25,Hortalizas,KILOGRAMO,KILOGRAMO
20250706,PIURA,PIURA,PIURA,200101,20250604,Vainita americana,3.64,5.4,Legumbres,KILOGRAMO,KILOGRAMO
20250706,PIURA,PIURA,PIURA,200101,20250604,Chirimoya cumbe,3.75,7.65,Frutas,CAJON CHICO,KILOGRAMO
20250706,PIURA,PIURA,PIURA,200101,20250604,Pina criolla,2,2.65,Frutas,KILOGRAMO,KILOGRAMO
20250706,PIURA,PIURA,PIURA,200101,20250604,Cebolla cabeza roja,1.51,3,Hortalizas,SACO,KILOGRAMO
20250706,PIURA,PIURA,PIURA,200101,20250604,Carne de pollo (eviscerado),9.1,10.15,Carnes y huevos,KILOGRAMO,KILOGRAMO
20250706,PIURA,PIURA,PIURA,200101,20250604,Platano seda congo,1.89,4.2,Frutas,KILOGRAMO,KILOGRAMO
20250706,PIURA,PIURA,PIURA,200101,20250604,Yuca blanca,1.88,3.85,Tuberculos,KILOGRAMO,KILOGRAMO
20250706,PIURA,PIURA,PIURA,200101,20250604,Pallar,6.45,8.15,Menestras,KILOGRAMO,KILOGRAMO
20250706,PIURA,PIURA,PIURA,200101,20250604,Papa amarilla,2.7,4.4,Tuberculos,SACO GRANDE,KILOGRAMO
20250706,PIURA,PIURA,PIURA,200101,20250604,Melocoton durazno huayco,5.18,10.35,Frutas,KILOGRAMO,KILOGRAMO
20250706,PIURA,PIURA,PIURA,200101,20250604,Sandia,1.75,2.55,Frutas,KILOGRAMO,KILOGRAMO
20250706,PIURA,PIURA,PIURA,200101,20250604,Aceite clasico botella 900 ml,8.84,10.6,Agro-industriales,CAJA CHICA,LITRO
20250706,PIURA,PIURA,PIURA,200101,20250604,Huevos rosados,6.58,10.35,Carnes y huevos,KILOGRAMO,KILOGRAMO
20250706,PIURA,PIURA,PIURA,200101,20250604,Ajo criollo o napuri,8.47,17.5,Hortalizas,MALLA MEDIANA,KILOGRAMO
20250706,PIURA,PIURA,PIURA,200101,20250604,Frijol castilla,4.08,5.6,Menestras,KILOGRAMO,KILOGRAMO
20250706,PIURA,PIURA,PIURA,200101,20250604,Arroz superior,2.89,4,Cereales,SACO NORMAL,KILOGRAMO
20250706,PIURA,PIURA,PIURA,200101,20250604,Zanahoria,1.88,3.65,Hortalizas,SACO MEDIANO,KILOGRAMO
20250706,PIURA,PIURA,PIURA,200101,20250604,Choclo (tipo cusco),6.06,8.75,Cereales,CIENTO,UNIDAD
20250706,PIURA,PIURA,PIURA,200101,20250604,Melon coquito,3.08,3.35,Frutas,KILOGRAMO,KILOGRAMO
20250706,PIURA,PIURA,PIURA,200101,20250604,Palta fuerte,4.9,5.65,Frutas,KILOGRAMO,KILOGRAMO
20250706,PIURA,PIURA,PIURA,200101,20250604,Tomate,2.11,4.65,Hortalizas,KILOGRAMO,KILOGRAMO
20250706,PIURA,PIURA,PIURA,200101,20250604,Papa canchan,1.31,2.7,Tuberculos,SACO GRANDE,KILOGRAMO
20250706,PIURA,PIURA,PIURA,200101,20250604,Lenteja,5.15,7.9,Menestras,KILOGRAMO,KILOGRAMO
20250706,PIURA,PIURA,PIURA,200101,20250604,Naranja valencia,2.26,3.25,Frutas,KILOGRAMO,KILOGRAMO
20250706,PIURA,PIURA,PIURA,200101,20250602,Fideos nicolini tallarin,4.4,6.47,Agro-industriales,PAQUETE,KILOGRAMO
20250706,PIURA,PIURA,PIURA,200101,20250602,Carne de porcino (corte unico),13.95,18.3,Carnes y huevos,UNIDAD,KILOGRAMO
20250706,PIURA,PIURA,PIURA,200101,20250602,Uva alfonso lavalett,3.79,5.65,Frutas,KILOGRAMO,KILOGRAMO
20250706,PIURA,PIURA,PIURA,200101,20250602,Uva italia,3.5,7.4,Frutas,KILOGRAMO,KILOGRAMO
20250706,PIURA,PIURA,PIURA,200101,20250602,Haba verde serrana,2.35,3.85,Legumbres,KILOGRAMO,KILOGRAMO
20250706,PIURA,PIURA,PIURA,200101,20250602,Azucar rubia nacional (granel),3.47,4.05,Agro-industriales,SACO NORMAL,KILOGRAMO
20250706,PIURA,PIURA,PIURA,200101,20250602,Frijol canario,3.88,6.45,Menestras,KILOGRAMO,KILOGRAMO
20250706,PIURA,PIURA,PIURA,200101,20250602,Papaya,1.91,3,Frutas,KILOGRAMO,KILOGRAMO
20250706,PIURA,PIURA,PIURA,200101,20250602,Limon sutil bolsa,1.87,2.8,Frutas,KILOGRAMO,KILOGRAMO
20250706,PIURA,PIURA,PIURA,200101,20250602,Olluco largo,3.35,4.05,Tuberculos,KILOGRAMO,KILOGRAMO
20250706,PIURA,PIURA,PIURA,200101,20250602,Camote morado,1.59,3.05,Tuberculos,SACO GRANDE,KILOGRAMO
20250706,PIURA,PIURA,PIURA,200101,20250602,Manzana israel,2.53,4.45,Frutas,KILOGRAMO,KILOGRAMO
20250706,PIURA,PIURA,PIURA,200101,20250602,Platano bellaco,1.79,2.95,Frutas,LITRO,LITRO
20250706,PIURA,PIURA,PIURA,200101,20250602,Arroz extra,3.63,4.5,Cereales,SACO NORMAL,KILOGRAMO
20250706,PIURA,PIURA,PIURA,200101,20250602,Leche reconstituida (azul) 395 gr,3.5,4.55,Agro-industriales,CAJA,LATA
20250706,PIURA,PIURA,PIURA,200101,20250602,Aji rocoto,4.7,6,Hortalizas,KILOGRAMO,KILOGRAMO
20250706,PIURA,PIURA,PIURA,200101,20250602,Vainita americana,3.64,5.4,Legumbres,KILOGRAMO,KILOGRAMO
20250706,PIURA,PIURA,PIURA,200101,20250602,Chirimoya cumbe,3.75,7.65,Frutas,CAJON CHICO,KILOGRAMO
20250706,PIURA,PIURA,PIURA,200101,20250602,Pina criolla,2,2.65,Frutas,KILOGRAMO,KILOGRAMO
20250706,PIURA,PIURA,PIURA,200101,20250602,Cebolla cabeza roja,1.51,3,Hortalizas,SACO,KILOGRAMO
20250706,PIURA,PIURA,PIURA,200101,20250602,Carne de pollo (eviscerado),9.1,10.15,Carnes y huevos,KILOGRAMO,KILOGRAMO
20250706,PIURA,PIURA,PIURA,200101,20250602,Platano seda congo,1.89,4.2,Frutas,KILOGRAMO,KILOGRAMO
20250706,PIURA,PIURA,PIURA,200101,20250602,Yuca blanca,1.88,3.85,Tuberculos,KILOGRAMO,KILOGRAMO
20250706,PIURA,PIURA,PIURA,200101,20250602,Pallar,6.45,8.15,Menestras,KILOGRAMO,KILOGRAMO
20250706,PIURA,PIURA,PIURA,200101,20250602,Papa amarilla,2.75,4.4,Tuberculos,SACO GRANDE,KILOGRAMO
20250706,PIURA,PIURA,PIURA,200101,20250602,Melocoton durazno huayco,5.2,10.4,Frutas,KILOGRAMO,KILOGRAMO
20250706,PIURA,PIURA,PIURA,200101,20250602,Sandia,1.75,2.42,Frutas,KILOGRAMO,KILOGRAMO
20250706,PIURA,PIURA,PIURA,200101,20250602,Aceite clasico botella 900 ml,8.84,10.6,Agro-industriales,CAJA CHICA,LITRO
20250706,PIURA,PIURA,PIURA,200101,20250602,Huevos rosados,6.58,10.35,Carnes y huevos,KILOGRAMO,KILOGRAMO
20250706,PIURA,PIURA,PIURA,200101,20250602,Ajo criollo o napuri,8.4,16.5,Hortalizas,MALLA MEDIANA,KILOGRAMO
20250706,PIURA,PIURA,PIURA,200101,20250602,Frijol castilla,4.08,5.45,Menestras,KILOGRAMO,KILOGRAMO
20250706,PIURA,PIURA,PIURA,200101,20250602,Arroz superior,2.89,4.05,Cereales,SACO NORMAL,KILOGRAMO
20250706,PIURA,PIURA,PIURA,200101,20250602,Zanahoria,1.88,3.65,Hortalizas,SACO MEDIANO,KILOGRAMO
20250706,PIURA,PIURA,PIURA,200101,20250602,Choclo (tipo cusco),6.06,8.65,Cereales,CIENTO,UNIDAD
20250706,PIURA,PIURA,PIURA,200101,20250602,Melon coquito,2.96,3.45,Frutas,KILOGRAMO,KILOGRAMO
20250706,PIURA,PIURA,PIURA,200101,20250602,Palta fuerte,4.9,5.65,Frutas,KILOGRAMO,KILOGRAMO
20250706,PIURA,PIURA,PIURA,200101,20250602,Tomate,2.11,4.65,Hortalizas,KILOGRAMO,KILOGRAMO
20250706,PIURA,PIURA,PIURA,200101,20250602,Papa canchan,1.29,2.55,Tuberculos,SACO GRANDE,KILOGRAMO
20250706,PIURA,PIURA,PIURA,200101,20250602,Lenteja,5.15,7.7,Menestras,KILOGRAMO,KILOGRAMO
20250706,PIURA,PIURA,PIURA,200101,20250602,Naranja valencia,2.26,3.25,Frutas,KILOGRAMO,KILOGRAMO
20250706,PIURA,PIURA,PIURA,200101,20250602,Azucar blanca nacional (granel),4.07,4.65,Agro-industriales,SACO NORMAL,KILOGRAMO
20250706,PIURA,PIURA,PIURA,200101,20250602,Uva red globe,4.83,7.4,Frutas,KILOGRAMO,KILOGRAMO
20250706,PIURA,PIURA,PIURA,200101,20250602,Carne fresca de vacuno,16,20.5,Carnes y huevos,KILOGRAMO,KILOGRAMO
20250706,PIURA,PIURA,PIURA,200101,20250602,Zapallo macre,1.78,3.05,Hortalizas,KILOGRAMO,KILOGRAMO
20250706,PIURA,PIURA,PIURA,200101,20250602,Aji escabeche,3.11,3.75,Hortalizas,KILOGRAMO,MALLA
20250706,PIURA,PIURA,PIURA,200101,20250602,Arveja verde blanca serrana,5.2,7.45,Legumbres,MALLA MEDIANA,KILOGRAMO
20250706,PIURA,PIURA,PIURA,200101,20250602,Manzana delicia,2.13,3.1,Frutas,KILOGRAMO,KILOGRAMO
20250706,PIURA,PIURA,PIURA,200101,20250602,Leche fresca,3.45,4.6,Agro-industriales,LITRO,LITRO
20250706,PIURA,PIURA,PIURA,200101,20250602,Garbanzo,5.63,9.25,Menestras,KILOGRAMO,KILOGRAMO
20250609,PIURA,PIURA,PIURA,200101,20250530,Haba verde serrana,2.35,3.8,Legumbres,KILOGRAMO,KILOGRAMO
20250609,PIURA,PIURA,PIURA,200101,20250530,Azucar rubia nacional (granel),3.47,4,Agro-industriales,SACO NORMAL,KILOGRAMO
20250609,PIURA,PIURA,PIURA,200101,20250530,Frijol canario,3.9,6.35,Menestras,KILOGRAMO,KILOGRAMO
20250609,PIURA,PIURA,PIURA,200101,20250530,Papaya,1.92,3,Frutas,KILOGRAMO,KILOGRAMO
20250609,PIURA,PIURA,PIURA,200101,20250530,Limon sutil bolsa,1.89,2.75,Frutas,KILOGRAMO,KILOGRAMO
20250609,PIURA,PIURA,PIURA,200101,20250530,Olluco largo,3.35,4.05,Tuberculos,KILOGRAMO,KILOGRAMO
20250609,PIURA,PIURA,PIURA,200101,20250530,Camote morado,1.65,3,Tuberculos,SACO GRANDE,KILOGRAMO
20250609,PIURA,PIURA,PIURA,200101,20250530,Manzana israel,2.55,4.5,Frutas,KILOGRAMO,KILOGRAMO
20250609,PIURA,PIURA,PIURA,200101,20250530,Platano bellaco,1.89,2.95,Frutas,LITRO,LITRO
20250609,PIURA,PIURA,PIURA,200101,20250530,Arroz extra,3.63,4.5,Cereales,SACO NORMAL,KILOGRAMO
20250609,PIURA,PIURA,PIURA,200101,20250530,Leche reconstituida (azul) 395 gr,3.53,4.4,Agro-industriales,CAJA,LATA
20250609,PIURA,PIURA,PIURA,200101,20250530,Aji rocoto,4.7,6.25,Hortalizas,KILOGRAMO,KILOGRAMO
20250609,PIURA,PIURA,PIURA,200101,20250530,Vainita americana,3.66,5.4,Legumbres,KILOGRAMO,KILOGRAMO
20250609,PIURA,PIURA,PIURA,200101,20250530,Chirimoya cumbe,3.75,7.65,Frutas,CAJON CHICO,KILOGRAMO
20250609,PIURA,PIURA,PIURA,200101,20250530,Pina criolla,2,2.65,Frutas,KILOGRAMO,KILOGRAMO
20250609,PIURA,PIURA,PIURA,200101,20250530,Cebolla cabeza roja,1.51,3,Hortalizas,SACO,KILOGRAMO
20250609,PIURA,PIURA,PIURA,200101,20250530,Carne de pollo (eviscerado),9.1,10.1,Carnes y huevos,KILOGRAMO,KILOGRAMO
20250609,PIURA,PIURA,PIURA,200101,20250530,Platano seda congo,1.89,4.2,Frutas,KILOGRAMO,KILOGRAMO
20250609,PIURA,PIURA,PIURA,200101,20250530,Yuca blanca,1.87,3.85,Tuberculos,KILOGRAMO,KILOGRAMO
20250609,PIURA,PIURA,PIURA,200101,20250530,Pallar,6.45,8.1,Menestras,KILOGRAMO,KILOGRAMO
20250609,PIURA,PIURA,PIURA,200101,20250530,Papa amarilla,2.83,4.35,Tuberculos,SACO GRANDE,KILOGRAMO
20250609,PIURA,PIURA,PIURA,200101,20250530,Melocoton durazno huayco,5.2,10.4,Frutas,KILOGRAMO,KILOGRAMO
20250609,PIURA,PIURA,PIURA,200101,20250530,Sandia,1.75,2.37,Frutas,KILOGRAMO,KILOGRAMO
20250609,PIURA,PIURA,PIURA,200101,20250530,Aceite clasico botella 900 ml,8.84,10.65,Agro-industriales,CAJA CHICA,LITRO
20250609,PIURA,PIURA,PIURA,200101,20250530,Huevos rosados,6.58,10.35,Carnes y huevos,KILOGRAMO,KILOGRAMO
20250609,PIURA,PIURA,PIURA,200101,20250530,Ajo criollo o napuri,8.37,15.25,Hortalizas,MALLA MEDIANA,KILOGRAMO
20250609,PIURA,PIURA,PIURA,200101,20250530,Frijol castilla,4.08,5.75,Menestras,KILOGRAMO,KILOGRAMO
20250609,PIURA,PIURA,PIURA,200101,20250530,Arroz superior,2.94,4.05,Cereales,SACO NORMAL,KILOGRAMO
20250609,PIURA,PIURA,PIURA,200101,20250530,Zanahoria,1.88,3.65,Hortalizas,SACO MEDIANO,KILOGRAMO
20250609,PIURA,PIURA,PIURA,200101,20250530,Choclo (tipo cusco),6.06,8.65,Cereales,CIENTO,UNIDAD
20250609,PIURA,PIURA,PIURA,200101,20250530,Melon coquito,2.96,3.45,Frutas,KILOGRAMO,KILOGRAMO
20250609,PIURA,PIURA,PIURA,200101,20250530,Palta fuerte,4.9,5.65,Frutas,KILOGRAMO,KILOGRAMO
20250609,PIURA,PIURA,PIURA,200101,20250530,Tomate,2.16,4.65,Hortalizas,KILOGRAMO,KILOGRAMO
20250609,PIURA,PIURA,PIURA,200101,20250530,Papa canchan,1.26,2.55,Tuberculos,SACO GRANDE,KILOGRAMO
20250609,PIURA,PIURA,PIURA,200101,20250530,Lenteja,5.15,7.7,Menestras,KILOGRAMO,KILOGRAMO
20250609,PIURA,PIURA,PIURA,200101,20250530,Naranja valencia,2.38,3.25,Frutas,KILOGRAMO,KILOGRAMO
20250609,PIURA,PIURA,PIURA,200101,20250530,Azucar blanca nacional (granel),4.08,4.7,Agro-industriales,SACO NORMAL,KILOGRAMO
20250609,PIURA,PIURA,PIURA,200101,20250530,Uva red globe,4.83,7.45,Frutas,KILOGRAMO,KILOGRAMO
20250609,PIURA,PIURA,PIURA,200101,20250530,Carne fresca de vacuno,16,20.5,Carnes y huevos,KILOGRAMO,KILOGRAMO
20250609,PIURA,PIURA,PIURA,200101,20250530,Zapallo macre,1.78,3.05,Hortalizas,KILOGRAMO,KILOGRAMO
20250609,PIURA,PIURA,PIURA,200101,20250530,Aji escabeche,3.13,3.75,Hortalizas,KILOGRAMO,MALLA
20250609,PIURA,PIURA,PIURA,200101,20250530,Arveja verde blanca serrana,5.23,7.45,Legumbres,MALLA MEDIANA,KILOGRAMO
20250609,PIURA,PIURA,PIURA,200101,20250530,Manzana delicia,2.13,3.15,Frutas,KILOGRAMO,KILOGRAMO
20250609,PIURA,PIURA,PIURA,200101,20250530,Leche fresca,3.45,4.6,Agro-industriales,LITRO,LITRO
20250609,PIURA,PIURA,PIURA,200101,20250530,Garbanzo,5.63,9.15,Menestras,KILOGRAMO,KILOGRAMO
20250609,PIURA,PIURA,PIURA,200101,20250530,Fideos nicolini tallarin,4.4,6.47,Agro-industriales,PAQUETE,KILOGRAMO
20250609,PIURA,PIURA,PIURA,200101,20250530,Carne de porcino (corte unico),13.95,18.3,Carnes y huevos,UNIDAD,KILOGRAMO
20250609,PIURA,PIURA,PIURA,200101,20250530,Uva alfonso lavalett,3.96,5.65,Frutas,KILOGRAMO,KILOGRAMO
20250609,PIURA,PIURA,PIURA,200101,20250530,Uva italia,3.58,7.4,Frutas,KILOGRAMO,KILOGRAMO
20250609,PIURA,PIURA,PIURA,200101,20250528,Manzana israel,2.55,4.5,Frutas,KILOGRAMO,KILOGRAMO
20250609,PIURA,PIURA,PIURA,200101,20250528,Platano bellaco,1.89,3.05,Frutas,LITRO,LITRO
20250609,PIURA,PIURA,PIURA,200101,20250528,Arroz extra,3.63,4.5,Cereales,SACO NORMAL,KILOGRAMO
20250609,PIURA,PIURA,PIURA,200101,20250528,Leche reconstituida (azul) 395 gr,3.53,4.4,Agro-industriales,CAJA,LATA
20250609,PIURA,PIURA,PIURA,200101,20250528,Aji rocoto,4.7,6,Hortalizas,KILOGRAMO,KILOGRAMO
20250609,PIURA,PIURA,PIURA,200101,20250528,Vainita americana,3.66,5.4,Legumbres,KILOGRAMO,KILOGRAMO
20250609,PIURA,PIURA,PIURA,200101,20250528,Chirimoya cumbe,3.75,7.65,Frutas,CAJON CHICO,KILOGRAMO
20250609,PIURA,PIURA,PIURA,200101,20250528,Pina criolla,2,2.65,Frutas,KILOGRAMO,KILOGRAMO
20250609,PIURA,PIURA,PIURA,200101,20250528,Cebolla cabeza roja,1.51,3,Hortalizas,SACO,KILOGRAMO
20250609,PIURA,PIURA,PIURA,200101,20250528,Carne de pollo (eviscerado),9.05,10.1,Carnes y huevos,KILOGRAMO,KILOGRAMO
20250609,PIURA,PIURA,PIURA,200101,20250528,Platano seda congo,1.89,4.2,Frutas,KILOGRAMO,KILOGRAMO
20250609,PIURA,PIURA,PIURA,200101,20250528,Yuca blanca,1.87,3.8,Tuberculos,KILOGRAMO,KILOGRAMO
20250609,PIURA,PIURA,PIURA,200101,20250528,Pallar,6.55,8.1,Menestras,KILOGRAMO,KILOGRAMO
20250609,PIURA,PIURA,PIURA,200101,20250528,Papa amarilla,2.84,4.35,Tuberculos,SACO GRANDE,KILOGRAMO
20250609,PIURA,PIURA,PIURA,200101,20250528,Melocoton durazno huayco,5.18,10.4,Frutas,KILOGRAMO,KILOGRAMO
20250609,PIURA,PIURA,PIURA,200101,20250528,Sandia,1.75,2.37,Frutas,KILOGRAMO,KILOGRAMO
20250609,PIURA,PIURA,PIURA,200101,20250528,Aceite clasico botella 900 ml,8.84,10.65,Agro-industriales,CAJA CHICA,LITRO
20250609,PIURA,PIURA,PIURA,200101,20250528,Huevos rosados,6.58,10.35,Carnes y huevos,KILOGRAMO,KILOGRAMO
20250609,PIURA,PIURA,PIURA,200101,20250528,Ajo criollo o napuri,8.37,14.25,Hortalizas,MALLA MEDIANA,KILOGRAMO
20250609,PIURA,PIURA,PIURA,200101,20250528,Frijol castilla,4.11,5.65,Menestras,KILOGRAMO,KILOGRAMO
20250609,PIURA,PIURA,PIURA,200101,20250528,Arroz superior,2.94,4.05,Cereales,SACO NORMAL,KILOGRAMO
20250609,PIURA,PIURA,PIURA,200101,20250528,Choclo (tipo cusco),6.06,8.45,Cereales,CIENTO,UNIDAD
20250609,PIURA,PIURA,PIURA,200101,20250528,Melon coquito,3,3.45,Frutas,KILOGRAMO,KILOGRAMO
20250609,PIURA,PIURA,PIURA,200101,20250528,Zanahoria,1.88,3.65,Hortalizas,SACO MEDIANO,KILOGRAMO
20250609,PIURA,PIURA,PIURA,200101,20250528,Palta fuerte,4.9,5.7,Frutas,KILOGRAMO,KILOGRAMO
20250609,PIURA,PIURA,PIURA,200101,20250528,Tomate,2.18,4.5,Hortalizas,KILOGRAMO,KILOGRAMO
20250609,PIURA,PIURA,PIURA,200101,20250528,Papa canchan,1.26,2.5,Tuberculos,SACO GRANDE,KILOGRAMO
20250609,PIURA,PIURA,PIURA,200101,20250528,Lenteja,5.15,7.7,Menestras,KILOGRAMO,KILOGRAMO
20250609,PIURA,PIURA,PIURA,200101,20250528,Naranja valencia,2.38,3.1,Frutas,KILOGRAMO,KILOGRAMO
20250609,PIURA,PIURA,PIURA,200101,20250528,Azucar blanca nacional (granel),4.04,4.7,Agro-industriales,SACO NORMAL,KILOGRAMO
20250609,PIURA,PIURA,PIURA,200101,20250528,Uva red globe,4.83,7.45,Frutas,KILOGRAMO,KILOGRAMO
20250609,PIURA,PIURA,PIURA,200101,20250528,Carne fresca de vacuno,17.5,20.5,Carnes y huevos,KILOGRAMO,KILOGRAMO
20250609,PIURA,PIURA,PIURA,200101,20250528,Zapallo macre,1.78,3.05,Hortalizas,KILOGRAMO,KILOGRAMO
20250609,PIURA,PIURA,PIURA,200101,20250528,Aji escabeche,3.12,3.75,Hortalizas,KILOGRAMO,MALLA
20250609,PIURA,PIURA,PIURA,200101,20250528,Arveja verde blanca serrana,5.28,7.45,Legumbres,MALLA MEDIANA,KILOGRAMO
20250609,PIURA,PIURA,PIURA,200101,20250528,Manzana delicia,2.2,3.1,Frutas,KILOGRAMO,KILOGRAMO
20250609,PIURA,PIURA,PIURA,200101,20250528,Leche fresca,3.45,4.6,Agro-industriales,LITRO,LITRO
20250609,PIURA,PIURA,PIURA,200101,20250528,Garbanzo,5.65,9.15,Menestras,KILOGRAMO,KILOGRAMO
20250609,PIURA,PIURA,PIURA,200101,20250528,Fideos nicolini tallarin,4.35,6.47,Agro-industriales,PAQUETE,KILOGRAMO
20250609,PIURA,PIURA,PIURA,200101,20250528,Carne de porcino (corte unico),13.95,18.7,Carnes y huevos,UNIDAD,KILOGRAMO
20250609,PIURA,PIURA,PIURA,200101,20250528,Uva alfonso lavalett,3.96,5.7,Frutas,KILOGRAMO,KILOGRAMO
20250609,PIURA,PIURA,PIURA,200101,20250528,Uva italia,3.58,7.4,Frutas,KILOGRAMO,KILOGRAMO
20250609,PIURA,PIURA,PIURA,200101,20250528,Haba verde serrana,2.35,3.8,Legumbres,KILOGRAMO,KILOGRAMO
20250609,PIURA,PIURA,PIURA,200101,20250528,Azucar rubia nacional (granel),3.47,4.05,Agro-industriales,SACO NORMAL,KILOGRAMO
20250609,PIURA,PIURA,PIURA,200101,20250528,Frijol canario,3.94,6.35,Menestras,KILOGRAMO,KILOGRAMO
20250609,PIURA,PIURA,PIURA,200101,20250528,Papaya,1.92,3,Frutas,KILOGRAMO,KILOGRAMO
20250609,PIURA,PIURA,PIURA,200101,20250528,Limon sutil bolsa,1.89,2.65,Frutas,KILOGRAMO,KILOGRAMO
20250609,PIURA,PIURA,PIURA,200101,20250528,Olluco largo,3.1,4,Tuberculos,KILOGRAMO,KILOGRAMO
20250609,PIURA,PIURA,PIURA,200101,20250528,Camote morado,1.65,3,Tuberculos,SACO GRANDE,KILOGRAMO
20250609,PIURA,PIURA,PIURA,200101,20250523,Chirimoya cumbe,3.75,7.65,Frutas,CAJON CHICO,KILOGRAMO
20250609,PIURA,PIURA,PIURA,200101,20250523,Pina criolla,2,2.65,Frutas,KILOGRAMO,KILOGRAMO
20250609,PIURA,PIURA,PIURA,200101,20250523,Cebolla cabeza roja,1.51,3,Hortalizas,SACO,KILOGRAMO
20250609,PIURA,PIURA,PIURA,200101,20250523,Yuca blanca,1.91,3.75,Tuberculos,KILOGRAMO,KILOGRAMO
20250609,PIURA,PIURA,PIURA,200101,20250523,Pallar,6.55,8.05,Menestras,KILOGRAMO,KILOGRAMO
20250609,PIURA,PIURA,PIURA,200101,20250523,Papa amarilla,2.87,4.4,Tuberculos,SACO GRANDE,KILOGRAMO
20250609,PIURA,PIURA,PIURA,200101,20250523,Melocoton durazno huayco,5.2,10.4,Frutas,KILOGRAMO,KILOGRAMO
20250609,PIURA,PIURA,PIURA,200101,20250523,Sandia,1.75,2.37,Frutas,KILOGRAMO,KILOGRAMO
20250609,PIURA,PIURA,PIURA,200101,20250523,Aceite clasico botella 900 ml,9.03,10.65,Agro-industriales,CAJA CHICA,LITRO
20250609,PIURA,PIURA,PIURA,200101,20250523,Huevos rosados,6.58,10.35,Carnes y huevos,KILOGRAMO,KILOGRAMO
20250609,PIURA,PIURA,PIURA,200101,20250523,Ajo criollo o napuri,8.41,14.4,Hortalizas,MALLA MEDIANA,KILOGRAMO
20250609,PIURA,PIURA,PIURA,200101,20250523,Frijol castilla,4.11,5.5,Menestras,KILOGRAMO,KILOGRAMO
20250609,PIURA,PIURA,PIURA,200101,20250523,Arroz superior,2.94,4.05,Cereales,SACO NORMAL,KILOGRAMO
20250609,PIURA,PIURA,PIURA,200101,20250523,Carne de pollo (eviscerado),9.05,10.15,Carnes y huevos,KILOGRAMO,KILOGRAMO
20250609,PIURA,PIURA,PIURA,200101,20250523,Platano seda congo,1.89,4.2,Frutas,KILOGRAMO,KILOGRAMO
20250609,PIURA,PIURA,PIURA,200101,20250523,Choclo (tipo cusco),6.06,8.45,Cereales,CIENTO,UNIDAD
20250609,PIURA,PIURA,PIURA,200101,20250523,Melon coquito,3.08,3.45,Frutas,KILOGRAMO,KILOGRAMO
20250609,PIURA,PIURA,PIURA,200101,20250523,Zanahoria,1.92,3.65,Hortalizas,SACO MEDIANO,KILOGRAMO
20250609,PIURA,PIURA,PIURA,200101,20250523,Palta fuerte,4.9,6.15,Frutas,KILOGRAMO,KILOGRAMO
20250609,PIURA,PIURA,PIURA,200101,20250523,Tomate,2.18,4.5,Hortalizas,KILOGRAMO,KILOGRAMO
20250609,PIURA,PIURA,PIURA,200101,20250523,Papa canchan,1.21,2.5,Tuberculos,SACO GRANDE,KILOGRAMO
20250609,PIURA,PIURA,PIURA,200101,20250523,Lenteja,5.15,7.7,Menestras,KILOGRAMO,KILOGRAMO
20250609,PIURA,PIURA,PIURA,200101,20250523,Naranja valencia,2.74,3.85,Frutas,KILOGRAMO,KILOGRAMO
20250609,PIURA,PIURA,PIURA,200101,20250523,Azucar blanca nacional (granel),4.04,4.7,Agro-industriales,SACO NORMAL,KILOGRAMO
20250609,PIURA,PIURA,PIURA,200101,20250523,Uva red globe,5,7.45,Frutas,KILOGRAMO,KILOGRAMO
20250609,PIURA,PIURA,PIURA,200101,20250523,Carne fresca de vacuno,17.5,20.5,Carnes y huevos,KILOGRAMO,KILOGRAMO
20250609,PIURA,PIURA,PIURA,200101,20250523,Zapallo macre,1.83,3.05,Hortalizas,KILOGRAMO,KILOGRAMO
20250609,PIURA,PIURA,PIURA,200101,20250523,Aji escabeche,3.13,3.75,Hortalizas,KILOGRAMO,MALLA
20250609,PIURA,PIURA,PIURA,200101,20250523,Arveja verde blanca serrana,5.28,7.45,Legumbres,MALLA MEDIANA,KILOGRAMO
20250609,PIURA,PIURA,PIURA,200101,20250523,Manzana delicia,2.2,3.45,Frutas,KILOGRAMO,KILOGRAMO
20250609,PIURA,PIURA,PIURA,200101,20250523,Leche fresca,3.45,4.6,Agro-industriales,LITRO,LITRO
20250609,PIURA,PIURA,PIURA,200101,20250523,Garbanzo,5.75,9.15,Menestras,KILOGRAMO,KILOGRAMO
20250609,PIURA,PIURA,PIURA,200101,20250523,Fideos nicolini tallarin,4.35,6.47,Agro-industriales,PAQUETE,KILOGRAMO
20250609,PIURA,PIURA,PIURA,200101,20250523,Carne de porcino (corte unico),13.95,18.7,Carnes y huevos,UNIDAD,KILOGRAMO
20250609,PIURA,PIURA,PIURA,200101,20250523,Uva alfonso lavalett,3.96,5.7,Frutas,KILOGRAMO,KILOGRAMO
20250609,PIURA,PIURA,PIURA,200101,20250523,Uva italia,3.58,7.4,Frutas,KILOGRAMO,KILOGRAMO
20250609,PIURA,PIURA,PIURA,200101,20250523,Haba verde serrana,2.35,3.75,Legumbres,KILOGRAMO,KILOGRAMO
20250609,PIURA,PIURA,PIURA,200101,20250523,Azucar rubia nacional (granel),3.5,4.05,Agro-industriales,SACO NORMAL,KILOGRAMO
20250609,PIURA,PIURA,PIURA,200101,20250523,Frijol canario,3.94,6.35,Menestras,KILOGRAMO,KILOGRAMO
20250609,PIURA,PIURA,PIURA,200101,20250523,Papaya,1.93,3.35,Frutas,KILOGRAMO,KILOGRAMO
20250609,PIURA,PIURA,PIURA,200101,20250523,Aji rocoto,4.7,6,Hortalizas,KILOGRAMO,KILOGRAMO
20250609,PIURA,PIURA,PIURA,200101,20250523,Limon sutil bolsa,1.93,2.65,Frutas,KILOGRAMO,KILOGRAMO
20250609,PIURA,PIURA,PIURA,200101,20250523,Olluco largo,3.1,4,Tuberculos,KILOGRAMO,KILOGRAMO
20250609,PIURA,PIURA,PIURA,200101,20250523,Camote morado,1.68,3,Tuberculos,SACO GRANDE,KILOGRAMO
20250609,PIURA,PIURA,PIURA,200101,20250523,Platano bellaco,1.89,3.05,Frutas,LITRO,LITRO
20250609,PIURA,PIURA,PIURA,200101,20250523,Arroz extra,3.67,4.55,Cereales,SACO NORMAL,KILOGRAMO
20250609,PIURA,PIURA,PIURA,200101,20250523,Leche reconstituida (azul) 395 gr,3.53,4.4,Agro-industriales,CAJA,LATA
20250609,PIURA,PIURA,PIURA,200101,20250523,Vainita americana,3.66,5.4,Legumbres,KILOGRAMO,KILOGRAMO
20250609,PIURA,PIURA,PIURA,200101,20250523,Manzana israel,2.63,4.5,Frutas,KILOGRAMO,KILOGRAMO
20250609,PIURA,PIURA,PIURA,200101,20250521,Yuca blanca,1.91,3.65,Tuberculos,KILOGRAMO,KILOGRAMO
20250609,PIURA,PIURA,PIURA,200101,20250521,Pallar,6.45,8.05,Menestras,KILOGRAMO,KILOGRAMO
20250609,PIURA,PIURA,PIURA,200101,20250521,Papa amarilla,2.86,4.4,Tuberculos,SACO GRANDE,KILOGRAMO
20250609,PIURA,PIURA,PIURA,200101,20250521,Melocoton durazno huayco,5.18,10.4,Frutas,KILOGRAMO,KILOGRAMO
20250609,PIURA,PIURA,PIURA,200101,20250521,Sandia,1.75,2.37,Frutas,KILOGRAMO,KILOGRAMO
20250609,PIURA,PIURA,PIURA,200101,20250521,Aceite clasico botella 900 ml,9.03,10.7,Agro-industriales,CAJA CHICA,LITRO
20250609,PIURA,PIURA,PIURA,200101,20250521,Huevos rosados,6.58,10.35,Carnes y huevos,KILOGRAMO,KILOGRAMO
20250609,PIURA,PIURA,PIURA,200101,20250521,Ajo criollo o napuri,8.41,14.35,Hortalizas,MALLA MEDIANA,KILOGRAMO
20250609,PIURA,PIURA,PIURA,200101,20250521,Frijol castilla,4.13,5.5,Menestras,KILOGRAMO,KILOGRAMO
20250609,PIURA,PIURA,PIURA,200101,20250521,Arroz superior,2.93,4.05,Cereales,SACO NORMAL,KILOGRAMO
20250609,PIURA,PIURA,PIURA,200101,20250521,Carne de pollo (eviscerado),8.95,10.15,Carnes y huevos,KILOGRAMO,KILOGRAMO
20250609,PIURA,PIURA,PIURA,200101,20250521,Platano seda congo,1.96,4.2,Frutas,KILOGRAMO,KILOGRAMO
20250609,PIURA,PIURA,PIURA,200101,20250521,Choclo (tipo cusco),6.06,8.45,Cereales,CIENTO,UNIDAD
20250609,PIURA,PIURA,PIURA,200101,20250521,Melon coquito,3.08,3.45,Frutas,KILOGRAMO,KILOGRAMO
20250609,PIURA,PIURA,PIURA,200101,20250521,Zanahoria,1.89,3.65,Hortalizas,SACO MEDIANO,KILOGRAMO
20250609,PIURA,PIURA,PIURA,200101,20250521,Palta fuerte,4.9,6.15,Frutas,KILOGRAMO,KILOGRAMO
20250609,PIURA,PIURA,PIURA,200101,20250521,Tomate,2.18,4.45,Hortalizas,KILOGRAMO,KILOGRAMO
20250609,PIURA,PIURA,PIURA,200101,20250521,Papa canchan,1.2,2.49,Tuberculos,SACO GRANDE,KILOGRAMO
20250609,PIURA,PIURA,PIURA,200101,20250521,Lenteja,5.15,7.7,Menestras,KILOGRAMO,KILOGRAMO
20250609,PIURA,PIURA,PIURA,200101,20250521,Naranja valencia,2.65,3.85,Frutas,KILOGRAMO,KILOGRAMO
20250609,PIURA,PIURA,PIURA,200101,20250521,Uva red globe,4.96,7.45,Frutas,KILOGRAMO,KILOGRAMO
20250609,PIURA,PIURA,PIURA,200101,20250521,Carne fresca de vacuno,17.5,20.5,Carnes y huevos,KILOGRAMO,KILOGRAMO
20250609,PIURA,PIURA,PIURA,200101,20250521,Zapallo macre,1.83,3.05,Hortalizas,KILOGRAMO,KILOGRAMO
20250609,PIURA,PIURA,PIURA,200101,20250521,Aji escabeche,3.15,3.75,Hortalizas,KILOGRAMO,MALLA
20250609,PIURA,PIURA,PIURA,200101,20250521,Arveja verde blanca serrana,5.23,7.45,Legumbres,MALLA MEDIANA,KILOGRAMO
20250609,PIURA,PIURA,PIURA,200101,20250521,Manzana delicia,2.2,3.45,Frutas,KILOGRAMO,KILOGRAMO
20250609,PIURA,PIURA,PIURA,200101,20250521,Leche fresca,3.45,4.6,Agro-industriales,LITRO,LITRO
20250609,PIURA,PIURA,PIURA,200101,20250521,Garbanzo,5.75,9.15,Menestras,KILOGRAMO,KILOGRAMO
20250609,PIURA,PIURA,PIURA,200101,20250521,Azucar blanca nacional (granel),4.07,4.7,Agro-industriales,SACO NORMAL,KILOGRAMO
20250609,PIURA,PIURA,PIURA,200101,20250521,Fideos nicolini tallarin,4.35,6.47,Agro-industriales,PAQUETE,KILOGRAMO
20250609,PIURA,PIURA,PIURA,200101,20250521,Carne de porcino (corte unico),13.9,18.7,Carnes y huevos,UNIDAD,KILOGRAMO
20250609,PIURA,PIURA,PIURA,200101,20250521,Uva alfonso lavalett,3.96,5.7,Frutas,KILOGRAMO,KILOGRAMO
20250609,PIURA,PIURA,PIURA,200101,20250521,Uva italia,3.58,7.55,Frutas,KILOGRAMO,KILOGRAMO
20250609,PIURA,PIURA,PIURA,200101,20250521,Haba verde serrana,2.34,3.75,Legumbres,KILOGRAMO,KILOGRAMO
20250609,PIURA,PIURA,PIURA,200101,20250521,Azucar rubia nacional (granel),3.5,4,Agro-industriales,SACO NORMAL,KILOGRAMO
20250609,PIURA,PIURA,PIURA,200101,20250521,Frijol canario,3.94,6.25,Menestras,KILOGRAMO,KILOGRAMO
20250609,PIURA,PIURA,PIURA,200101,20250521,Papaya,1.93,3.35,Frutas,KILOGRAMO,KILOGRAMO
20250609,PIURA,PIURA,PIURA,200101,20250521,Aji rocoto,4.7,6,Hortalizas,KILOGRAMO,KILOGRAMO
20250609,PIURA,PIURA,PIURA,200101,20250521,Limon sutil bolsa,1.91,2.65,Frutas,KILOGRAMO,KILOGRAMO
20250609,PIURA,PIURA,PIURA,200101,20250521,Olluco largo,3.1,3.95,Tuberculos,KILOGRAMO,KILOGRAMO
20250609,PIURA,PIURA,PIURA,200101,20250521,Camote morado,1.71,2.75,Tuberculos,SACO GRANDE,KILOGRAMO
20250609,PIURA,PIURA,PIURA,200101,20250521,Platano bellaco,1.89,3.05,Frutas,LITRO,LITRO
20250609,PIURA,PIURA,PIURA,200101,20250521,Arroz extra,3.67,4.55,Cereales,SACO NORMAL,KILOGRAMO
20250609,PIURA,PIURA,PIURA,200101,20250521,Leche reconstituida (azul) 395 gr,3.52,4.4,Agro-industriales,CAJA,LATA
20250609,PIURA,PIURA,PIURA,200101,20250521,Pina criolla,2,2.7,Frutas,KILOGRAMO,KILOGRAMO
20250609,PIURA,PIURA,PIURA,200101,20250521,Vainita americana,3.65,5.4,Legumbres,KILOGRAMO,KILOGRAMO
20250609,PIURA,PIURA,PIURA,200101,20250521,Manzana israel,2.58,4.5,Frutas,KILOGRAMO,KILOGRAMO
20250609,PIURA,PIURA,PIURA,200101,20250521,Chirimoya cumbe,3.75,7.65,Frutas,CAJON CHICO,KILOGRAMO
20250609,PIURA,PIURA,PIURA,200101,20250521,Cebolla cabeza roja,1.47,3,Hortalizas,SACO,KILOGRAMO
20250609,PIURA,PIURA,PIURA,200101,20250519,Choclo (tipo cusco),6.14,8.45,Cereales,CIENTO,UNIDAD
20250609,PIURA,PIURA,PIURA,200101,20250519,Melon coquito,3.08,3.45,Frutas,KILOGRAMO,KILOGRAMO
20250609,PIURA,PIURA,PIURA,200101,20250519,Zanahoria,1.86,3.65,Hortalizas,SACO MEDIANO,KILOGRAMO
20250609,PIURA,PIURA,PIURA,200101,20250519,Palta fuerte,4.9,6.15,Frutas,KILOGRAMO,KILOGRAMO
20250609,PIURA,PIURA,PIURA,200101,20250519,Tomate,2.18,4.45,Hortalizas,KILOGRAMO,KILOGRAMO
20250609,PIURA,PIURA,PIURA,200101,20250519,Papa canchan,1.22,2.45,Tuberculos,SACO GRANDE,KILOGRAMO
20250609,PIURA,PIURA,PIURA,200101,20250519,Lenteja,5.15,7.7,Menestras,KILOGRAMO,KILOGRAMO
20250609,PIURA,PIURA,PIURA,200101,20250519,Naranja valencia,2.65,3.7,Frutas,KILOGRAMO,KILOGRAMO
20250609,PIURA,PIURA,PIURA,200101,20250519,Uva red globe,5.04,7.45,Frutas,KILOGRAMO,KILOGRAMO
20250609,PIURA,PIURA,PIURA,200101,20250519,Carne fresca de vacuno,19.5,20,Carnes y huevos,KILOGRAMO,KILOGRAMO
20250609,PIURA,PIURA,PIURA,200101,20250519,Zapallo macre,1.83,3.05,Hortalizas,KILOGRAMO,KILOGRAMO
20250609,PIURA,PIURA,PIURA,200101,20250519,Aji escabeche,3.15,3.85,Hortalizas,KILOGRAMO,MALLA
20250609,PIURA,PIURA,PIURA,200101,20250519,Arveja verde blanca serrana,5.23,7.45,Legumbres,MALLA MEDIANA,KILOGRAMO
20250609,PIURA,PIURA,PIURA,200101,20250519,Manzana delicia,2.2,3.45,Frutas,KILOGRAMO,KILOGRAMO
20250609,PIURA,PIURA,PIURA,200101,20250519,Leche fresca,3.45,4.6,Agro-industriales,LITRO,LITRO
20250609,PIURA,PIURA,PIURA,200101,20250519,Garbanzo,5.91,9.15,Menestras,KILOGRAMO,KILOGRAMO
20250609,PIURA,PIURA,PIURA,200101,20250519,Azucar blanca nacional (granel),4.07,4.7,Agro-industriales,SACO NORMAL,KILOGRAMO
20250609,PIURA,PIURA,PIURA,200101,20250519,Fideos nicolini tallarin,4.3,6.45,Agro-industriales,PAQUETE,KILOGRAMO
20250609,PIURA,PIURA,PIURA,200101,20250519,Carne de porcino (corte unico),13.75,18.7,Carnes y huevos,UNIDAD,KILOGRAMO
20250609,PIURA,PIURA,PIURA,200101,20250519,Uva alfonso lavalett,3.96,5.7,Frutas,KILOGRAMO,KILOGRAMO
20250609,PIURA,PIURA,PIURA,200101,20250519,Uva italia,3.58,7.55,Frutas,KILOGRAMO,KILOGRAMO
20250609,PIURA,PIURA,PIURA,200101,20250519,Haba verde serrana,2.35,3.75,Legumbres,KILOGRAMO,KILOGRAMO
20250609,PIURA,PIURA,PIURA,200101,20250519,Azucar rubia nacional (granel),3.5,4,Agro-industriales,SACO NORMAL,KILOGRAMO
20250609,PIURA,PIURA,PIURA,200101,20250519,Frijol canario,3.96,6.25,Menestras,KILOGRAMO,KILOGRAMO
20250609,PIURA,PIURA,PIURA,200101,20250519,Papaya,1.95,3.35,Frutas,KILOGRAMO,KILOGRAMO
20250609,PIURA,PIURA,PIURA,200101,20250519,Aji rocoto,4.7,6,Hortalizas,KILOGRAMO,KILOGRAMO
20250609,PIURA,PIURA,PIURA,200101,20250519,Limon sutil bolsa,1.93,2.55,Frutas,KILOGRAMO,KILOGRAMO
20250609,PIURA,PIURA,PIURA,200101,20250519,Olluco largo,3.1,4,Tuberculos,KILOGRAMO,KILOGRAMO
20250609,PIURA,PIURA,PIURA,200101,20250519,Camote morado,1.71,2.75,Tuberculos,SACO GRANDE,KILOGRAMO
20250609,PIURA,PIURA,PIURA,200101,20250519,Platano bellaco,1.89,3.05,Frutas,LITRO,LITRO
20250609,PIURA,PIURA,PIURA,200101,20250519,Arroz extra,3.67,4.55,Cereales,SACO NORMAL,KILOGRAMO
20250609,PIURA,PIURA,PIURA,200101,20250519,Leche reconstituida (azul) 395 gr,3.5,4.4,Agro-industriales,CAJA,LATA
20250609,PIURA,PIURA,PIURA,200101,20250519,Pina criolla,2,2.7,Frutas,KILOGRAMO,KILOGRAMO
20250609,PIURA,PIURA,PIURA,200101,20250519,Vainita americana,3.65,5.4,Legumbres,KILOGRAMO,KILOGRAMO
20250609,PIURA,PIURA,PIURA,200101,20250519,Manzana israel,2.7,4.45,Frutas,KILOGRAMO,KILOGRAMO
20250609,PIURA,PIURA,PIURA,200101,20250519,Chirimoya cumbe,3.75,7.65,Frutas,CAJON CHICO,KILOGRAMO
20250609,PIURA,PIURA,PIURA,200101,20250519,Cebolla cabeza roja,1.47,3,Hortalizas,SACO,KILOGRAMO
20250609,PIURA,PIURA,PIURA,200101,20250519,Yuca blanca,1.91,3.65,Tuberculos,KILOGRAMO,KILOGRAMO
20250609,PIURA,PIURA,PIURA,200101,20250519,Pallar,6.45,8.05,Menestras,KILOGRAMO,KILOGRAMO
20250609,PIURA,PIURA,PIURA,200101,20250519,Papa amarilla,2.85,4.4,Tuberculos,SACO GRANDE,KILOGRAMO
20250609,PIURA,PIURA,PIURA,200101,20250519,Melocoton durazno huayco,5.2,10.4,Frutas,KILOGRAMO,KILOGRAMO
20250609,PIURA,PIURA,PIURA,200101,20250519,Sandia,1.75,2.37,Frutas,KILOGRAMO,KILOGRAMO
20250609,PIURA,PIURA,PIURA,200101,20250519,Aceite clasico botella 900 ml,9.03,10.7,Agro-industriales,CAJA CHICA,LITRO
20250609,PIURA,PIURA,PIURA,200101,20250519,Huevos rosados,6.58,10.35,Carnes y huevos,KILOGRAMO,KILOGRAMO
20250609,PIURA,PIURA,PIURA,200101,20250519,Ajo criollo o napuri,8.4,14.35,Hortalizas,MALLA MEDIANA,KILOGRAMO
20250609,PIURA,PIURA,PIURA,200101,20250519,Frijol castilla,4.13,5.5,Menestras,KILOGRAMO,KILOGRAMO
20250609,PIURA,PIURA,PIURA,200101,20250519,Arroz superior,2.93,3.9,Cereales,SACO NORMAL,KILOGRAMO
20250609,PIURA,PIURA,PIURA,200101,20250519,Carne de pollo (eviscerado),8.95,10.15,Carnes y huevos,KILOGRAMO,KILOGRAMO
20250609,PIURA,PIURA,PIURA,200101,20250519,Platano seda congo,1.89,4.2,Frutas,KILOGRAMO,KILOGRAMO
20250609,PIURA,PIURA,PIURA,200101,20250514,Palta fuerte,5,6.15,Frutas,KILOGRAMO,KILOGRAMO
20250609,PIURA,PIURA,PIURA,200101,20250514,Tomate,2.18,4.8,Hortalizas,KILOGRAMO,KILOGRAMO
20250609,PIURA,PIURA,PIURA,200101,20250514,Papa canchan,1.21,2.45,Tuberculos,SACO GRANDE,KILOGRAMO
20250609,PIURA,PIURA,PIURA,200101,20250514,Lenteja,5.15,7.7,Menestras,KILOGRAMO,KILOGRAMO
20250609,PIURA,PIURA,PIURA,200101,20250514,Naranja valencia,2.65,3.7,Frutas,KILOGRAMO,KILOGRAMO
20250609,PIURA,PIURA,PIURA,200101,20250514,Carne fresca de vacuno,18.5,19.5,Carnes y huevos,KILOGRAMO,KILOGRAMO
20250609,PIURA,PIURA,PIURA,200101,20250514,Zapallo macre,1.83,3.05,Hortalizas,KILOGRAMO,KILOGRAMO
20250609,PIURA,PIURA,PIURA,200101,20250514,Aji escabeche,3.13,3.85,Hortalizas,KILOGRAMO,MALLA
20250609,PIURA,PIURA,PIURA,200101,20250514,Arveja verde blanca serrana,5.22,7.45,Legumbres,MALLA MEDIANA,KILOGRAMO
20250609,PIURA,PIURA,PIURA,200101,20250514,Manzana delicia,2.2,3.45,Frutas,KILOGRAMO,KILOGRAMO
20250609,PIURA,PIURA,PIURA,200101,20250514,Leche fresca,3.45,4.6,Agro-industriales,LITRO,LITRO
20250609,PIURA,PIURA,PIURA,200101,20250514,Garbanzo,5.91,9.15,Menestras,KILOGRAMO,KILOGRAMO
20250609,PIURA,PIURA,PIURA,200101,20250514,Azucar blanca nacional (granel),4.07,4.7,Agro-industriales,SACO NORMAL,KILOGRAMO
20250609,PIURA,PIURA,PIURA,200101,20250514,Uva red globe,5.04,7.45,Frutas,KILOGRAMO,KILOGRAMO
20250609,PIURA,PIURA,PIURA,200101,20250514,Fideos nicolini tallarin,4.3,6.45,Agro-industriales,PAQUETE,KILOGRAMO
20250609,PIURA,PIURA,PIURA,200101,20250514,Carne de porcino (corte unico),13.55,18.65,Carnes y huevos,UNIDAD,KILOGRAMO
20250609,PIURA,PIURA,PIURA,200101,20250514,Uva alfonso lavalett,3.96,5.5,Frutas,KILOGRAMO,KILOGRAMO
20250609,PIURA,PIURA,PIURA,200101,20250514,Uva italia,3.58,7.55,Frutas,KILOGRAMO,KILOGRAMO
20250609,PIURA,PIURA,PIURA,200101,20250514,Haba verde serrana,2.35,3.75,Legumbres,KILOGRAMO,KILOGRAMO
20250609,PIURA,PIURA,PIURA,200101,20250514,Azucar rubia nacional (granel),3.48,4.05,Agro-industriales,SACO NORMAL,KILOGRAMO
20250609,PIURA,PIURA,PIURA,200101,20250514,Frijol canario,3.95,6.25,Menestras,KILOGRAMO,KILOGRAMO
20250609,PIURA,PIURA,PIURA,200101,20250514,Papaya,1.95,3.35,Frutas,KILOGRAMO,KILOGRAMO
20250609,PIURA,PIURA,PIURA,200101,20250514,Aji rocoto,4.7,6,Hortalizas,KILOGRAMO,KILOGRAMO
20250609,PIURA,PIURA,PIURA,200101,20250514,Limon sutil bolsa,1.93,2.5,Frutas,KILOGRAMO,KILOGRAMO
20250609,PIURA,PIURA,PIURA,200101,20250514,Olluco largo,3.1,4,Tuberculos,KILOGRAMO,KILOGRAMO
20250609,PIURA,PIURA,PIURA,200101,20250514,Camote morado,1.73,2.75,Tuberculos,SACO GRANDE,KILOGRAMO
20250609,PIURA,PIURA,PIURA,200101,20250514,Platano bellaco,1.89,3,Frutas,LITRO,LITRO
20250609,PIURA,PIURA,PIURA,200101,20250514,Arroz extra,3.65,4.55,Cereales,SACO NORMAL,KILOGRAMO
20250609,PIURA,PIURA,PIURA,200101,20250514,Leche reconstituida (azul) 395 gr,3.48,4.4,Agro-industriales,CAJA,LATA
20250609,PIURA,PIURA,PIURA,200101,20250514,Pina criolla,2,2.7,Frutas,KILOGRAMO,KILOGRAMO
20250609,PIURA,PIURA,PIURA,200101,20250514,Vainita americana,3.65,5.4,Legumbres,KILOGRAMO,KILOGRAMO
20250609,PIURA,PIURA,PIURA,200101,20250514,Manzana israel,2.7,4.45,Frutas,KILOGRAMO,KILOGRAMO
20250609,PIURA,PIURA,PIURA,200101,20250514,Cebolla cabeza roja,1.47,3,Hortalizas,SACO,KILOGRAMO
20250609,PIURA,PIURA,PIURA,200101,20250514,Chirimoya cumbe,3.7,7.65,Frutas,CAJON CHICO,KILOGRAMO
20250609,PIURA,PIURA,PIURA,200101,20250514,Yuca blanca,1.91,3.65,Tuberculos,KILOGRAMO,KILOGRAMO
20250609,PIURA,PIURA,PIURA,200101,20250514,Pallar,6.45,8.05,Menestras,KILOGRAMO,KILOGRAMO
20250609,PIURA,PIURA,PIURA,200101,20250514,Papa amarilla,2.84,4.4,Tuberculos,SACO GRANDE,KILOGRAMO
20250609,PIURA,PIURA,PIURA,200101,20250514,Melocoton durazno huayco,5.18,10.55,Frutas,KILOGRAMO,KILOGRAMO
20250609,PIURA,PIURA,PIURA,200101,20250514,Sandia,1.75,2.37,Frutas,KILOGRAMO,KILOGRAMO
20250609,PIURA,PIURA,PIURA,200101,20250514,Aceite clasico botella 900 ml,8.94,10.7,Agro-industriales,CAJA CHICA,LITRO
20250609,PIURA,PIURA,PIURA,200101,20250514,Huevos rosados,6.54,10.35,Carnes y huevos,KILOGRAMO,KILOGRAMO
20250609,PIURA,PIURA,PIURA,200101,20250514,Ajo criollo o napuri,8.4,14.35,Hortalizas,MALLA MEDIANA,KILOGRAMO
20250609,PIURA,PIURA,PIURA,200101,20250514,Frijol castilla,4.13,5.4,Menestras,KILOGRAMO,KILOGRAMO
20250609,PIURA,PIURA,PIURA,200101,20250514,Arroz superior,2.93,3.9,Cereales,SACO NORMAL,KILOGRAMO
20250609,PIURA,PIURA,PIURA,200101,20250514,Carne de pollo (eviscerado),8.85,10.15,Carnes y huevos,KILOGRAMO,KILOGRAMO
20250609,PIURA,PIURA,PIURA,200101,20250514,Platano seda congo,1.89,4.2,Frutas,KILOGRAMO,KILOGRAMO
20250609,PIURA,PIURA,PIURA,200101,20250514,Choclo (tipo cusco),6.14,8.45,Cereales,CIENTO,UNIDAD
20250609,PIURA,PIURA,PIURA,200101,20250514,Melon coquito,3.08,3.45,Frutas,KILOGRAMO,KILOGRAMO
20250609,PIURA,PIURA,PIURA,200101,20250514,Zanahoria,1.82,3.65,Hortalizas,SACO MEDIANO,KILOGRAMO
20250609,PIURA,PIURA,PIURA,200101,20250512,Carne fresca de vacuno,13.25,19.5,Carnes y huevos,KILOGRAMO,KILOGRAMO
20250609,PIURA,PIURA,PIURA,200101,20250512,Zapallo macre,1.83,3.05,Hortalizas,KILOGRAMO,KILOGRAMO
20250609,PIURA,PIURA,PIURA,200101,20250512,Aji escabeche,3.08,3.85,Hortalizas,KILOGRAMO,MALLA
20250609,PIURA,PIURA,PIURA,200101,20250512,Arveja verde blanca serrana,5.18,7.45,Legumbres,MALLA MEDIANA,KILOGRAMO
20250609,PIURA,PIURA,PIURA,200101,20250512,Manzana delicia,2.2,3.45,Frutas,KILOGRAMO,KILOGRAMO
20250609,PIURA,PIURA,PIURA,200101,20250512,Leche fresca,3.45,4.6,Agro-industriales,LITRO,LITRO
20250609,PIURA,PIURA,PIURA,200101,20250512,Garbanzo,5.91,9.15,Menestras,KILOGRAMO,KILOGRAMO
20250609,PIURA,PIURA,PIURA,200101,20250512,Azucar blanca nacional (granel),4.06,4.7,Agro-industriales,SACO NORMAL,KILOGRAMO
20250609,PIURA,PIURA,PIURA,200101,20250512,Uva red globe,5.04,7.45,Frutas,KILOGRAMO,KILOGRAMO
20250609,PIURA,PIURA,PIURA,200101,20250512,Fideos nicolini tallarin,4.3,6.45,Agro-industriales,PAQUETE,KILOGRAMO
20250609,PIURA,PIURA,PIURA,200101,20250512,Carne de porcino (corte unico),13.5,18.65,Carnes y huevos,UNIDAD,KILOGRAMO
20250609,PIURA,PIURA,PIURA,200101,20250512,Uva alfonso lavalett,3.83,5.5,Frutas,KILOGRAMO,KILOGRAMO
20250609,PIURA,PIURA,PIURA,200101,20250512,Uva italia,3.58,7.55,Frutas,KILOGRAMO,KILOGRAMO
20250609,PIURA,PIURA,PIURA,200101,20250512,Haba verde serrana,2.3,3.75,Legumbres,KILOGRAMO,KILOGRAMO
20250609,PIURA,PIURA,PIURA,200101,20250512,Azucar rubia nacional (granel),3.48,4.05,Agro-industriales,SACO NORMAL,KILOGRAMO
20250609,PIURA,PIURA,PIURA,200101,20250512,Frijol canario,3.93,6.25,Menestras,KILOGRAMO,KILOGRAMO
20250609,PIURA,PIURA,PIURA,200101,20250512,Papaya,1.93,3.35,Frutas,KILOGRAMO,KILOGRAMO
20250609,PIURA,PIURA,PIURA,200101,20250512,Aji rocoto,4.55,6,Hortalizas,KILOGRAMO,KILOGRAMO
20250609,PIURA,PIURA,PIURA,200101,20250512,Limon sutil bolsa,1.86,2.5,Frutas,KILOGRAMO,KILOGRAMO
20250609,PIURA,PIURA,PIURA,200101,20250512,Olluco largo,3.1,4,Tuberculos,KILOGRAMO,KILOGRAMO
20250609,PIURA,PIURA,PIURA,200101,20250512,Camote morado,1.65,2.75,Tuberculos,SACO GRANDE,KILOGRAMO
20250609,PIURA,PIURA,PIURA,200101,20250512,Platano bellaco,1.75,3,Frutas,LITRO,LITRO
20250609,PIURA,PIURA,PIURA,200101,20250512,Arroz extra,3.62,4.55,Cereales,SACO NORMAL,KILOGRAMO
20250609,PIURA,PIURA,PIURA,200101,20250512,Leche reconstituida (azul) 395 gr,3.48,4.4,Agro-industriales,CAJA,LATA
20250609,PIURA,PIURA,PIURA,200101,20250512,Pina criolla,2,2.7,Frutas,KILOGRAMO,KILOGRAMO
20250609,PIURA,PIURA,PIURA,200101,20250512,Vainita americana,3.65,5.4,Legumbres,KILOGRAMO,KILOGRAMO
20250609,PIURA,PIURA,PIURA,200101,20250512,Manzana israel,2.63,4.45,Frutas,KILOGRAMO,KILOGRAMO
20250609,PIURA,PIURA,PIURA,200101,20250512,Cebolla cabeza roja,1.47,3,Hortalizas,SACO,KILOGRAMO
20250609,PIURA,PIURA,PIURA,200101,20250512,Chirimoya cumbe,3.7,7.65,Frutas,CAJON CHICO,KILOGRAMO
20250609,PIURA,PIURA,PIURA,200101,20250512,Pallar,6.45,8.05,Menestras,KILOGRAMO,KILOGRAMO
20250609,PIURA,PIURA,PIURA,200101,20250512,Papa amarilla,2.87,4.4,Tuberculos,SACO GRANDE,KILOGRAMO
20250609,PIURA,PIURA,PIURA,200101,20250512,Melocoton durazno huayco,5.18,10.55,Frutas,KILOGRAMO,KILOGRAMO
20250609,PIURA,PIURA,PIURA,200101,20250512,Sandia,1.75,2.37,Frutas,KILOGRAMO,KILOGRAMO
20250609,PIURA,PIURA,PIURA,200101,20250512,Aceite clasico botella 900 ml,8.84,10.7,Agro-industriales,CAJA CHICA,LITRO
20250609,PIURA,PIURA,PIURA,200101,20250512,Huevos rosados,6.52,10.35,Carnes y huevos,KILOGRAMO,KILOGRAMO
20250609,PIURA,PIURA,PIURA,200101,20250512,Ajo criollo o napuri,8.58,14.35,Hortalizas,MALLA MEDIANA,KILOGRAMO
20250609,PIURA,PIURA,PIURA,200101,20250512,Frijol castilla,4.08,5.4,Menestras,KILOGRAMO,KILOGRAMO
20250609,PIURA,PIURA,PIURA,200101,20250512,Arroz superior,2.89,3.9,Cereales,SACO NORMAL,KILOGRAMO
20250609,PIURA,PIURA,PIURA,200101,20250512,Carne de pollo (eviscerado),8.8,10.15,Carnes y huevos,KILOGRAMO,KILOGRAMO
20250609,PIURA,PIURA,PIURA,200101,20250512,Platano seda congo,1.89,4.2,Frutas,KILOGRAMO,KILOGRAMO
20250609,PIURA,PIURA,PIURA,200101,20250512,Yuca blanca,1.91,3.65,Tuberculos,KILOGRAMO,KILOGRAMO
20250609,PIURA,PIURA,PIURA,200101,20250512,Choclo (tipo cusco),6.12,8.45,Cereales,CIENTO,UNIDAD
20250609,PIURA,PIURA,PIURA,200101,20250512,Papa canchan,1.21,2.45,Tuberculos,SACO GRANDE,KILOGRAMO
20250609,PIURA,PIURA,PIURA,200101,20250512,Melon coquito,2.92,3.45,Frutas,KILOGRAMO,KILOGRAMO
20250609,PIURA,PIURA,PIURA,200101,20250512,Zanahoria,1.79,3.65,Hortalizas,SACO MEDIANO,KILOGRAMO
20250609,PIURA,PIURA,PIURA,200101,20250512,Palta fuerte,5.1,6.15,Frutas,KILOGRAMO,KILOGRAMO
20250609,PIURA,PIURA,PIURA,200101,20250512,Tomate,2.11,4.8,Hortalizas,KILOGRAMO,KILOGRAMO
20250609,PIURA,PIURA,PIURA,200101,20250512,Lenteja,5.15,7.7,Menestras,KILOGRAMO,KILOGRAMO
20250609,PIURA,PIURA,PIURA,200101,20250512,Naranja valencia,2.59,3.7,Frutas,KILOGRAMO,KILOGRAMO
20250609,PIURA,PIURA,PIURA,200101,20250509,Fideos nicolini tallarin,4.3,6.45,Agro-industriales,PAQUETE,KILOGRAMO
20250609,PIURA,PIURA,PIURA,200101,20250509,Carne de porcino (corte unico),13.5,18.95,Carnes y huevos,UNIDAD,KILOGRAMO
20250609,PIURA,PIURA,PIURA,200101,20250509,Uva alfonso lavalett,3.79,5.5,Frutas,KILOGRAMO,KILOGRAMO
20250609,PIURA,PIURA,PIURA,200101,20250509,Uva italia,3.58,7.4,Frutas,KILOGRAMO,KILOGRAMO
20250609,PIURA,PIURA,PIURA,200101,20250509,Haba verde serrana,2.31,3.7,Legumbres,KILOGRAMO,KILOGRAMO
20250609,PIURA,PIURA,PIURA,200101,20250509,Azucar rubia nacional (granel),3.46,4.05,Agro-industriales,SACO NORMAL,KILOGRAMO
20250609,PIURA,PIURA,PIURA,200101,20250509,Frijol canario,3.93,6.55,Menestras,KILOGRAMO,KILOGRAMO
20250609,PIURA,PIURA,PIURA,200101,20250509,Papaya,1.93,3.25,Frutas,KILOGRAMO,KILOGRAMO
20250609,PIURA,PIURA,PIURA,200101,20250509,Aji rocoto,4.55,6,Hortalizas,KILOGRAMO,KILOGRAMO
20250609,PIURA,PIURA,PIURA,200101,20250509,Limon sutil bolsa,1.85,2.5,Frutas,KILOGRAMO,KILOGRAMO
20250609,PIURA,PIURA,PIURA,200101,20250509,Olluco largo,3.1,4,Tuberculos,KILOGRAMO,KILOGRAMO
20250609,PIURA,PIURA,PIURA,200101,20250509,Camote morado,1.64,4.2,Tuberculos,SACO GRANDE,KILOGRAMO
20250609,PIURA,PIURA,PIURA,200101,20250509,Platano bellaco,1.71,3,Frutas,LITRO,LITRO
20250609,PIURA,PIURA,PIURA,200101,20250509,Arroz extra,3.62,4.5,Cereales,SACO NORMAL,KILOGRAMO
20250609,PIURA,PIURA,PIURA,200101,20250509,Leche reconstituida (azul) 395 gr,3.46,4.3,Agro-industriales,CAJA,LATA
20250609,PIURA,PIURA,PIURA,200101,20250509,Pina criolla,2.05,2.7,Frutas,KILOGRAMO,KILOGRAMO
20250609,PIURA,PIURA,PIURA,200101,20250509,Vainita americana,3.66,5.4,Legumbres,KILOGRAMO,KILOGRAMO
20250609,PIURA,PIURA,PIURA,200101,20250509,Manzana israel,2.7,4.25,Frutas,KILOGRAMO,KILOGRAMO
20250609,PIURA,PIURA,PIURA,200101,20250509,Cebolla cabeza roja,1.46,3,Hortalizas,SACO,KILOGRAMO
20250609,PIURA,PIURA,PIURA,200101,20250509,Chirimoya cumbe,3.7,7.6,Frutas,CAJON CHICO,KILOGRAMO
20250609,PIURA,PIURA,PIURA,200101,20250509,Pallar,6.45,8.05,Menestras,KILOGRAMO,KILOGRAMO
20250609,PIURA,PIURA,PIURA,200101,20250509,Papa amarilla,2.88,4.65,Tuberculos,SACO GRANDE,KILOGRAMO
20250609,PIURA,PIURA,PIURA,200101,20250509,Melocoton durazno huayco,5.18,10.55,Frutas,KILOGRAMO,KILOGRAMO
20250609,PIURA,PIURA,PIURA,200101,20250509,Sandia,1.75,2.27,Frutas,KILOGRAMO,KILOGRAMO
20250609,PIURA,PIURA,PIURA,200101,20250509,Aceite clasico botella 900 ml,8.84,10.7,Agro-industriales,CAJA CHICA,LITRO
20250609,PIURA,PIURA,PIURA,200101,20250509,Huevos rosados,6.52,10.1,Carnes y huevos,KILOGRAMO,KILOGRAMO
20250609,PIURA,PIURA,PIURA,200101,20250509,Ajo criollo o napuri,8.58,14.25,Hortalizas,MALLA MEDIANA,KILOGRAMO
20250609,PIURA,PIURA,PIURA,200101,20250509,Frijol castilla,4.08,6.25,Menestras,KILOGRAMO,KILOGRAMO
20250609,PIURA,PIURA,PIURA,200101,20250509,Arroz superior,2.89,3.9,Cereales,SACO NORMAL,KILOGRAMO
20250609,PIURA,PIURA,PIURA,200101,20250509,Carne de pollo (eviscerado),8.85,10.45,Carnes y huevos,KILOGRAMO,KILOGRAMO
20250609,PIURA,PIURA,PIURA,200101,20250509,Platano seda congo,1.89,4.2,Frutas,KILOGRAMO,KILOGRAMO
20250609,PIURA,PIURA,PIURA,200101,20250509,Yuca blanca,1.91,3.6,Tuberculos,KILOGRAMO,KILOGRAMO
20250609,PIURA,PIURA,PIURA,200101,20250509,Choclo (tipo cusco),6.12,8.45,Cereales,CIENTO,UNIDAD
20250609,PIURA,PIURA,PIURA,200101,20250509,Papa canchan,1.21,2.35,Tuberculos,SACO GRANDE,KILOGRAMO
20250609,PIURA,PIURA,PIURA,200101,20250509,Melon coquito,2.79,3.45,Frutas,KILOGRAMO,KILOGRAMO
20250609,PIURA,PIURA,PIURA,200101,20250509,Zanahoria,1.79,3.45,Hortalizas,SACO MEDIANO,KILOGRAMO
20250609,PIURA,PIURA,PIURA,200101,20250509,Palta fuerte,5.55,6.05,Frutas,KILOGRAMO,KILOGRAMO
20250609,PIURA,PIURA,PIURA,200101,20250509,Tomate,2.11,4.85,Hortalizas,KILOGRAMO,KILOGRAMO
20250609,PIURA,PIURA,PIURA,200101,20250509,Lenteja,5.15,7.7,Menestras,KILOGRAMO,KILOGRAMO
20250609,PIURA,PIURA,PIURA,200101,20250509,Naranja valencia,2.59,3.65,Frutas,KILOGRAMO,KILOGRAMO
20250609,PIURA,PIURA,PIURA,200101,20250509,Carne fresca de vacuno,13.65,21.5,Carnes y huevos,KILOGRAMO,KILOGRAMO
20250609,PIURA,PIURA,PIURA,200101,20250509,Zapallo macre,1.83,3.05,Hortalizas,KILOGRAMO,KILOGRAMO
20250609,PIURA,PIURA,PIURA,200101,20250509,Aji escabeche,3.09,4,Hortalizas,KILOGRAMO,MALLA
20250609,PIURA,PIURA,PIURA,200101,20250509,Arveja verde blanca serrana,5.18,7.45,Legumbres,MALLA MEDIANA,KILOGRAMO
20250609,PIURA,PIURA,PIURA,200101,20250509,Manzana delicia,2.2,3.45,Frutas,KILOGRAMO,KILOGRAMO
20250609,PIURA,PIURA,PIURA,200101,20250509,Leche fresca,3.4,4.6,Agro-industriales,LITRO,LITRO
20250609,PIURA,PIURA,PIURA,200101,20250509,Garbanzo,5.91,9.15,Menestras,KILOGRAMO,KILOGRAMO
20250609,PIURA,PIURA,PIURA,200101,20250509,Azucar blanca nacional (granel),4.08,4.55,Agro-industriales,SACO NORMAL,KILOGRAMO
20250609,PIURA,PIURA,PIURA,200101,20250509,Uva red globe,5.04,7.45,Frutas,KILOGRAMO,KILOGRAMO
20250609,PIURA,PIURA,PIURA,200101,20250505,Haba verde serrana,2.24,3.7,Legumbres,KILOGRAMO,KILOGRAMO
20250609,PIURA,PIURA,PIURA,200101,20250505,Azucar rubia nacional (granel),3.4,4.05,Agro-industriales,SACO NORMAL,KILOGRAMO
20250609,PIURA,PIURA,PIURA,200101,20250505,Frijol canario,3.93,6.4,Menestras,KILOGRAMO,KILOGRAMO
20250609,PIURA,PIURA,PIURA,200101,20250505,Papaya,1.93,3.05,Frutas,KILOGRAMO,KILOGRAMO
20250609,PIURA,PIURA,PIURA,200101,20250505,Aji rocoto,4.55,6,Hortalizas,KILOGRAMO,KILOGRAMO
20250609,PIURA,PIURA,PIURA,200101,20250505,Limon sutil bolsa,1.8,2.5,Frutas,KILOGRAMO,KILOGRAMO
20250609,PIURA,PIURA,PIURA,200101,20250505,Olluco largo,3.1,4,Tuberculos,KILOGRAMO,KILOGRAMO
20250609,PIURA,PIURA,PIURA,200101,20250505,Camote morado,1.63,4.15,Tuberculos,SACO GRANDE,KILOGRAMO
20250609,PIURA,PIURA,PIURA,200101,20250505,Platano bellaco,1.71,3,Frutas,LITRO,LITRO
20250609,PIURA,PIURA,PIURA,200101,20250505,Arroz extra,3.6,4.35,Cereales,SACO NORMAL,KILOGRAMO
20250609,PIURA,PIURA,PIURA,200101,20250505,Leche reconstituida (azul) 395 gr,3.46,4.35,Agro-industriales,CAJA,LATA
20250609,PIURA,PIURA,PIURA,200101,20250505,Pina criolla,2.05,2.7,Frutas,KILOGRAMO,KILOGRAMO
20250609,PIURA,PIURA,PIURA,200101,20250505,Vainita americana,3.62,5.4,Legumbres,KILOGRAMO,KILOGRAMO
20250609,PIURA,PIURA,PIURA,200101,20250505,Manzana israel,2.63,4.25,Frutas,KILOGRAMO,KILOGRAMO
20250609,PIURA,PIURA,PIURA,200101,20250505,Cebolla cabeza roja,1.46,3,Hortalizas,SACO,KILOGRAMO
20250609,PIURA,PIURA,PIURA,200101,20250505,Chirimoya cumbe,3.45,7.6,Frutas,CAJON CHICO,KILOGRAMO
20250609,PIURA,PIURA,PIURA,200101,20250505,Pallar,6.05,8.05,Menestras,KILOGRAMO,KILOGRAMO
20250609,PIURA,PIURA,PIURA,200101,20250505,Papa amarilla,2.34,4.65,Tuberculos,SACO GRANDE,KILOGRAMO
20250609,PIURA,PIURA,PIURA,200101,20250505,Melocoton durazno huayco,5.18,10.45,Frutas,KILOGRAMO,KILOGRAMO
20250609,PIURA,PIURA,PIURA,200101,20250505,Sandia,1.75,2.27,Frutas,KILOGRAMO,KILOGRAMO
20250609,PIURA,PIURA,PIURA,200101,20250505,Aceite clasico botella 900 ml,8.84,10.65,Agro-industriales,CAJA CHICA,LITRO
20250609,PIURA,PIURA,PIURA,200101,20250505,Huevos rosados,6.52,10.1,Carnes y huevos,KILOGRAMO,KILOGRAMO
20250609,PIURA,PIURA,PIURA,200101,20250505,Ajo criollo o napuri,8.46,14.25,Hortalizas,MALLA MEDIANA,KILOGRAMO
20250609,PIURA,PIURA,PIURA,200101,20250505,Frijol castilla,4.07,6.25,Menestras,KILOGRAMO,KILOGRAMO
20250609,PIURA,PIURA,PIURA,200101,20250505,Arroz superior,2.78,3.9,Cereales,SACO NORMAL,KILOGRAMO
20250609,PIURA,PIURA,PIURA,200101,20250505,Carne de pollo (eviscerado),8.75,10.6,Carnes y huevos,KILOGRAMO,KILOGRAMO
20250609,PIURA,PIURA,PIURA,200101,20250505,Platano seda congo,1.82,4.2,Frutas,KILOGRAMO,KILOGRAMO
20250609,PIURA,PIURA,PIURA,200101,20250505,Yuca blanca,1.89,3.6,Tuberculos,KILOGRAMO,KILOGRAMO
20250609,PIURA,PIURA,PIURA,200101,20250505,Choclo (tipo cusco),6.12,8.45,Cereales,CIENTO,UNIDAD
20250609,PIURA,PIURA,PIURA,200101,20250505,Papa canchan,1.17,2.35,Tuberculos,SACO GRANDE,KILOGRAMO
20250609,PIURA,PIURA,PIURA,200101,20250505,Melon coquito,2.71,3.45,Frutas,KILOGRAMO,KILOGRAMO
20250609,PIURA,PIURA,PIURA,200101,20250505,Zanahoria,1.79,3.45,Hortalizas,SACO MEDIANO,KILOGRAMO
20250609,PIURA,PIURA,PIURA,200101,20250505,Palta fuerte,5.1,6.05,Frutas,KILOGRAMO,KILOGRAMO
20250609,PIURA,PIURA,PIURA,200101,20250505,Tomate,2.11,4.65,Hortalizas,KILOGRAMO,KILOGRAMO
20250609,PIURA,PIURA,PIURA,200101,20250505,Lenteja,5.35,7.7,Menestras,KILOGRAMO,KILOGRAMO
20250609,PIURA,PIURA,PIURA,200101,20250505,Naranja valencia,2.59,3.55,Frutas,KILOGRAMO,KILOGRAMO
20250609,PIURA,PIURA,PIURA,200101,20250505,Carne fresca de vacuno,13.65,21.5,Carnes y huevos,KILOGRAMO,KILOGRAMO
20250609,PIURA,PIURA,PIURA,200101,20250505,Zapallo macre,1.78,3.05,Hortalizas,KILOGRAMO,KILOGRAMO
20250609,PIURA,PIURA,PIURA,200101,20250505,Aji escabeche,3.09,3.8,Hortalizas,KILOGRAMO,MALLA
20250609,PIURA,PIURA,PIURA,200101,20250505,Arveja verde blanca serrana,5.18,7.45,Legumbres,MALLA MEDIANA,KILOGRAMO
20250609,PIURA,PIURA,PIURA,200101,20250505,Manzana delicia,2.2,3.4,Frutas,KILOGRAMO,KILOGRAMO
20250609,PIURA,PIURA,PIURA,200101,20250505,Uva italia,3.58,7.4,Frutas,KILOGRAMO,KILOGRAMO
20250609,PIURA,PIURA,PIURA,200101,20250505,Leche fresca,3.4,4.6,Agro-industriales,LITRO,LITRO
20250609,PIURA,PIURA,PIURA,200101,20250505,Garbanzo,5.91,9.05,Menestras,KILOGRAMO,KILOGRAMO
20250609,PIURA,PIURA,PIURA,200101,20250505,Azucar blanca nacional (granel),4.06,4.4,Agro-industriales,SACO NORMAL,KILOGRAMO
20250609,PIURA,PIURA,PIURA,200101,20250505,Uva red globe,4.96,7.45,Frutas,KILOGRAMO,KILOGRAMO
20250609,PIURA,PIURA,PIURA,200101,20250505,Fideos nicolini tallarin,4.3,6.45,Agro-industriales,PAQUETE,KILOGRAMO
20250609,PIURA,PIURA,PIURA,200101,20250505,Carne de porcino (corte unico),13.5,18.95,Carnes y huevos,UNIDAD,KILOGRAMO
20250609,PIURA,PIURA,PIURA,200101,20250505,Uva alfonso lavalett,3.79,5.5,Frutas,KILOGRAMO,KILOGRAMO
20250509,PIURA,PIURA,PIURA,200101,20250430,Platano bellaco,1.71,3,Frutas,LITRO,LITRO
20250509,PIURA,PIURA,PIURA,200101,20250430,Arroz extra,3.59,4.35,Cereales,SACO NORMAL,KILOGRAMO
20250509,PIURA,PIURA,PIURA,200101,20250430,Leche reconstituida (azul) 395 gr,3.46,4.35,Agro-industriales,CAJA,LATA
20250509,PIURA,PIURA,PIURA,200101,20250430,Pina criolla,2.05,2.7,Frutas,KILOGRAMO,KILOGRAMO
20250509,PIURA,PIURA,PIURA,200101,20250430,Vainita americana,3.62,5.35,Legumbres,KILOGRAMO,KILOGRAMO
20250509,PIURA,PIURA,PIURA,200101,20250430,Manzana israel,2.63,4.25,Frutas,KILOGRAMO,KILOGRAMO
20250509,PIURA,PIURA,PIURA,200101,20250430,Cebolla cabeza roja,1.46,3,Hortalizas,SACO,KILOGRAMO
20250509,PIURA,PIURA,PIURA,200101,20250430,Chirimoya cumbe,3.45,7.6,Frutas,CAJON CHICO,KILOGRAMO
20250509,PIURA,PIURA,PIURA,200101,20250430,Pallar,6.05,8,Menestras,KILOGRAMO,KILOGRAMO
20250509,PIURA,PIURA,PIURA,200101,20250430,Papa amarilla,2.32,4.65,Tuberculos,SACO GRANDE,KILOGRAMO
20250509,PIURA,PIURA,PIURA,200101,20250430,Melocoton durazno huayco,5.18,10.45,Frutas,KILOGRAMO,KILOGRAMO
20250509,PIURA,PIURA,PIURA,200101,20250430,Sandia,1.75,2.27,Frutas,KILOGRAMO,KILOGRAMO
20250509,PIURA,PIURA,PIURA,200101,20250430,Aceite clasico botella 900 ml,8.84,10.65,Agro-industriales,CAJA CHICA,LITRO
20250509,PIURA,PIURA,PIURA,200101,20250430,Huevos rosados,6.52,10.1,Carnes y huevos,KILOGRAMO,KILOGRAMO
20250509,PIURA,PIURA,PIURA,200101,20250430,Ajo criollo o napuri,8.47,14.25,Hortalizas,MALLA MEDIANA,KILOGRAMO
20250509,PIURA,PIURA,PIURA,200101,20250430,Frijol castilla,4.07,6.1,Menestras,KILOGRAMO,KILOGRAMO
20250509,PIURA,PIURA,PIURA,200101,20250430,Arroz superior,2.78,4,Cereales,SACO NORMAL,KILOGRAMO
20250509,PIURA,PIURA,PIURA,200101,20250430,Carne de pollo (eviscerado),8.75,10.35,Carnes y huevos,KILOGRAMO,KILOGRAMO
20250509,PIURA,PIURA,PIURA,200101,20250430,Platano seda congo,1.89,4.2,Frutas,KILOGRAMO,KILOGRAMO
20250509,PIURA,PIURA,PIURA,200101,20250430,Yuca blanca,1.89,3.6,Tuberculos,KILOGRAMO,KILOGRAMO
20250509,PIURA,PIURA,PIURA,200101,20250430,Choclo (tipo cusco),6.12,8.45,Cereales,CIENTO,UNIDAD
20250509,PIURA,PIURA,PIURA,200101,20250430,Papa canchan,1.17,2.35,Tuberculos,SACO GRANDE,KILOGRAMO
20250509,PIURA,PIURA,PIURA,200101,20250430,Melon coquito,2.67,3.45,Frutas,KILOGRAMO,KILOGRAMO
20250509,PIURA,PIURA,PIURA,200101,20250430,Zanahoria,1.79,3.45,Hortalizas,SACO MEDIANO,KILOGRAMO
20250509,PIURA,PIURA,PIURA,200101,20250430,Palta fuerte,5.1,6,Frutas,KILOGRAMO,KILOGRAMO
20250509,PIURA,PIURA,PIURA,200101,20250430,Tomate,2.11,4.6,Hortalizas,KILOGRAMO,KILOGRAMO
20250509,PIURA,PIURA,PIURA,200101,20250430,Lenteja,5.35,7.7,Menestras,KILOGRAMO,KILOGRAMO
20250509,PIURA,PIURA,PIURA,200101,20250430,Naranja valencia,2.59,3.55,Frutas,KILOGRAMO,KILOGRAMO
20250509,PIURA,PIURA,PIURA,200101,20250430,Carne fresca de vacuno,13.65,21.5,Carnes y huevos,KILOGRAMO,KILOGRAMO
20250509,PIURA,PIURA,PIURA,200101,20250430,Zapallo macre,1.78,3,Hortalizas,KILOGRAMO,KILOGRAMO
20250509,PIURA,PIURA,PIURA,200101,20250430,Aji escabeche,3.09,3.85,Hortalizas,KILOGRAMO,MALLA
20250509,PIURA,PIURA,PIURA,200101,20250430,Arveja verde blanca serrana,5.17,7.6,Legumbres,MALLA MEDIANA,KILOGRAMO
20250509,PIURA,PIURA,PIURA,200101,20250430,Manzana delicia,2.18,3.45,Frutas,KILOGRAMO,KILOGRAMO
20250509,PIURA,PIURA,PIURA,200101,20250430,Uva italia,3.58,7.4,Frutas,KILOGRAMO,KILOGRAMO
20250509,PIURA,PIURA,PIURA,200101,20250430,Leche fresca,3.4,4.6,Agro-industriales,LITRO,LITRO
20250509,PIURA,PIURA,PIURA,200101,20250430,Garbanzo,5.91,9.05,Menestras,KILOGRAMO,KILOGRAMO
20250509,PIURA,PIURA,PIURA,200101,20250430,Azucar blanca nacional (granel),4.06,4.4,Agro-industriales,SACO NORMAL,KILOGRAMO
20250509,PIURA,PIURA,PIURA,200101,20250430,Uva red globe,4.96,7.45,Frutas,KILOGRAMO,KILOGRAMO
20250509,PIURA,PIURA,PIURA,200101,20250430,Fideos nicolini tallarin,4.3,6.45,Agro-industriales,PAQUETE,KILOGRAMO
20250509,PIURA,PIURA,PIURA,200101,20250430,Carne de porcino (corte unico),13.5,18.95,Carnes y huevos,UNIDAD,KILOGRAMO
20250509,PIURA,PIURA,PIURA,200101,20250430,Uva alfonso lavalett,3.79,5.5,Frutas,KILOGRAMO,KILOGRAMO
20250509,PIURA,PIURA,PIURA,200101,20250430,Haba verde serrana,2.24,3.7,Legumbres,KILOGRAMO,KILOGRAMO
20250509,PIURA,PIURA,PIURA,200101,20250430,Azucar rubia nacional (granel),3.4,4.05,Agro-industriales,SACO NORMAL,KILOGRAMO
20250509,PIURA,PIURA,PIURA,200101,20250430,Frijol canario,3.92,6.25,Menestras,KILOGRAMO,KILOGRAMO
20250509,PIURA,PIURA,PIURA,200101,20250430,Papaya,1.96,3.05,Frutas,KILOGRAMO,KILOGRAMO
20250509,PIURA,PIURA,PIURA,200101,20250430,Aji rocoto,4.55,6,Hortalizas,KILOGRAMO,KILOGRAMO
20250509,PIURA,PIURA,PIURA,200101,20250430,Limon sutil bolsa,1.8,2.5,Frutas,KILOGRAMO,KILOGRAMO
20250509,PIURA,PIURA,PIURA,200101,20250430,Olluco largo,3.1,4,Tuberculos,KILOGRAMO,KILOGRAMO
20250509,PIURA,PIURA,PIURA,200101,20250430,Camote morado,1.63,4.15,Tuberculos,SACO GRANDE,KILOGRAMO
20250509,PIURA,PIURA,PIURA,200101,20250423,Cebolla cabeza roja,1.47,3,Hortalizas,SACO,KILOGRAMO
20250509,PIURA,PIURA,PIURA,200101,20250423,Chirimoya cumbe,3.45,7.6,Frutas,CAJON CHICO,KILOGRAMO
20250509,PIURA,PIURA,PIURA,200101,20250423,Pallar,6.25,8,Menestras,KILOGRAMO,KILOGRAMO
20250509,PIURA,PIURA,PIURA,200101,20250423,Papa amarilla,2.33,4.35,Tuberculos,SACO GRANDE,KILOGRAMO
20250509,PIURA,PIURA,PIURA,200101,20250423,Melocoton durazno huayco,5.28,10.45,Frutas,KILOGRAMO,KILOGRAMO
20250509,PIURA,PIURA,PIURA,200101,20250423,Sandia,1.75,2.27,Frutas,KILOGRAMO,KILOGRAMO
20250509,PIURA,PIURA,PIURA,200101,20250423,Aceite clasico botella 900 ml,8.84,10.65,Agro-industriales,CAJA CHICA,LITRO
20250509,PIURA,PIURA,PIURA,200101,20250423,Huevos rosados,6.52,10.1,Carnes y huevos,KILOGRAMO,KILOGRAMO
20250509,PIURA,PIURA,PIURA,200101,20250423,Ajo criollo o napuri,8.55,14.35,Hortalizas,MALLA MEDIANA,KILOGRAMO
20250509,PIURA,PIURA,PIURA,200101,20250423,Frijol castilla,4.07,6.1,Menestras,KILOGRAMO,KILOGRAMO
20250509,PIURA,PIURA,PIURA,200101,20250423,Arroz superior,2.8,4,Cereales,SACO NORMAL,KILOGRAMO
20250509,PIURA,PIURA,PIURA,200101,20250423,Carne de pollo (eviscerado),8.6,10.35,Carnes y huevos,KILOGRAMO,KILOGRAMO
20250509,PIURA,PIURA,PIURA,200101,20250423,Platano seda congo,1.82,4.1,Frutas,KILOGRAMO,KILOGRAMO
20250509,PIURA,PIURA,PIURA,200101,20250423,Yuca blanca,1.89,3.6,Tuberculos,KILOGRAMO,KILOGRAMO
20250509,PIURA,PIURA,PIURA,200101,20250423,Choclo (tipo cusco),6.24,8.45,Cereales,CIENTO,UNIDAD
20250509,PIURA,PIURA,PIURA,200101,20250423,Papa canchan,1.17,2.35,Tuberculos,SACO GRANDE,KILOGRAMO
20250509,PIURA,PIURA,PIURA,200101,20250423,Melon coquito,2.67,3.45,Frutas,KILOGRAMO,KILOGRAMO
20250509,PIURA,PIURA,PIURA,200101,20250423,Zanahoria,1.79,3.55,Hortalizas,SACO MEDIANO,KILOGRAMO
20250509,PIURA,PIURA,PIURA,200101,20250423,Palta fuerte,5.6,6,Frutas,KILOGRAMO,KILOGRAMO
20250509,PIURA,PIURA,PIURA,200101,20250423,Tomate,2.11,4.6,Hortalizas,KILOGRAMO,KILOGRAMO
20250509,PIURA,PIURA,PIURA,200101,20250423,Lenteja,5.35,7.7,Menestras,KILOGRAMO,KILOGRAMO
20250509,PIURA,PIURA,PIURA,200101,20250423,Naranja valencia,2.59,4.1,Frutas,KILOGRAMO,KILOGRAMO
20250509,PIURA,PIURA,PIURA,200101,20250423,Carne fresca de vacuno,13.65,21.5,Carnes y huevos,KILOGRAMO,KILOGRAMO
20250509,PIURA,PIURA,PIURA,200101,20250423,Zapallo macre,1.82,3,Hortalizas,KILOGRAMO,KILOGRAMO
20250509,PIURA,PIURA,PIURA,200101,20250423,Aji escabeche,3.08,3.85,Hortalizas,KILOGRAMO,MALLA
20250509,PIURA,PIURA,PIURA,200101,20250423,Arveja verde blanca serrana,5.17,7.6,Legumbres,MALLA MEDIANA,KILOGRAMO
20250509,PIURA,PIURA,PIURA,200101,20250423,Manzana delicia,2.23,3.45,Frutas,KILOGRAMO,KILOGRAMO
20250509,PIURA,PIURA,PIURA,200101,20250423,Uva italia,3.58,7.4,Frutas,KILOGRAMO,KILOGRAMO
20250509,PIURA,PIURA,PIURA,200101,20250423,Leche fresca,3.4,4.6,Agro-industriales,LITRO,LITRO
20250509,PIURA,PIURA,PIURA,200101,20250423,Garbanzo,5.98,9.05,Menestras,KILOGRAMO,KILOGRAMO
20250509,PIURA,PIURA,PIURA,200101,20250423,Azucar blanca nacional (granel),4.06,4.5,Agro-industriales,SACO NORMAL,KILOGRAMO
20250509,PIURA,PIURA,PIURA,200101,20250423,Uva red globe,4.88,7.45,Frutas,KILOGRAMO,KILOGRAMO
20250509,PIURA,PIURA,PIURA,200101,20250423,Fideos nicolini tallarin,4.3,6.45,Agro-industriales,PAQUETE,KILOGRAMO
20250509,PIURA,PIURA,PIURA,200101,20250423,Carne de porcino (corte unico),13.35,18.95,Carnes y huevos,UNIDAD,KILOGRAMO
20250509,PIURA,PIURA,PIURA,200101,20250423,Uva alfonso lavalett,3.71,5.65,Frutas,KILOGRAMO,KILOGRAMO
20250509,PIURA,PIURA,PIURA,200101,20250423,Haba verde serrana,2.31,3.65,Legumbres,KILOGRAMO,KILOGRAMO
20250509,PIURA,PIURA,PIURA,200101,20250423,Azucar rubia nacional (granel),3.4,4.3,Agro-industriales,SACO NORMAL,KILOGRAMO
20250509,PIURA,PIURA,PIURA,200101,20250423,Frijol canario,3.94,6.45,Menestras,KILOGRAMO,KILOGRAMO
20250509,PIURA,PIURA,PIURA,200101,20250423,Papaya,1.96,3.05,Frutas,KILOGRAMO,KILOGRAMO
20250509,PIURA,PIURA,PIURA,200101,20250423,Aji rocoto,4.4,6,Hortalizas,KILOGRAMO,KILOGRAMO
20250509,PIURA,PIURA,PIURA,200101,20250423,Limon sutil bolsa,1.83,2.55,Frutas,KILOGRAMO,KILOGRAMO
20250509,PIURA,PIURA,PIURA,200101,20250423,Olluco largo,3.1,4,Tuberculos,KILOGRAMO,KILOGRAMO
20250509,PIURA,PIURA,PIURA,200101,20250423,Camote morado,1.63,4.15,Tuberculos,SACO GRANDE,KILOGRAMO
20250509,PIURA,PIURA,PIURA,200101,20250423,Platano bellaco,1.71,3,Frutas,LITRO,LITRO
20250509,PIURA,PIURA,PIURA,200101,20250423,Arroz extra,3.6,4.3,Cereales,SACO NORMAL,KILOGRAMO
20250509,PIURA,PIURA,PIURA,200101,20250423,Leche reconstituida (azul) 395 gr,3.46,4.35,Agro-industriales,CAJA,LATA
20250509,PIURA,PIURA,PIURA,200101,20250423,Pina criolla,2.1,2.7,Frutas,KILOGRAMO,KILOGRAMO
20250509,PIURA,PIURA,PIURA,200101,20250423,Vainita americana,3.63,5.35,Legumbres,KILOGRAMO,KILOGRAMO
20250509,PIURA,PIURA,PIURA,200101,20250423,Manzana israel,2.63,4.15,Frutas,KILOGRAMO,KILOGRAMO
20250509,PIURA,PIURA,PIURA,200101,20250421,Pallar,6.15,8,Menestras,KILOGRAMO,KILOGRAMO
20250509,PIURA,PIURA,PIURA,200101,20250421,Papa amarilla,2.34,4.25,Tuberculos,SACO GRANDE,KILOGRAMO
20250509,PIURA,PIURA,PIURA,200101,20250421,Melocoton durazno huayco,5.23,10.45,Frutas,KILOGRAMO,KILOGRAMO
20250509,PIURA,PIURA,PIURA,200101,20250421,Sandia,1.75,2.27,Frutas,KILOGRAMO,KILOGRAMO
20250509,PIURA,PIURA,PIURA,200101,20250421,Aceite clasico botella 900 ml,8.84,10.65,Agro-industriales,CAJA CHICA,LITRO
20250509,PIURA,PIURA,PIURA,200101,20250421,Huevos rosados,6.52,10.1,Carnes y huevos,KILOGRAMO,KILOGRAMO
20250509,PIURA,PIURA,PIURA,200101,20250421,Ajo criollo o napuri,8.55,14.65,Hortalizas,MALLA MEDIANA,KILOGRAMO
20250509,PIURA,PIURA,PIURA,200101,20250421,Frijol castilla,4.01,6.6,Menestras,KILOGRAMO,KILOGRAMO
20250509,PIURA,PIURA,PIURA,200101,20250421,Arroz superior,2.73,4.05,Cereales,SACO NORMAL,KILOGRAMO
20250509,PIURA,PIURA,PIURA,200101,20250421,Carne de pollo (eviscerado),8.6,10.6,Carnes y huevos,KILOGRAMO,KILOGRAMO
20250509,PIURA,PIURA,PIURA,200101,20250421,Platano seda congo,1.71,4.25,Frutas,KILOGRAMO,KILOGRAMO
20250509,PIURA,PIURA,PIURA,200101,20250421,Yuca blanca,1.89,3.6,Tuberculos,KILOGRAMO,KILOGRAMO
20250509,PIURA,PIURA,PIURA,200101,20250421,Choclo (tipo cusco),6.24,8.45,Cereales,CIENTO,UNIDAD
20250509,PIURA,PIURA,PIURA,200101,20250421,Papa canchan,1.17,2.35,Tuberculos,SACO GRANDE,KILOGRAMO
20250509,PIURA,PIURA,PIURA,200101,20250421,Melon coquito,2.67,3.4,Frutas,KILOGRAMO,KILOGRAMO
20250509,PIURA,PIURA,PIURA,200101,20250421,Zanahoria,1.79,3.55,Hortalizas,SACO MEDIANO,KILOGRAMO
20250509,PIURA,PIURA,PIURA,200101,20250421,Palta fuerte,5.65,6,Frutas,KILOGRAMO,KILOGRAMO
20250509,PIURA,PIURA,PIURA,200101,20250421,Tomate,2.11,4.6,Hortalizas,KILOGRAMO,KILOGRAMO
20250509,PIURA,PIURA,PIURA,200101,20250421,Lenteja,5.35,8.1,Menestras,KILOGRAMO,KILOGRAMO
20250509,PIURA,PIURA,PIURA,200101,20250421,Naranja valencia,2.59,4,Frutas,KILOGRAMO,KILOGRAMO
20250509,PIURA,PIURA,PIURA,200101,20250421,Carne fresca de vacuno,13.75,21.5,Carnes y huevos,KILOGRAMO,KILOGRAMO
20250509,PIURA,PIURA,PIURA,200101,20250421,Zapallo macre,1.83,3,Hortalizas,KILOGRAMO,KILOGRAMO
20250509,PIURA,PIURA,PIURA,200101,20250421,Aji escabeche,3.08,3.65,Hortalizas,KILOGRAMO,MALLA
20250509,PIURA,PIURA,PIURA,200101,20250421,Arveja verde blanca serrana,5.22,7.6,Legumbres,MALLA MEDIANA,KILOGRAMO
20250509,PIURA,PIURA,PIURA,200101,20250421,Manzana delicia,2.15,3.45,Frutas,KILOGRAMO,KILOGRAMO
20250509,PIURA,PIURA,PIURA,200101,20250421,Uva italia,3.58,7.4,Frutas,KILOGRAMO,KILOGRAMO
20250509,PIURA,PIURA,PIURA,200101,20250421,Leche fresca,3.4,4.6,Agro-industriales,LITRO,LITRO
20250509,PIURA,PIURA,PIURA,200101,20250421,Garbanzo,6.13,9.05,Menestras,KILOGRAMO,KILOGRAMO
20250509,PIURA,PIURA,PIURA,200101,20250421,Azucar blanca nacional (granel),4.06,4.5,Agro-industriales,SACO NORMAL,KILOGRAMO
20250509,PIURA,PIURA,PIURA,200101,20250421,Uva red globe,4.88,7.4,Frutas,KILOGRAMO,KILOGRAMO
20250509,PIURA,PIURA,PIURA,200101,20250421,Fideos nicolini tallarin,4.3,6.45,Agro-industriales,PAQUETE,KILOGRAMO
20250509,PIURA,PIURA,PIURA,200101,20250421,Carne de porcino (corte unico),13.35,18.95,Carnes y huevos,UNIDAD,KILOGRAMO
20250509,PIURA,PIURA,PIURA,200101,20250421,Uva alfonso lavalett,3.63,5.65,Frutas,KILOGRAMO,KILOGRAMO
20250509,PIURA,PIURA,PIURA,200101,20250421,Haba verde serrana,2.33,3.65,Legumbres,KILOGRAMO,KILOGRAMO
20250509,PIURA,PIURA,PIURA,200101,20250421,Azucar rubia nacional (granel),3.4,4.2,Agro-industriales,SACO NORMAL,KILOGRAMO
20250509,PIURA,PIURA,PIURA,200101,20250421,Frijol canario,3.94,6.45,Menestras,KILOGRAMO,KILOGRAMO
20250509,PIURA,PIURA,PIURA,200101,20250421,Papaya,1.96,3.05,Frutas,KILOGRAMO,KILOGRAMO
20250509,PIURA,PIURA,PIURA,200101,20250421,Aji rocoto,4.4,6,Hortalizas,KILOGRAMO,KILOGRAMO
20250509,PIURA,PIURA,PIURA,200101,20250421,Limon sutil bolsa,1.79,2.55,Frutas,KILOGRAMO,KILOGRAMO
20250509,PIURA,PIURA,PIURA,200101,20250421,Olluco largo,3.1,4,Tuberculos,KILOGRAMO,KILOGRAMO
20250509,PIURA,PIURA,PIURA,200101,20250421,Camote morado,1.63,4.15,Tuberculos,SACO GRANDE,KILOGRAMO
20250509,PIURA,PIURA,PIURA,200101,20250421,Arroz extra,2.85,4.5,Cereales,SACO NORMAL,KILOGRAMO
20250509,PIURA,PIURA,PIURA,200101,20250421,Leche reconstituida (azul) 395 gr,3.49,4.45,Agro-industriales,CAJA,LATA
20250509,PIURA,PIURA,PIURA,200101,20250421,Pina criolla,2.05,2.7,Frutas,KILOGRAMO,KILOGRAMO
20250509,PIURA,PIURA,PIURA,200101,20250421,Vainita americana,3.63,5.3,Legumbres,KILOGRAMO,KILOGRAMO
20250509,PIURA,PIURA,PIURA,200101,20250421,Manzana israel,2.63,4.15,Frutas,KILOGRAMO,KILOGRAMO
20250509,PIURA,PIURA,PIURA,200101,20250421,Platano bellaco,1.61,3,Frutas,LITRO,LITRO
20250509,PIURA,PIURA,PIURA,200101,20250421,Cebolla cabeza roja,1.5,3,Hortalizas,SACO,KILOGRAMO
20250509,PIURA,PIURA,PIURA,200101,20250421,Chirimoya cumbe,3.35,7.6,Frutas,CAJON CHICO,KILOGRAMO
20250509,PIURA,PIURA,PIURA,200101,20250414,Choclo (tipo cusco),6.2,8.35,Cereales,CIENTO,UNIDAD
20250509,PIURA,PIURA,PIURA,200101,20250414,Papa canchan,1.14,2.35,Tuberculos,SACO GRANDE,KILOGRAMO
20250509,PIURA,PIURA,PIURA,200101,20250414,Melon coquito,2.29,3.4,Frutas,KILOGRAMO,KILOGRAMO
20250509,PIURA,PIURA,PIURA,200101,20250414,Zanahoria,1.75,3.35,Hortalizas,SACO MEDIANO,KILOGRAMO
20250509,PIURA,PIURA,PIURA,200101,20250414,Palta fuerte,5.65,5.9,Frutas,KILOGRAMO,KILOGRAMO
20250509,PIURA,PIURA,PIURA,200101,20250414,Tomate,2.09,4.7,Hortalizas,KILOGRAMO,KILOGRAMO
20250509,PIURA,PIURA,PIURA,200101,20250414,Lenteja,5.35,7.85,Menestras,KILOGRAMO,KILOGRAMO
20250509,PIURA,PIURA,PIURA,200101,20250414,Naranja valencia,2.35,4,Frutas,KILOGRAMO,KILOGRAMO
20250509,PIURA,PIURA,PIURA,200101,20250414,Carne fresca de vacuno,13.75,21.5,Carnes y huevos,KILOGRAMO,KILOGRAMO
20250509,PIURA,PIURA,PIURA,200101,20250414,Zapallo macre,1.82,3,Hortalizas,KILOGRAMO,KILOGRAMO
20250509,PIURA,PIURA,PIURA,200101,20250414,Aji escabeche,3.13,3.95,Hortalizas,KILOGRAMO,MALLA
20250509,PIURA,PIURA,PIURA,200101,20250414,Arveja verde blanca serrana,5.05,7.6,Legumbres,MALLA MEDIANA,KILOGRAMO
20250509,PIURA,PIURA,PIURA,200101,20250414,Manzana delicia,2.23,3.45,Frutas,KILOGRAMO,KILOGRAMO
20250509,PIURA,PIURA,PIURA,200101,20250414,Uva italia,3.58,7.4,Frutas,KILOGRAMO,KILOGRAMO
20250509,PIURA,PIURA,PIURA,200101,20250414,Leche fresca,3.25,4.6,Agro-industriales,LITRO,LITRO
20250509,PIURA,PIURA,PIURA,200101,20250414,Garbanzo,6.13,9.05,Menestras,KILOGRAMO,KILOGRAMO
20250509,PIURA,PIURA,PIURA,200101,20250414,Azucar blanca nacional (granel),4.07,4.5,Agro-industriales,SACO NORMAL,KILOGRAMO
20250509,PIURA,PIURA,PIURA,200101,20250414,Uva red globe,4.88,7.25,Frutas,KILOGRAMO,KILOGRAMO
20250509,PIURA,PIURA,PIURA,200101,20250414,Fideos nicolini tallarin,4.3,6.45,Agro-industriales,PAQUETE,KILOGRAMO
20250509,PIURA,PIURA,PIURA,200101,20250414,Carne de porcino (corte unico),13.55,18.95,Carnes y huevos,UNIDAD,KILOGRAMO
20250509,PIURA,PIURA,PIURA,200101,20250414,Uva alfonso lavalett,3.5,5.65,Frutas,KILOGRAMO,KILOGRAMO
20250509,PIURA,PIURA,PIURA,200101,20250414,Haba verde serrana,2.31,3.7,Legumbres,KILOGRAMO,KILOGRAMO
20250509,PIURA,PIURA,PIURA,200101,20250414,Azucar rubia nacional (granel),3.4,4.05,Agro-industriales,SACO NORMAL,KILOGRAMO
20250509,PIURA,PIURA,PIURA,200101,20250414,Frijol canario,4.03,6.45,Menestras,KILOGRAMO,KILOGRAMO
20250509,PIURA,PIURA,PIURA,200101,20250414,Papaya,2.08,3.05,Frutas,KILOGRAMO,KILOGRAMO
20250509,PIURA,PIURA,PIURA,200101,20250414,Aji rocoto,4.4,6,Hortalizas,KILOGRAMO,KILOGRAMO
20250509,PIURA,PIURA,PIURA,200101,20250414,Limon sutil bolsa,1.62,2.4,Frutas,KILOGRAMO,KILOGRAMO
20250509,PIURA,PIURA,PIURA,200101,20250414,Olluco largo,3.1,4,Tuberculos,KILOGRAMO,KILOGRAMO
20250509,PIURA,PIURA,PIURA,200101,20250414,Camote morado,1.63,4,Tuberculos,SACO GRANDE,KILOGRAMO
20250509,PIURA,PIURA,PIURA,200101,20250414,Arroz extra,2.85,4.5,Cereales,SACO NORMAL,KILOGRAMO
20250509,PIURA,PIURA,PIURA,200101,20250414,Leche reconstituida (azul) 395 gr,3.5,4.35,Agro-industriales,CAJA,LATA
20250509,PIURA,PIURA,PIURA,200101,20250414,Pina criolla,2.45,2.7,Frutas,KILOGRAMO,KILOGRAMO
20250509,PIURA,PIURA,PIURA,200101,20250414,Vainita americana,3.65,4.85,Legumbres,KILOGRAMO,KILOGRAMO
20250509,PIURA,PIURA,PIURA,200101,20250414,Manzana israel,2.58,4.05,Frutas,KILOGRAMO,KILOGRAMO
20250509,PIURA,PIURA,PIURA,200101,20250414,Platano bellaco,1.54,2.95,Frutas,LITRO,LITRO
20250509,PIURA,PIURA,PIURA,200101,20250414,Cebolla cabeza roja,1.5,3,Hortalizas,SACO,KILOGRAMO
20250509,PIURA,PIURA,PIURA,200101,20250414,Chirimoya cumbe,3.05,7.6,Frutas,CAJON CHICO,KILOGRAMO
20250509,PIURA,PIURA,PIURA,200101,20250414,Papa amarilla,2.35,4.1,Tuberculos,SACO GRANDE,KILOGRAMO
20250509,PIURA,PIURA,PIURA,200101,20250414,Melocoton durazno huayco,5,9.85,Frutas,KILOGRAMO,KILOGRAMO
20250509,PIURA,PIURA,PIURA,200101,20250414,Sandia,1.65,2.26,Frutas,KILOGRAMO,KILOGRAMO
20250509,PIURA,PIURA,PIURA,200101,20250414,Aceite clasico botella 900 ml,8.8,10.5,Agro-industriales,CAJA CHICA,LITRO
20250509,PIURA,PIURA,PIURA,200101,20250414,Huevos rosados,6.52,10,Carnes y huevos,KILOGRAMO,KILOGRAMO
20250509,PIURA,PIURA,PIURA,200101,20250414,Ajo criollo o napuri,8.47,14.15,Hortalizas,MALLA MEDIANA,KILOGRAMO
20250509,PIURA,PIURA,PIURA,200101,20250414,Frijol castilla,3.99,6.45,Menestras,KILOGRAMO,KILOGRAMO
20250509,PIURA,PIURA,PIURA,200101,20250414,Arroz superior,2.71,3.95,Cereales,SACO NORMAL,KILOGRAMO
20250509,PIURA,PIURA,PIURA,200101,20250414,Carne de pollo (eviscerado),8.6,9.35,Carnes y huevos,KILOGRAMO,KILOGRAMO
20250509,PIURA,PIURA,PIURA,200101,20250414,Platano seda congo,1.61,4.25,Frutas,KILOGRAMO,KILOGRAMO
20250509,PIURA,PIURA,PIURA,200101,20250414,Yuca blanca,1.84,3.6,Tuberculos,KILOGRAMO,KILOGRAMO
20250509,PIURA,PIURA,PIURA,200101,20250414,Pallar,6.15,7.75,Menestras,KILOGRAMO,KILOGRAMO
20250509,PIURA,PIURA,PIURA,200101,20250409,Palta fuerte,5.7,5.9,Frutas,KILOGRAMO,KILOGRAMO
20250509,PIURA,PIURA,PIURA,200101,20250409,Tomate,2.09,4.7,Hortalizas,KILOGRAMO,KILOGRAMO
20250509,PIURA,PIURA,PIURA,200101,20250409,Lenteja,5.35,7.75,Menestras,KILOGRAMO,KILOGRAMO
20250509,PIURA,PIURA,PIURA,200101,20250409,Naranja valencia,2.32,4,Frutas,KILOGRAMO,KILOGRAMO
20250509,PIURA,PIURA,PIURA,200101,20250409,Carne fresca de vacuno,13.75,20.5,Carnes y huevos,KILOGRAMO,KILOGRAMO
20250509,PIURA,PIURA,PIURA,200101,20250409,Zapallo macre,1.78,3,Hortalizas,KILOGRAMO,KILOGRAMO
20250509,PIURA,PIURA,PIURA,200101,20250409,Aji escabeche,3.12,3.95,Hortalizas,KILOGRAMO,MALLA
20250509,PIURA,PIURA,PIURA,200101,20250409,Arveja verde blanca serrana,5.1,7.6,Legumbres,MALLA MEDIANA,KILOGRAMO
20250509,PIURA,PIURA,PIURA,200101,20250409,Manzana delicia,2.28,3.45,Frutas,KILOGRAMO,KILOGRAMO
20250509,PIURA,PIURA,PIURA,200101,20250409,Uva italia,3.54,7.4,Frutas,KILOGRAMO,KILOGRAMO
20250509,PIURA,PIURA,PIURA,200101,20250409,Leche fresca,3.25,4.45,Agro-industriales,LITRO,LITRO
20250509,PIURA,PIURA,PIURA,200101,20250409,Garbanzo,6.13,9.05,Menestras,KILOGRAMO,KILOGRAMO
20250509,PIURA,PIURA,PIURA,200101,20250409,Azucar blanca nacional (granel),4.14,4.4,Agro-industriales,SACO NORMAL,KILOGRAMO
20250509,PIURA,PIURA,PIURA,200101,20250409,Uva red globe,4.88,7.3,Frutas,KILOGRAMO,KILOGRAMO
20250509,PIURA,PIURA,PIURA,200101,20250409,Fideos nicolini tallarin,4.3,6.45,Agro-industriales,PAQUETE,KILOGRAMO
20250509,PIURA,PIURA,PIURA,200101,20250409,Carne de porcino (corte unico),13.4,19.05,Carnes y huevos,UNIDAD,KILOGRAMO
20250509,PIURA,PIURA,PIURA,200101,20250409,Uva alfonso lavalett,3.38,5.9,Frutas,KILOGRAMO,KILOGRAMO
20250509,PIURA,PIURA,PIURA,200101,20250409,Haba verde serrana,2.33,3.7,Legumbres,KILOGRAMO,KILOGRAMO
20250509,PIURA,PIURA,PIURA,200101,20250409,Azucar rubia nacional (granel),3.5,3.9,Agro-industriales,SACO NORMAL,KILOGRAMO
20250509,PIURA,PIURA,PIURA,200101,20250409,Frijol canario,4.13,6.4,Menestras,KILOGRAMO,KILOGRAMO
20250509,PIURA,PIURA,PIURA,200101,20250409,Papaya,2,2.95,Frutas,KILOGRAMO,KILOGRAMO
20250509,PIURA,PIURA,PIURA,200101,20250409,Aji rocoto,4.4,6,Hortalizas,KILOGRAMO,KILOGRAMO
20250509,PIURA,PIURA,PIURA,200101,20250409,Limon sutil bolsa,1.64,2.35,Frutas,KILOGRAMO,KILOGRAMO
20250509,PIURA,PIURA,PIURA,200101,20250409,Olluco largo,3.1,4.05,Tuberculos,KILOGRAMO,KILOGRAMO
20250509,PIURA,PIURA,PIURA,200101,20250409,Camote morado,1.63,3.9,Tuberculos,SACO GRANDE,KILOGRAMO
20250509,PIURA,PIURA,PIURA,200101,20250409,Arroz extra,2.86,4.45,Cereales,SACO NORMAL,KILOGRAMO
20250509,PIURA,PIURA,PIURA,200101,20250409,Leche reconstituida (azul) 395 gr,3.55,4.1,Agro-industriales,CAJA,LATA
20250509,PIURA,PIURA,PIURA,200101,20250409,Pina criolla,2.45,2.7,Frutas,KILOGRAMO,KILOGRAMO
20250509,PIURA,PIURA,PIURA,200101,20250409,Vainita americana,3.66,5.05,Legumbres,KILOGRAMO,KILOGRAMO
20250509,PIURA,PIURA,PIURA,200101,20250409,Manzana israel,2.58,3.95,Frutas,KILOGRAMO,KILOGRAMO
20250509,PIURA,PIURA,PIURA,200101,20250409,Platano bellaco,1.61,3.05,Frutas,LITRO,LITRO
20250509,PIURA,PIURA,PIURA,200101,20250409,Cebolla cabeza roja,1.59,3,Hortalizas,SACO,KILOGRAMO
20250509,PIURA,PIURA,PIURA,200101,20250409,Chirimoya cumbe,3.15,7.6,Frutas,CAJON CHICO,KILOGRAMO
20250509,PIURA,PIURA,PIURA,200101,20250409,Papa amarilla,2.35,4.1,Tuberculos,SACO GRANDE,KILOGRAMO
20250509,PIURA,PIURA,PIURA,200101,20250409,Melocoton durazno huayco,5,9.85,Frutas,KILOGRAMO,KILOGRAMO
20250509,PIURA,PIURA,PIURA,200101,20250409,Sandia,1.65,2.35,Frutas,KILOGRAMO,KILOGRAMO
20250509,PIURA,PIURA,PIURA,200101,20250409,Aceite clasico botella 900 ml,8.8,10.45,Agro-industriales,CAJA CHICA,LITRO
20250509,PIURA,PIURA,PIURA,200101,20250409,Huevos rosados,6.52,10,Carnes y huevos,KILOGRAMO,KILOGRAMO
20250509,PIURA,PIURA,PIURA,200101,20250409,Ajo criollo o napuri,8.45,14.35,Hortalizas,MALLA MEDIANA,KILOGRAMO
20250509,PIURA,PIURA,PIURA,200101,20250409,Frijol castilla,3.99,6.45,Menestras,KILOGRAMO,KILOGRAMO
20250509,PIURA,PIURA,PIURA,200101,20250409,Arroz superior,2.71,3.95,Cereales,SACO NORMAL,KILOGRAMO
20250509,PIURA,PIURA,PIURA,200101,20250409,Mango edward,0,0,Frutas,KILOGRAMO,KILOGRAMO
20250509,PIURA,PIURA,PIURA,200101,20250409,Carne de pollo (eviscerado),8.35,9.75,Carnes y huevos,KILOGRAMO,KILOGRAMO
20250509,PIURA,PIURA,PIURA,200101,20250409,Platano seda congo,1.61,4.25,Frutas,KILOGRAMO,KILOGRAMO
20250509,PIURA,PIURA,PIURA,200101,20250409,Yuca blanca,1.85,3.65,Tuberculos,KILOGRAMO,KILOGRAMO
20250509,PIURA,PIURA,PIURA,200101,20250409,Pallar,6.15,7.75,Menestras,KILOGRAMO,KILOGRAMO
20250509,PIURA,PIURA,PIURA,200101,20250409,Choclo (tipo cusco),6.2,8.35,Cereales,CIENTO,UNIDAD
20250509,PIURA,PIURA,PIURA,200101,20250409,Papa canchan,1.13,2.35,Tuberculos,SACO GRANDE,KILOGRAMO
20250509,PIURA,PIURA,PIURA,200101,20250409,Melon coquito,2.29,3.4,Frutas,KILOGRAMO,KILOGRAMO
20250509,PIURA,PIURA,PIURA,200101,20250409,Zanahoria,1.75,3.25,Hortalizas,SACO MEDIANO,KILOGRAMO
20250509,PIURA,PIURA,PIURA,200101,20250407,Carne fresca de vacuno,13.75,20.5,Carnes y huevos,KILOGRAMO,KILOGRAMO
20250509,PIURA,PIURA,PIURA,200101,20250407,Zapallo macre,1.82,2.9,Hortalizas,KILOGRAMO,KILOGRAMO
20250509,PIURA,PIURA,PIURA,200101,20250407,Aji escabeche,3.11,4.05,Hortalizas,KILOGRAMO,MALLA
20250509,PIURA,PIURA,PIURA,200101,20250407,Arveja verde blanca serrana,5.22,7.35,Legumbres,MALLA MEDIANA,KILOGRAMO
20250509,PIURA,PIURA,PIURA,200101,20250407,Manzana delicia,2.28,3.45,Frutas,KILOGRAMO,KILOGRAMO
20250509,PIURA,PIURA,PIURA,200101,20250407,Uva italia,3.83,7.4,Frutas,KILOGRAMO,KILOGRAMO
20250509,PIURA,PIURA,PIURA,200101,20250407,Leche fresca,3.25,4.35,Agro-industriales,LITRO,LITRO
20250509,PIURA,PIURA,PIURA,200101,20250407,Garbanzo,6.13,8.9,Menestras,KILOGRAMO,KILOGRAMO
20250509,PIURA,PIURA,PIURA,200101,20250407,Azucar blanca nacional (granel),4.14,4.4,Agro-industriales,SACO NORMAL,KILOGRAMO
20250509,PIURA,PIURA,PIURA,200101,20250407,Uva red globe,4.88,7.3,Frutas,KILOGRAMO,KILOGRAMO
20250509,PIURA,PIURA,PIURA,200101,20250407,Fideos nicolini tallarin,4.3,6.45,Agro-industriales,PAQUETE,KILOGRAMO
20250509,PIURA,PIURA,PIURA,200101,20250407,Carne de porcino (corte unico),13.25,19.5,Carnes y huevos,UNIDAD,KILOGRAMO
20250509,PIURA,PIURA,PIURA,200101,20250407,Uva alfonso lavalett,3.46,5.9,Frutas,KILOGRAMO,KILOGRAMO
20250509,PIURA,PIURA,PIURA,200101,20250407,Haba verde serrana,2.33,3.7,Legumbres,KILOGRAMO,KILOGRAMO
20250509,PIURA,PIURA,PIURA,200101,20250407,Azucar rubia nacional (granel),3.5,3.9,Agro-industriales,SACO NORMAL,KILOGRAMO
20250509,PIURA,PIURA,PIURA,200101,20250407,Frijol canario,4.16,6.35,Menestras,KILOGRAMO,KILOGRAMO
20250509,PIURA,PIURA,PIURA,200101,20250407,Papaya,2,2.95,Frutas,KILOGRAMO,KILOGRAMO
20250509,PIURA,PIURA,PIURA,200101,20250407,Aji rocoto,4.4,6,Hortalizas,KILOGRAMO,KILOGRAMO
20250509,PIURA,PIURA,PIURA,200101,20250407,Limon sutil bolsa,1.69,2.35,Frutas,KILOGRAMO,KILOGRAMO
20250509,PIURA,PIURA,PIURA,200101,20250407,Olluco largo,3.05,4.05,Tuberculos,KILOGRAMO,KILOGRAMO
20250509,PIURA,PIURA,PIURA,200101,20250407,Camote morado,1.61,3.9,Tuberculos,SACO GRANDE,KILOGRAMO
20250509,PIURA,PIURA,PIURA,200101,20250407,Arroz extra,2.86,4.45,Cereales,SACO NORMAL,KILOGRAMO
20250509,PIURA,PIURA,PIURA,200101,20250407,Leche reconstituida (azul) 395 gr,3.54,4.1,Agro-industriales,CAJA,LATA
20250509,PIURA,PIURA,PIURA,200101,20250407,Pina criolla,2.4,2.7,Frutas,KILOGRAMO,KILOGRAMO
20250509,PIURA,PIURA,PIURA,200101,20250407,Vainita americana,3.66,5.15,Legumbres,KILOGRAMO,KILOGRAMO
20250509,PIURA,PIURA,PIURA,200101,20250407,Manzana israel,2.63,3.95,Frutas,KILOGRAMO,KILOGRAMO
20250509,PIURA,PIURA,PIURA,200101,20250407,Platano bellaco,1.61,3.05,Frutas,LITRO,LITRO
20250509,PIURA,PIURA,PIURA,200101,20250407,Cebolla cabeza roja,1.59,3,Hortalizas,SACO,KILOGRAMO
20250509,PIURA,PIURA,PIURA,200101,20250407,Chirimoya cumbe,3,7.6,Frutas,CAJON CHICO,KILOGRAMO
20250509,PIURA,PIURA,PIURA,200101,20250407,Papa amarilla,2.35,4.1,Tuberculos,SACO GRANDE,KILOGRAMO
20250509,PIURA,PIURA,PIURA,200101,20250407,Melocoton durazno huayco,4.55,8.9,Frutas,KILOGRAMO,KILOGRAMO
20250509,PIURA,PIURA,PIURA,200101,20250407,Sandia,1.65,2.35,Frutas,KILOGRAMO,KILOGRAMO
20250509,PIURA,PIURA,PIURA,200101,20250407,Aceite clasico botella 900 ml,8.8,10.55,Agro-industriales,CAJA CHICA,LITRO
20250509,PIURA,PIURA,PIURA,200101,20250407,Huevos rosados,6.54,10.25,Carnes y huevos,KILOGRAMO,KILOGRAMO
20250509,PIURA,PIURA,PIURA,200101,20250407,Ajo criollo o napuri,8.45,14.35,Hortalizas,MALLA MEDIANA,KILOGRAMO
20250509,PIURA,PIURA,PIURA,200101,20250407,Frijol castilla,3.99,6.45,Menestras,KILOGRAMO,KILOGRAMO
20250509,PIURA,PIURA,PIURA,200101,20250407,Arroz superior,2.71,3.95,Cereales,SACO NORMAL,KILOGRAMO
20250509,PIURA,PIURA,PIURA,200101,20250407,Mango edward,0,0,Frutas,KILOGRAMO,KILOGRAMO
20250509,PIURA,PIURA,PIURA,200101,20250407,Carne de pollo (eviscerado),8.2,9.75,Carnes y huevos,KILOGRAMO,KILOGRAMO
20250509,PIURA,PIURA,PIURA,200101,20250407,Platano seda congo,1.64,4.25,Frutas,KILOGRAMO,KILOGRAMO
20250509,PIURA,PIURA,PIURA,200101,20250407,Yuca blanca,1.85,3.55,Tuberculos,KILOGRAMO,KILOGRAMO
20250509,PIURA,PIURA,PIURA,200101,20250407,Pallar,6.15,7.75,Menestras,KILOGRAMO,KILOGRAMO
20250509,PIURA,PIURA,PIURA,200101,20250407,Choclo (tipo cusco),6.26,8.35,Cereales,CIENTO,UNIDAD
20250509,PIURA,PIURA,PIURA,200101,20250407,Papa canchan,1.16,2.33,Tuberculos,SACO GRANDE,KILOGRAMO
20250509,PIURA,PIURA,PIURA,200101,20250407,Melon coquito,2.29,3.35,Frutas,KILOGRAMO,KILOGRAMO
20250509,PIURA,PIURA,PIURA,200101,20250407,Zanahoria,1.75,3.25,Hortalizas,SACO MEDIANO,KILOGRAMO
20250509,PIURA,PIURA,PIURA,200101,20250407,Palta fuerte,5.65,5.9,Frutas,KILOGRAMO,KILOGRAMO
20250509,PIURA,PIURA,PIURA,200101,20250407,Tomate,2.1,4.7,Hortalizas,KILOGRAMO,KILOGRAMO
20250509,PIURA,PIURA,PIURA,200101,20250407,Lenteja,5.35,7.75,Menestras,KILOGRAMO,KILOGRAMO
20250509,PIURA,PIURA,PIURA,200101,20250407,Naranja valencia,2.26,4.45,Frutas,KILOGRAMO,KILOGRAMO
20250509,PIURA,PIURA,PIURA,200101,20250402,Fideos nicolini tallarin,4.3,6.45,Agro-industriales,PAQUETE,KILOGRAMO
20250509,PIURA,PIURA,PIURA,200101,20250402,Carne de porcino (corte unico),13.25,19.5,Carnes y huevos,UNIDAD,KILOGRAMO
20250509,PIURA,PIURA,PIURA,200101,20250402,Uva alfonso lavalett,3.5,5.9,Frutas,KILOGRAMO,KILOGRAMO
20250509,PIURA,PIURA,PIURA,200101,20250402,Azucar rubia nacional (granel),2.85,3.7,Agro-industriales,SACO NORMAL,KILOGRAMO
20250509,PIURA,PIURA,PIURA,200101,20250402,Frijol canario,3.94,6.35,Menestras,KILOGRAMO,KILOGRAMO
20250509,PIURA,PIURA,PIURA,200101,20250402,Papaya,1.65,2.85,Frutas,KILOGRAMO,KILOGRAMO
20250509,PIURA,PIURA,PIURA,200101,20250402,Aji rocoto,4.4,6,Hortalizas,KILOGRAMO,KILOGRAMO
20250509,PIURA,PIURA,PIURA,200101,20250402,Limon sutil bolsa,1.8,2.4,Frutas,KILOGRAMO,KILOGRAMO
20250509,PIURA,PIURA,PIURA,200101,20250402,Olluco largo,3.05,4.05,Tuberculos,KILOGRAMO,KILOGRAMO
20250509,PIURA,PIURA,PIURA,200101,20250402,Camote morado,1.61,4.25,Tuberculos,SACO GRANDE,KILOGRAMO
20250509,PIURA,PIURA,PIURA,200101,20250402,Haba verde serrana,2.33,3.9,Legumbres,KILOGRAMO,KILOGRAMO
20250509,PIURA,PIURA,PIURA,200101,20250402,Arroz extra,2.86,4.45,Cereales,SACO NORMAL,KILOGRAMO
20250509,PIURA,PIURA,PIURA,200101,20250402,Leche reconstituida (azul) 395 gr,3.28,4.1,Agro-industriales,CAJA,LATA
20250509,PIURA,PIURA,PIURA,200101,20250402,Pina criolla,2.4,2.7,Frutas,KILOGRAMO,KILOGRAMO
20250509,PIURA,PIURA,PIURA,200101,20250402,Vainita americana,2.08,5.75,Legumbres,KILOGRAMO,KILOGRAMO
20250509,PIURA,PIURA,PIURA,200101,20250402,Manzana israel,2.75,3.95,Frutas,KILOGRAMO,KILOGRAMO
20250509,PIURA,PIURA,PIURA,200101,20250402,Platano bellaco,1.54,3.05,Frutas,LITRO,LITRO
20250509,PIURA,PIURA,PIURA,200101,20250402,Cebolla cabeza roja,1.9,3,Hortalizas,SACO,KILOGRAMO
20250509,PIURA,PIURA,PIURA,200101,20250402,Chirimoya cumbe,3,7.6,Frutas,CAJON CHICO,KILOGRAMO
20250509,PIURA,PIURA,PIURA,200101,20250402,Papa amarilla,2.38,4.1,Tuberculos,SACO GRANDE,KILOGRAMO
20250509,PIURA,PIURA,PIURA,200101,20250402,Melocoton durazno huayco,4.55,8.6,Frutas,KILOGRAMO,KILOGRAMO
20250509,PIURA,PIURA,PIURA,200101,20250402,Sandia,1.65,2.35,Frutas,KILOGRAMO,KILOGRAMO
20250509,PIURA,PIURA,PIURA,200101,20250402,Aceite clasico botella 900 ml,8.8,10.55,Agro-industriales,CAJA CHICA,LITRO
20250509,PIURA,PIURA,PIURA,200101,20250402,Huevos rosados,6.54,10.25,Carnes y huevos,KILOGRAMO,KILOGRAMO
20250509,PIURA,PIURA,PIURA,200101,20250402,Ajo criollo o napuri,8.34,14.35,Hortalizas,MALLA MEDIANA,KILOGRAMO
20250509,PIURA,PIURA,PIURA,200101,20250402,Frijol castilla,4.15,6.45,Menestras,KILOGRAMO,KILOGRAMO
20250509,PIURA,PIURA,PIURA,200101,20250402,Arroz superior,2.71,3.95,Cereales,SACO NORMAL,KILOGRAMO
20250509,PIURA,PIURA,PIURA,200101,20250402,Mango edward,0,0,Frutas,KILOGRAMO,KILOGRAMO
20250509,PIURA,PIURA,PIURA,200101,20250402,Carne de pollo (eviscerado),7.55,9.75,Carnes y huevos,KILOGRAMO,KILOGRAMO
20250509,PIURA,PIURA,PIURA,200101,20250402,Platano seda congo,1.64,4.25,Frutas,KILOGRAMO,KILOGRAMO
20250509,PIURA,PIURA,PIURA,200101,20250402,Yuca blanca,1.73,3.55,Tuberculos,KILOGRAMO,KILOGRAMO
20250509,PIURA,PIURA,PIURA,200101,20250402,Pallar,5.5,7.75,Menestras,KILOGRAMO,KILOGRAMO
20250509,PIURA,PIURA,PIURA,200101,20250402,Choclo (tipo cusco),6.34,8.45,Cereales,CIENTO,UNIDAD
20250509,PIURA,PIURA,PIURA,200101,20250402,Papa canchan,1.16,2.35,Tuberculos,SACO GRANDE,KILOGRAMO
20250509,PIURA,PIURA,PIURA,200101,20250402,Melon coquito,2.29,3.35,Frutas,KILOGRAMO,KILOGRAMO
20250509,PIURA,PIURA,PIURA,200101,20250402,Zanahoria,1.75,3.25,Hortalizas,SACO MEDIANO,KILOGRAMO
20250509,PIURA,PIURA,PIURA,200101,20250402,Palta fuerte,5.65,5.9,Frutas,KILOGRAMO,KILOGRAMO
20250509,PIURA,PIURA,PIURA,200101,20250402,Tomate,2.09,4.7,Hortalizas,KILOGRAMO,KILOGRAMO
20250509,PIURA,PIURA,PIURA,200101,20250402,Lenteja,5.25,7.75,Menestras,KILOGRAMO,KILOGRAMO
20250509,PIURA,PIURA,PIURA,200101,20250402,Naranja valencia,2.44,4.45,Frutas,KILOGRAMO,KILOGRAMO
20250509,PIURA,PIURA,PIURA,200101,20250402,Garbanzo,5.78,8.9,Menestras,KILOGRAMO,KILOGRAMO
20250509,PIURA,PIURA,PIURA,200101,20250402,Carne fresca de vacuno,20.51,20.5,Carnes y huevos,KILOGRAMO,KILOGRAMO
20250509,PIURA,PIURA,PIURA,200101,20250402,Zapallo macre,1.82,2.9,Hortalizas,KILOGRAMO,KILOGRAMO
20250509,PIURA,PIURA,PIURA,200101,20250402,Aji escabeche,3.11,4.05,Hortalizas,KILOGRAMO,MALLA
20250509,PIURA,PIURA,PIURA,200101,20250402,Arveja verde blanca serrana,5.1,7.35,Legumbres,MALLA MEDIANA,KILOGRAMO
20250509,PIURA,PIURA,PIURA,200101,20250402,Manzana delicia,2.18,3.65,Frutas,KILOGRAMO,KILOGRAMO
20250509,PIURA,PIURA,PIURA,200101,20250402,Uva italia,3.54,7.4,Frutas,KILOGRAMO,KILOGRAMO
20250509,PIURA,PIURA,PIURA,200101,20250402,Leche fresca,3.25,4.35,Agro-industriales,LITRO,LITRO
20250509,PIURA,PIURA,PIURA,200101,20250402,Azucar blanca nacional (granel),4.24,5.4,Agro-industriales,SACO NORMAL,KILOGRAMO
20250509,PIURA,PIURA,PIURA,200101,20250402,Uva red globe,4.79,7.3,Frutas,KILOGRAMO,KILOGRAMO
20250404,PIURA,PIURA,PIURA,200101,20250328,Azucar rubia nacional (granel),2.85,3.7,Agro-industriales,SACO NORMAL,KILOGRAMO
20250404,PIURA,PIURA,PIURA,200101,20250328,Frijol canario,3.94,6.35,Menestras,KILOGRAMO,KILOGRAMO
20250404,PIURA,PIURA,PIURA,200101,20250328,Papaya,1.65,2.85,Frutas,KILOGRAMO,KILOGRAMO
20250404,PIURA,PIURA,PIURA,200101,20250328,Aji rocoto,4.4,6,Hortalizas,KILOGRAMO,KILOGRAMO
20250404,PIURA,PIURA,PIURA,200101,20250328,Limon sutil bolsa,1.8,2.4,Frutas,KILOGRAMO,KILOGRAMO
20250404,PIURA,PIURA,PIURA,200101,20250328,Olluco largo,3.05,3.85,Tuberculos,KILOGRAMO,KILOGRAMO
20250404,PIURA,PIURA,PIURA,200101,20250328,Camote morado,1.61,2.75,Tuberculos,SACO GRANDE,KILOGRAMO
20250404,PIURA,PIURA,PIURA,200101,20250328,Haba verde serrana,2.33,3.8,Legumbres,KILOGRAMO,KILOGRAMO
20250404,PIURA,PIURA,PIURA,200101,20250328,Arroz extra,2.86,4.45,Cereales,SACO NORMAL,KILOGRAMO
20250404,PIURA,PIURA,PIURA,200101,20250328,Leche reconstituida (azul) 395 gr,3.31,4.1,Agro-industriales,CAJA,LATA
20250404,PIURA,PIURA,PIURA,200101,20250328,Pina criolla,2.4,2.7,Frutas,KILOGRAMO,KILOGRAMO
20250404,PIURA,PIURA,PIURA,200101,20250328,Vainita americana,2.12,5.35,Legumbres,KILOGRAMO,KILOGRAMO
20250404,PIURA,PIURA,PIURA,200101,20250328,Manzana israel,2.75,3.8,Frutas,KILOGRAMO,KILOGRAMO
20250404,PIURA,PIURA,PIURA,200101,20250328,Platano bellaco,1.54,3.05,Frutas,LITRO,LITRO
20250404,PIURA,PIURA,PIURA,200101,20250328,Cebolla cabeza roja,1.9,3,Hortalizas,SACO,KILOGRAMO
20250404,PIURA,PIURA,PIURA,200101,20250328,Chirimoya cumbe,3,7.45,Frutas,CAJON CHICO,KILOGRAMO
20250404,PIURA,PIURA,PIURA,200101,20250328,Melocoton durazno huayco,4.68,8.6,Frutas,KILOGRAMO,KILOGRAMO
20250404,PIURA,PIURA,PIURA,200101,20250328,Sandia,1.65,2.35,Frutas,KILOGRAMO,KILOGRAMO
20250404,PIURA,PIURA,PIURA,200101,20250328,Aceite clasico botella 900 ml,8.8,10.55,Agro-industriales,CAJA CHICA,LITRO
20250404,PIURA,PIURA,PIURA,200101,20250328,Huevos rosados,6.54,10.25,Carnes y huevos,KILOGRAMO,KILOGRAMO
20250404,PIURA,PIURA,PIURA,200101,20250328,Ajo criollo o napuri,8.4,14.25,Hortalizas,MALLA MEDIANA,KILOGRAMO
20250404,PIURA,PIURA,PIURA,200101,20250328,Frijol castilla,4.18,6.3,Menestras,KILOGRAMO,KILOGRAMO
20250404,PIURA,PIURA,PIURA,200101,20250328,Arroz superior,2.81,3.95,Cereales,SACO NORMAL,KILOGRAMO
20250404,PIURA,PIURA,PIURA,200101,20250328,Mango edward,0,0,Frutas,KILOGRAMO,KILOGRAMO
20250404,PIURA,PIURA,PIURA,200101,20250328,Carne de pollo (eviscerado),7.85,9.75,Carnes y huevos,KILOGRAMO,KILOGRAMO
20250404,PIURA,PIURA,PIURA,200101,20250328,Platano seda congo,1.68,4.1,Frutas,KILOGRAMO,KILOGRAMO
20250404,PIURA,PIURA,PIURA,200101,20250328,Yuca blanca,1.72,3.35,Tuberculos,KILOGRAMO,KILOGRAMO
20250404,PIURA,PIURA,PIURA,200101,20250328,Pallar,5.5,7.75,Menestras,KILOGRAMO,KILOGRAMO
20250404,PIURA,PIURA,PIURA,200101,20250328,Papa amarilla,2.38,4,Tuberculos,SACO GRANDE,KILOGRAMO
20250404,PIURA,PIURA,PIURA,200101,20250328,Choclo (tipo cusco),6.34,8.4,Cereales,CIENTO,UNIDAD
20250404,PIURA,PIURA,PIURA,200101,20250328,Papa canchan,1.16,2.35,Tuberculos,SACO GRANDE,KILOGRAMO
20250404,PIURA,PIURA,PIURA,200101,20250328,Melon coquito,2.29,3.35,Frutas,KILOGRAMO,KILOGRAMO
20250404,PIURA,PIURA,PIURA,200101,20250328,Zanahoria,1.75,3.25,Hortalizas,SACO MEDIANO,KILOGRAMO
20250404,PIURA,PIURA,PIURA,200101,20250328,Palta fuerte,5.65,5.9,Frutas,KILOGRAMO,KILOGRAMO
20250404,PIURA,PIURA,PIURA,200101,20250328,Tomate,2.09,4.45,Hortalizas,KILOGRAMO,KILOGRAMO
20250404,PIURA,PIURA,PIURA,200101,20250328,Lenteja,5.25,7.75,Menestras,KILOGRAMO,KILOGRAMO
20250404,PIURA,PIURA,PIURA,200101,20250328,Naranja valencia,2.44,4.3,Frutas,KILOGRAMO,KILOGRAMO
20250404,PIURA,PIURA,PIURA,200101,20250328,Garbanzo,5.78,8.9,Menestras,KILOGRAMO,KILOGRAMO
20250404,PIURA,PIURA,PIURA,200101,20250328,Carne fresca de vacuno,14,20.5,Carnes y huevos,KILOGRAMO,KILOGRAMO
20250404,PIURA,PIURA,PIURA,200101,20250328,Zapallo macre,1.85,2.9,Hortalizas,KILOGRAMO,KILOGRAMO
20250404,PIURA,PIURA,PIURA,200101,20250328,Fideos nicolini tallarin,4.3,6.45,Agro-industriales,PAQUETE,KILOGRAMO
20250404,PIURA,PIURA,PIURA,200101,20250328,Aji escabeche,3.14,4.05,Hortalizas,KILOGRAMO,MALLA
20250404,PIURA,PIURA,PIURA,200101,20250328,Arveja verde blanca serrana,5.1,7.35,Legumbres,MALLA MEDIANA,KILOGRAMO
20250404,PIURA,PIURA,PIURA,200101,20250328,Manzana delicia,2.28,3.65,Frutas,KILOGRAMO,KILOGRAMO
20250404,PIURA,PIURA,PIURA,200101,20250328,Uva italia,3.83,7.4,Frutas,KILOGRAMO,KILOGRAMO
20250404,PIURA,PIURA,PIURA,200101,20250328,Leche fresca,3.25,4.35,Agro-industriales,LITRO,LITRO
20250404,PIURA,PIURA,PIURA,200101,20250328,Azucar blanca nacional (granel),4.25,5.4,Agro-industriales,SACO NORMAL,KILOGRAMO
20250404,PIURA,PIURA,PIURA,200101,20250328,Uva red globe,4.83,7.1,Frutas,KILOGRAMO,KILOGRAMO
20250404,PIURA,PIURA,PIURA,200101,20250328,Carne de porcino (corte unico),13.25,19.5,Carnes y huevos,UNIDAD,KILOGRAMO
20250404,PIURA,PIURA,PIURA,200101,20250328,Uva alfonso lavalett,3.5,5.9,Frutas,KILOGRAMO,KILOGRAMO
20250404,PIURA,PIURA,PIURA,200101,20250326,Arroz extra,2.86,4.45,Cereales,SACO NORMAL,KILOGRAMO
20250404,PIURA,PIURA,PIURA,200101,20250326,Leche reconstituida (azul) 395 gr,3.28,4.1,Agro-industriales,CAJA,LATA
20250404,PIURA,PIURA,PIURA,200101,20250326,Pina criolla,2.4,2.7,Frutas,KILOGRAMO,KILOGRAMO
20250404,PIURA,PIURA,PIURA,200101,20250326,Vainita americana,2.12,5.35,Legumbres,KILOGRAMO,KILOGRAMO
20250404,PIURA,PIURA,PIURA,200101,20250326,Manzana israel,2.78,3.85,Frutas,KILOGRAMO,KILOGRAMO
20250404,PIURA,PIURA,PIURA,200101,20250326,Platano bellaco,1.5,3.05,Frutas,LITRO,LITRO
20250404,PIURA,PIURA,PIURA,200101,20250326,Cebolla cabeza roja,1.96,3,Hortalizas,SACO,KILOGRAMO
20250404,PIURA,PIURA,PIURA,200101,20250326,Chirimoya cumbe,3,7.45,Frutas,CAJON CHICO,KILOGRAMO
20250404,PIURA,PIURA,PIURA,200101,20250326,Melocoton durazno huayco,4.68,8.65,Frutas,KILOGRAMO,KILOGRAMO
20250404,PIURA,PIURA,PIURA,200101,20250326,Sandia,1.65,2.35,Frutas,KILOGRAMO,KILOGRAMO
20250404,PIURA,PIURA,PIURA,200101,20250326,Aceite clasico botella 900 ml,8.8,10.55,Agro-industriales,CAJA CHICA,LITRO
20250404,PIURA,PIURA,PIURA,200101,20250326,Huevos rosados,6.54,10.25,Carnes y huevos,KILOGRAMO,KILOGRAMO
20250404,PIURA,PIURA,PIURA,200101,20250326,Ajo criollo o napuri,8.38,14.25,Hortalizas,MALLA MEDIANA,KILOGRAMO
20250404,PIURA,PIURA,PIURA,200101,20250326,Frijol castilla,4.18,6.3,Menestras,KILOGRAMO,KILOGRAMO
20250404,PIURA,PIURA,PIURA,200101,20250326,Arroz superior,2.81,3.95,Cereales,SACO NORMAL,KILOGRAMO
20250404,PIURA,PIURA,PIURA,200101,20250326,Mango edward,0,0,Frutas,KILOGRAMO,KILOGRAMO
20250404,PIURA,PIURA,PIURA,200101,20250326,Carne de pollo (eviscerado),7.85,9.35,Carnes y huevos,KILOGRAMO,KILOGRAMO
20250404,PIURA,PIURA,PIURA,200101,20250326,Platano seda congo,1.68,4.1,Frutas,KILOGRAMO,KILOGRAMO
20250404,PIURA,PIURA,PIURA,200101,20250326,Yuca blanca,1.72,3.1,Tuberculos,KILOGRAMO,KILOGRAMO
20250404,PIURA,PIURA,PIURA,200101,20250326,Pallar,5.5,7.75,Menestras,KILOGRAMO,KILOGRAMO
20250404,PIURA,PIURA,PIURA,200101,20250326,Papa amarilla,2.38,4,Tuberculos,SACO GRANDE,KILOGRAMO
20250404,PIURA,PIURA,PIURA,200101,20250326,Choclo (tipo cusco),6.28,8.25,Cereales,CIENTO,UNIDAD
20250404,PIURA,PIURA,PIURA,200101,20250326,Papa canchan,1.18,2.4,Tuberculos,SACO GRANDE,KILOGRAMO
20250404,PIURA,PIURA,PIURA,200101,20250326,Melon coquito,2.29,3.35,Frutas,KILOGRAMO,KILOGRAMO
20250404,PIURA,PIURA,PIURA,200101,20250326,Zanahoria,1.75,3.25,Hortalizas,SACO MEDIANO,KILOGRAMO
20250404,PIURA,PIURA,PIURA,200101,20250326,Palta fuerte,5.65,5.75,Frutas,KILOGRAMO,KILOGRAMO
20250404,PIURA,PIURA,PIURA,200101,20250326,Tomate,2.09,4.6,Hortalizas,KILOGRAMO,KILOGRAMO
20250404,PIURA,PIURA,PIURA,200101,20250326,Lenteja,5.05,7.75,Menestras,KILOGRAMO,KILOGRAMO
20250404,PIURA,PIURA,PIURA,200101,20250326,Naranja valencia,2.44,4.3,Frutas,KILOGRAMO,KILOGRAMO
20250404,PIURA,PIURA,PIURA,200101,20250326,Garbanzo,5.82,8.75,Menestras,KILOGRAMO,KILOGRAMO
20250404,PIURA,PIURA,PIURA,200101,20250326,Carne fresca de vacuno,14.75,20.5,Carnes y huevos,KILOGRAMO,KILOGRAMO
20250404,PIURA,PIURA,PIURA,200101,20250326,Zapallo macre,2.03,2.9,Hortalizas,KILOGRAMO,KILOGRAMO
20250404,PIURA,PIURA,PIURA,200101,20250326,Fideos nicolini tallarin,4.3,6.45,Agro-industriales,PAQUETE,KILOGRAMO
20250404,PIURA,PIURA,PIURA,200101,20250326,Aji escabeche,3.14,4.05,Hortalizas,KILOGRAMO,MALLA
20250404,PIURA,PIURA,PIURA,200101,20250326,Arveja verde blanca serrana,5.1,7.35,Legumbres,MALLA MEDIANA,KILOGRAMO
20250404,PIURA,PIURA,PIURA,200101,20250326,Manzana delicia,2.28,3.65,Frutas,KILOGRAMO,KILOGRAMO
20250404,PIURA,PIURA,PIURA,200101,20250326,Uva italia,4,7.15,Frutas,KILOGRAMO,KILOGRAMO
20250404,PIURA,PIURA,PIURA,200101,20250326,Leche fresca,3.25,4.35,Agro-industriales,LITRO,LITRO
20250404,PIURA,PIURA,PIURA,200101,20250326,Azucar blanca nacional (granel),4.25,5.4,Agro-industriales,SACO NORMAL,KILOGRAMO
20250404,PIURA,PIURA,PIURA,200101,20250326,Uva red globe,5,7.1,Frutas,KILOGRAMO,KILOGRAMO
20250404,PIURA,PIURA,PIURA,200101,20250326,Carne de porcino (corte unico),13.25,19,Carnes y huevos,UNIDAD,KILOGRAMO
20250404,PIURA,PIURA,PIURA,200101,20250326,Uva alfonso lavalett,3.54,5.9,Frutas,KILOGRAMO,KILOGRAMO
20250404,PIURA,PIURA,PIURA,200101,20250326,Azucar rubia nacional (granel),2.85,3.7,Agro-industriales,SACO NORMAL,KILOGRAMO
20250404,PIURA,PIURA,PIURA,200101,20250326,Frijol canario,3.93,6.35,Menestras,KILOGRAMO,KILOGRAMO
20250404,PIURA,PIURA,PIURA,200101,20250326,Papaya,1.65,2.85,Frutas,KILOGRAMO,KILOGRAMO
20250404,PIURA,PIURA,PIURA,200101,20250326,Aji rocoto,4.5,8,Hortalizas,KILOGRAMO,KILOGRAMO
20250404,PIURA,PIURA,PIURA,200101,20250326,Limon sutil bolsa,1.82,2.45,Frutas,KILOGRAMO,KILOGRAMO
20250404,PIURA,PIURA,PIURA,200101,20250326,Olluco largo,3.05,3.75,Tuberculos,KILOGRAMO,KILOGRAMO
20250404,PIURA,PIURA,PIURA,200101,20250326,Camote morado,1.61,2.75,Tuberculos,SACO GRANDE,KILOGRAMO
20250404,PIURA,PIURA,PIURA,200101,20250326,Haba verde serrana,2.34,3.9,Legumbres,KILOGRAMO,KILOGRAMO
20250404,PIURA,PIURA,PIURA,200101,20250324,Cebolla cabeza roja,1.96,3,Hortalizas,SACO,KILOGRAMO
20250404,PIURA,PIURA,PIURA,200101,20250324,Chirimoya cumbe,4.48,7.45,Frutas,CAJON CHICO,KILOGRAMO
20250404,PIURA,PIURA,PIURA,200101,20250324,Sandia,1.65,2.35,Frutas,KILOGRAMO,KILOGRAMO
20250404,PIURA,PIURA,PIURA,200101,20250324,Aceite clasico botella 900 ml,9.03,10.55,Agro-industriales,CAJA CHICA,LITRO
20250404,PIURA,PIURA,PIURA,200101,20250324,Huevos rosados,6.67,10.25,Carnes y huevos,KILOGRAMO,KILOGRAMO
20250404,PIURA,PIURA,PIURA,200101,20250324,Ajo criollo o napuri,8.4,14.25,Hortalizas,MALLA MEDIANA,KILOGRAMO
20250404,PIURA,PIURA,PIURA,200101,20250324,Frijol castilla,4.19,6.3,Menestras,KILOGRAMO,KILOGRAMO
20250404,PIURA,PIURA,PIURA,200101,20250324,Arroz superior,2.81,3.95,Cereales,SACO NORMAL,KILOGRAMO
20250404,PIURA,PIURA,PIURA,200101,20250324,Mango edward,0,0,Frutas,KILOGRAMO,KILOGRAMO
20250404,PIURA,PIURA,PIURA,200101,20250324,Carne de pollo (eviscerado),7.55,9.35,Carnes y huevos,KILOGRAMO,KILOGRAMO
20250404,PIURA,PIURA,PIURA,200101,20250324,Platano seda congo,1.68,4.1,Frutas,KILOGRAMO,KILOGRAMO
20250404,PIURA,PIURA,PIURA,200101,20250324,Yuca blanca,1.72,3.1,Tuberculos,KILOGRAMO,KILOGRAMO
20250404,PIURA,PIURA,PIURA,200101,20250324,Pallar,5.5,7.75,Menestras,KILOGRAMO,KILOGRAMO
20250404,PIURA,PIURA,PIURA,200101,20250324,Papa amarilla,2.36,4,Tuberculos,SACO GRANDE,KILOGRAMO
20250404,PIURA,PIURA,PIURA,200101,20250324,Melocoton durazno huayco,4.68,8.65,Frutas,KILOGRAMO,KILOGRAMO
20250404,PIURA,PIURA,PIURA,200101,20250324,Choclo (tipo cusco),6.28,8.25,Cereales,CIENTO,UNIDAD
20250404,PIURA,PIURA,PIURA,200101,20250324,Papa canchan,1.18,2.4,Tuberculos,SACO GRANDE,KILOGRAMO
20250404,PIURA,PIURA,PIURA,200101,20250324,Melon coquito,2.29,3.35,Frutas,KILOGRAMO,KILOGRAMO
20250404,PIURA,PIURA,PIURA,200101,20250324,Zanahoria,1.75,3.25,Hortalizas,SACO MEDIANO,KILOGRAMO
20250404,PIURA,PIURA,PIURA,200101,20250324,Palta fuerte,5.65,5.75,Frutas,KILOGRAMO,KILOGRAMO
20250404,PIURA,PIURA,PIURA,200101,20250324,Tomate,2.09,5.1,Hortalizas,KILOGRAMO,KILOGRAMO
20250404,PIURA,PIURA,PIURA,200101,20250324,Lenteja,5.05,7.75,Menestras,KILOGRAMO,KILOGRAMO
20250404,PIURA,PIURA,PIURA,200101,20250324,Naranja valencia,2.44,4.15,Frutas,KILOGRAMO,KILOGRAMO
20250404,PIURA,PIURA,PIURA,200101,20250324,Garbanzo,5.82,8.75,Menestras,KILOGRAMO,KILOGRAMO
20250404,PIURA,PIURA,PIURA,200101,20250324,Carne fresca de vacuno,14.75,20.5,Carnes y huevos,KILOGRAMO,KILOGRAMO
20250404,PIURA,PIURA,PIURA,200101,20250324,Zapallo macre,2.05,2.9,Hortalizas,KILOGRAMO,KILOGRAMO
20250404,PIURA,PIURA,PIURA,200101,20250324,Fideos nicolini tallarin,4.3,6.45,Agro-industriales,PAQUETE,KILOGRAMO
20250404,PIURA,PIURA,PIURA,200101,20250324,Aji escabeche,3.34,4,Hortalizas,KILOGRAMO,MALLA
20250404,PIURA,PIURA,PIURA,200101,20250324,Arveja verde blanca serrana,5.1,7.35,Legumbres,MALLA MEDIANA,KILOGRAMO
20250404,PIURA,PIURA,PIURA,200101,20250324,Manzana delicia,2.28,3.65,Frutas,KILOGRAMO,KILOGRAMO
20250404,PIURA,PIURA,PIURA,200101,20250324,Uva italia,4,7.15,Frutas,KILOGRAMO,KILOGRAMO
20250404,PIURA,PIURA,PIURA,200101,20250324,Leche fresca,3.25,4.35,Agro-industriales,LITRO,LITRO
20250404,PIURA,PIURA,PIURA,200101,20250324,Azucar blanca nacional (granel),4.25,5.4,Agro-industriales,SACO NORMAL,KILOGRAMO
20250404,PIURA,PIURA,PIURA,200101,20250324,Uva red globe,5,7.1,Frutas,KILOGRAMO,KILOGRAMO
20250404,PIURA,PIURA,PIURA,200101,20250324,Carne de porcino (corte unico),13.25,19,Carnes y huevos,UNIDAD,KILOGRAMO
20250404,PIURA,PIURA,PIURA,200101,20250324,Uva alfonso lavalett,3.54,5.9,Frutas,KILOGRAMO,KILOGRAMO
20250404,PIURA,PIURA,PIURA,200101,20250324,Azucar rubia nacional (granel),2.85,3.7,Agro-industriales,SACO NORMAL,KILOGRAMO
20250404,PIURA,PIURA,PIURA,200101,20250324,Frijol canario,3.93,6.35,Menestras,KILOGRAMO,KILOGRAMO
20250404,PIURA,PIURA,PIURA,200101,20250324,Arroz extra,2.86,4.45,Cereales,SACO NORMAL,KILOGRAMO
20250404,PIURA,PIURA,PIURA,200101,20250324,Papaya,1.65,2.85,Frutas,KILOGRAMO,KILOGRAMO
20250404,PIURA,PIURA,PIURA,200101,20250324,Aji rocoto,4.5,8,Hortalizas,KILOGRAMO,KILOGRAMO
20250404,PIURA,PIURA,PIURA,200101,20250324,Limon sutil bolsa,1.82,2.45,Frutas,KILOGRAMO,KILOGRAMO
20250404,PIURA,PIURA,PIURA,200101,20250324,Olluco largo,3.05,3.75,Tuberculos,KILOGRAMO,KILOGRAMO
20250404,PIURA,PIURA,PIURA,200101,20250324,Camote morado,1.61,2.75,Tuberculos,SACO GRANDE,KILOGRAMO
20250404,PIURA,PIURA,PIURA,200101,20250324,Manzana israel,2.78,3.85,Frutas,KILOGRAMO,KILOGRAMO
20250404,PIURA,PIURA,PIURA,200101,20250324,Haba verde serrana,2.38,3.9,Legumbres,KILOGRAMO,KILOGRAMO
20250404,PIURA,PIURA,PIURA,200101,20250324,Leche reconstituida (azul) 395 gr,3.28,4.1,Agro-industriales,CAJA,LATA
20250404,PIURA,PIURA,PIURA,200101,20250324,Pina criolla,2.4,2.7,Frutas,KILOGRAMO,KILOGRAMO
20250404,PIURA,PIURA,PIURA,200101,20250324,Vainita americana,2.12,5.35,Legumbres,KILOGRAMO,KILOGRAMO
20250404,PIURA,PIURA,PIURA,200101,20250324,Platano bellaco,1.5,3.05,Frutas,LITRO,LITRO
20250404,PIURA,PIURA,PIURA,200101,20250321,Sandia,1.65,2.45,Frutas,KILOGRAMO,KILOGRAMO
20250404,PIURA,PIURA,PIURA,200101,20250321,Aceite clasico botella 900 ml,9.03,10.55,Agro-industriales,CAJA CHICA,LITRO
20250404,PIURA,PIURA,PIURA,200101,20250321,Huevos rosados,6.58,10.25,Carnes y huevos,KILOGRAMO,KILOGRAMO
20250404,PIURA,PIURA,PIURA,200101,20250321,Ajo criollo o napuri,8.78,14.25,Hortalizas,MALLA MEDIANA,KILOGRAMO
20250404,PIURA,PIURA,PIURA,200101,20250321,Frijol castilla,4.17,6.1,Menestras,KILOGRAMO,KILOGRAMO
20250404,PIURA,PIURA,PIURA,200101,20250321,Arroz superior,2.8,3.95,Cereales,SACO NORMAL,KILOGRAMO
20250404,PIURA,PIURA,PIURA,200101,20250321,Mango edward,1.43,2.1,Frutas,KILOGRAMO,KILOGRAMO
20250404,PIURA,PIURA,PIURA,200101,20250321,Carne de pollo (eviscerado),7.25,9.35,Carnes y huevos,KILOGRAMO,KILOGRAMO
20250404,PIURA,PIURA,PIURA,200101,20250321,Platano seda congo,1.68,4.1,Frutas,KILOGRAMO,KILOGRAMO
20250404,PIURA,PIURA,PIURA,200101,20250321,Yuca blanca,1.72,3.25,Tuberculos,KILOGRAMO,KILOGRAMO
20250404,PIURA,PIURA,PIURA,200101,20250321,Pallar,5.5,7.75,Menestras,KILOGRAMO,KILOGRAMO
20250404,PIURA,PIURA,PIURA,200101,20250321,Papa amarilla,2.35,3.9,Tuberculos,SACO GRANDE,KILOGRAMO
20250404,PIURA,PIURA,PIURA,200101,20250321,Melocoton durazno huayco,4.68,8.65,Frutas,KILOGRAMO,KILOGRAMO
20250404,PIURA,PIURA,PIURA,200101,20250321,Choclo (tipo cusco),6.28,8.25,Cereales,CIENTO,UNIDAD
20250404,PIURA,PIURA,PIURA,200101,20250321,Papa canchan,1.18,2.4,Tuberculos,SACO GRANDE,KILOGRAMO
20250404,PIURA,PIURA,PIURA,200101,20250321,Melon coquito,2.54,3.35,Frutas,KILOGRAMO,KILOGRAMO
20250404,PIURA,PIURA,PIURA,200101,20250321,Zanahoria,1.82,3.25,Hortalizas,SACO MEDIANO,KILOGRAMO
20250404,PIURA,PIURA,PIURA,200101,20250321,Palta fuerte,5.65,5.9,Frutas,KILOGRAMO,KILOGRAMO
20250404,PIURA,PIURA,PIURA,200101,20250321,Tomate,2.09,4.75,Hortalizas,KILOGRAMO,KILOGRAMO
20250404,PIURA,PIURA,PIURA,200101,20250321,Lenteja,5.05,7.75,Menestras,KILOGRAMO,KILOGRAMO
20250404,PIURA,PIURA,PIURA,200101,20250321,Naranja valencia,2.71,4.15,Frutas,KILOGRAMO,KILOGRAMO
20250404,PIURA,PIURA,PIURA,200101,20250321,Garbanzo,5.78,8.75,Menestras,KILOGRAMO,KILOGRAMO
20250404,PIURA,PIURA,PIURA,200101,20250321,Carne fresca de vacuno,13.25,19.5,Carnes y huevos,KILOGRAMO,KILOGRAMO
20250404,PIURA,PIURA,PIURA,200101,20250321,Zapallo macre,2.03,2.9,Hortalizas,KILOGRAMO,KILOGRAMO
20250404,PIURA,PIURA,PIURA,200101,20250321,Fideos nicolini tallarin,4.4,6.45,Agro-industriales,PAQUETE,KILOGRAMO
20250404,PIURA,PIURA,PIURA,200101,20250321,Aji escabeche,4.01,4.4,Hortalizas,KILOGRAMO,MALLA
20250404,PIURA,PIURA,PIURA,200101,20250321,Arveja verde blanca serrana,5.25,7.1,Legumbres,MALLA MEDIANA,KILOGRAMO
20250404,PIURA,PIURA,PIURA,200101,20250321,Manzana delicia,2.15,3.65,Frutas,KILOGRAMO,KILOGRAMO
20250404,PIURA,PIURA,PIURA,200101,20250321,Uva italia,4,7.25,Frutas,KILOGRAMO,KILOGRAMO
20250404,PIURA,PIURA,PIURA,200101,20250321,Leche fresca,3.25,4.35,Agro-industriales,LITRO,LITRO
20250404,PIURA,PIURA,PIURA,200101,20250321,Azucar blanca nacional (granel),4.25,5.4,Agro-industriales,SACO NORMAL,KILOGRAMO
20250404,PIURA,PIURA,PIURA,200101,20250321,Uva red globe,5,7.1,Frutas,KILOGRAMO,KILOGRAMO
20250404,PIURA,PIURA,PIURA,200101,20250321,Carne de porcino (corte unico),13.25,19,Carnes y huevos,UNIDAD,KILOGRAMO
20250404,PIURA,PIURA,PIURA,200101,20250321,Uva alfonso lavalett,3.54,5.9,Frutas,KILOGRAMO,KILOGRAMO
20250404,PIURA,PIURA,PIURA,200101,20250321,Frijol canario,3.85,6.35,Menestras,KILOGRAMO,KILOGRAMO
20250404,PIURA,PIURA,PIURA,200101,20250321,Arroz extra,2.85,4.35,Cereales,SACO NORMAL,KILOGRAMO
20250404,PIURA,PIURA,PIURA,200101,20250321,Papaya,1.65,2.85,Frutas,KILOGRAMO,KILOGRAMO
20250404,PIURA,PIURA,PIURA,200101,20250321,Aji rocoto,4.5,8,Hortalizas,KILOGRAMO,KILOGRAMO
20250404,PIURA,PIURA,PIURA,200101,20250321,Limon sutil bolsa,1.82,2.45,Frutas,KILOGRAMO,KILOGRAMO
20250404,PIURA,PIURA,PIURA,200101,20250321,Olluco largo,3,3.75,Tuberculos,KILOGRAMO,KILOGRAMO
20250404,PIURA,PIURA,PIURA,200101,20250321,Camote morado,1.61,2.75,Tuberculos,SACO GRANDE,KILOGRAMO
20250404,PIURA,PIURA,PIURA,200101,20250321,Manzana israel,2.83,4.1,Frutas,KILOGRAMO,KILOGRAMO
20250404,PIURA,PIURA,PIURA,200101,20250321,Haba verde serrana,2.39,3.9,Legumbres,KILOGRAMO,KILOGRAMO
20250404,PIURA,PIURA,PIURA,200101,20250321,Azucar rubia nacional (granel),2.85,3.7,Agro-industriales,SACO NORMAL,KILOGRAMO
20250404,PIURA,PIURA,PIURA,200101,20250321,Leche reconstituida (azul) 395 gr,3.28,4.1,Agro-industriales,CAJA,LATA
20250404,PIURA,PIURA,PIURA,200101,20250321,Pina criolla,2,2.7,Frutas,KILOGRAMO,KILOGRAMO
20250404,PIURA,PIURA,PIURA,200101,20250321,Vainita americana,2.22,5.35,Legumbres,KILOGRAMO,KILOGRAMO
20250404,PIURA,PIURA,PIURA,200101,20250321,Platano bellaco,1.5,3.05,Frutas,LITRO,LITRO
20250404,PIURA,PIURA,PIURA,200101,20250321,Cebolla cabeza roja,2.07,3,Hortalizas,SACO,KILOGRAMO
20250404,PIURA,PIURA,PIURA,200101,20250321,Chirimoya cumbe,2.85,7.25,Frutas,CAJON CHICO,KILOGRAMO
20250404,PIURA,PIURA,PIURA,200101,20250319,Choclo (tipo cusco),6.1,8.25,Cereales,CIENTO,UNIDAD
20250404,PIURA,PIURA,PIURA,200101,20250319,Papa canchan,1.18,2.4,Tuberculos,SACO GRANDE,KILOGRAMO
20250404,PIURA,PIURA,PIURA,200101,20250319,Melon coquito,2.58,3.35,Frutas,KILOGRAMO,KILOGRAMO
20250404,PIURA,PIURA,PIURA,200101,20250319,Zanahoria,1.82,3.25,Hortalizas,SACO MEDIANO,KILOGRAMO
20250404,PIURA,PIURA,PIURA,200101,20250319,Palta fuerte,5.25,5.9,Frutas,KILOGRAMO,KILOGRAMO
20250404,PIURA,PIURA,PIURA,200101,20250319,Tomate,2.09,4.75,Hortalizas,KILOGRAMO,KILOGRAMO
20250404,PIURA,PIURA,PIURA,200101,20250319,Lenteja,5.05,7.75,Menestras,KILOGRAMO,KILOGRAMO
20250404,PIURA,PIURA,PIURA,200101,20250319,Naranja valencia,3.2,4.05,Frutas,KILOGRAMO,KILOGRAMO
20250404,PIURA,PIURA,PIURA,200101,20250319,Garbanzo,5.75,8.75,Menestras,KILOGRAMO,KILOGRAMO
20250404,PIURA,PIURA,PIURA,200101,20250319,Carne fresca de vacuno,13.25,19.5,Carnes y huevos,KILOGRAMO,KILOGRAMO
20250404,PIURA,PIURA,PIURA,200101,20250319,Zapallo macre,2.03,2.9,Hortalizas,KILOGRAMO,KILOGRAMO
20250404,PIURA,PIURA,PIURA,200101,20250319,Fideos nicolini tallarin,4.4,6.45,Agro-industriales,PAQUETE,KILOGRAMO
20250404,PIURA,PIURA,PIURA,200101,20250319,Aji escabeche,4.01,4.4,Hortalizas,KILOGRAMO,MALLA
20250404,PIURA,PIURA,PIURA,200101,20250319,Arveja verde blanca serrana,5.3,7.1,Legumbres,MALLA MEDIANA,KILOGRAMO
20250404,PIURA,PIURA,PIURA,200101,20250319,Manzana delicia,2.23,3.1,Frutas,KILOGRAMO,KILOGRAMO
20250404,PIURA,PIURA,PIURA,200101,20250319,Uva italia,4,7.25,Frutas,KILOGRAMO,KILOGRAMO
20250404,PIURA,PIURA,PIURA,200101,20250319,Leche fresca,3.25,4.25,Agro-industriales,LITRO,LITRO
20250404,PIURA,PIURA,PIURA,200101,20250319,Azucar blanca nacional (granel),4.25,5.25,Agro-industriales,SACO NORMAL,KILOGRAMO
20250404,PIURA,PIURA,PIURA,200101,20250319,Uva red globe,5,7.1,Frutas,KILOGRAMO,KILOGRAMO
20250404,PIURA,PIURA,PIURA,200101,20250319,Carne de porcino (corte unico),13.25,19,Carnes y huevos,UNIDAD,KILOGRAMO
20250404,PIURA,PIURA,PIURA,200101,20250319,Uva alfonso lavalett,3.54,5.9,Frutas,KILOGRAMO,KILOGRAMO
20250404,PIURA,PIURA,PIURA,200101,20250319,Frijol canario,3.85,6.35,Menestras,KILOGRAMO,KILOGRAMO
20250404,PIURA,PIURA,PIURA,200101,20250319,Arroz extra,2.73,4.5,Cereales,SACO NORMAL,KILOGRAMO
20250404,PIURA,PIURA,PIURA,200101,20250319,Papaya,1.65,2.9,Frutas,KILOGRAMO,KILOGRAMO
20250404,PIURA,PIURA,PIURA,200101,20250319,Aji rocoto,4.55,8,Hortalizas,KILOGRAMO,KILOGRAMO
20250404,PIURA,PIURA,PIURA,200101,20250319,Limon sutil bolsa,1.82,2.15,Frutas,KILOGRAMO,KILOGRAMO
20250404,PIURA,PIURA,PIURA,200101,20250319,Olluco largo,2.9,3.75,Tuberculos,KILOGRAMO,KILOGRAMO
20250404,PIURA,PIURA,PIURA,200101,20250319,Camote morado,1.61,2.75,Tuberculos,SACO GRANDE,KILOGRAMO
20250404,PIURA,PIURA,PIURA,200101,20250319,Manzana israel,2.83,4.1,Frutas,KILOGRAMO,KILOGRAMO
20250404,PIURA,PIURA,PIURA,200101,20250319,Haba verde serrana,2.39,3.9,Legumbres,KILOGRAMO,KILOGRAMO
20250404,PIURA,PIURA,PIURA,200101,20250319,Azucar rubia nacional (granel),2.85,3.7,Agro-industriales,SACO NORMAL,KILOGRAMO
20250404,PIURA,PIURA,PIURA,200101,20250319,Leche reconstituida (azul) 395 gr,3.28,4.1,Agro-industriales,CAJA,LATA
20250404,PIURA,PIURA,PIURA,200101,20250319,Pina criolla,2,2.7,Frutas,KILOGRAMO,KILOGRAMO
20250404,PIURA,PIURA,PIURA,200101,20250319,Vainita americana,2.22,5.25,Legumbres,KILOGRAMO,KILOGRAMO
20250404,PIURA,PIURA,PIURA,200101,20250319,Platano bellaco,1.5,3,Frutas,LITRO,LITRO
20250404,PIURA,PIURA,PIURA,200101,20250319,Cebolla cabeza roja,2.08,3,Hortalizas,SACO,KILOGRAMO
20250404,PIURA,PIURA,PIURA,200101,20250319,Chirimoya cumbe,3.05,7.25,Frutas,CAJON CHICO,KILOGRAMO
20250404,PIURA,PIURA,PIURA,200101,20250319,Aceite clasico botella 900 ml,9.03,10.55,Agro-industriales,CAJA CHICA,LITRO
20250404,PIURA,PIURA,PIURA,200101,20250319,Huevos rosados,6.58,10.1,Carnes y huevos,KILOGRAMO,KILOGRAMO
20250404,PIURA,PIURA,PIURA,200101,20250319,Ajo criollo o napuri,8.78,14.25,Hortalizas,MALLA MEDIANA,KILOGRAMO
20250404,PIURA,PIURA,PIURA,200101,20250319,Frijol castilla,4.15,6.1,Menestras,KILOGRAMO,KILOGRAMO
20250404,PIURA,PIURA,PIURA,200101,20250319,Arroz superior,2.87,4.45,Cereales,SACO NORMAL,KILOGRAMO
20250404,PIURA,PIURA,PIURA,200101,20250319,Mango edward,1.43,2.1,Frutas,KILOGRAMO,KILOGRAMO
20250404,PIURA,PIURA,PIURA,200101,20250319,Carne de pollo (eviscerado),7.25,9.4,Carnes y huevos,KILOGRAMO,KILOGRAMO
20250404,PIURA,PIURA,PIURA,200101,20250319,Platano seda congo,1.79,4.1,Frutas,KILOGRAMO,KILOGRAMO
20250404,PIURA,PIURA,PIURA,200101,20250319,Yuca blanca,1.72,3.25,Tuberculos,KILOGRAMO,KILOGRAMO
20250404,PIURA,PIURA,PIURA,200101,20250319,Pallar,5,7.75,Menestras,KILOGRAMO,KILOGRAMO
20250404,PIURA,PIURA,PIURA,200101,20250319,Papa amarilla,2.35,3.9,Tuberculos,SACO GRANDE,KILOGRAMO
20250404,PIURA,PIURA,PIURA,200101,20250319,Melocoton durazno huayco,4.75,8.65,Frutas,KILOGRAMO,KILOGRAMO
20250404,PIURA,PIURA,PIURA,200101,20250319,Sandia,1.65,2.45,Frutas,KILOGRAMO,KILOGRAMO
20250404,PIURA,PIURA,PIURA,200101,20250314,Palta fuerte,5.75,6.1,Frutas,KILOGRAMO,KILOGRAMO
20250404,PIURA,PIURA,PIURA,200101,20250314,Tomate,2.16,3.9,Hortalizas,KILOGRAMO,KILOGRAMO
20250404,PIURA,PIURA,PIURA,200101,20250314,Lenteja,5.05,8.25,Menestras,KILOGRAMO,KILOGRAMO
20250404,PIURA,PIURA,PIURA,200101,20250314,Naranja valencia,2.79,3.55,Frutas,KILOGRAMO,KILOGRAMO
20250404,PIURA,PIURA,PIURA,200101,20250314,Garbanzo,5.9,9.1,Menestras,KILOGRAMO,KILOGRAMO
20250404,PIURA,PIURA,PIURA,200101,20250314,Carne fresca de vacuno,15.5,19,Carnes y huevos,KILOGRAMO,KILOGRAMO
20250404,PIURA,PIURA,PIURA,200101,20250314,Zapallo macre,2.03,2.9,Hortalizas,KILOGRAMO,KILOGRAMO
20250404,PIURA,PIURA,PIURA,200101,20250314,Fideos nicolini tallarin,4.35,6.45,Agro-industriales,PAQUETE,KILOGRAMO
20250404,PIURA,PIURA,PIURA,200101,20250314,Aji escabeche,4.01,4.6,Hortalizas,KILOGRAMO,MALLA
20250404,PIURA,PIURA,PIURA,200101,20250314,Arveja verde blanca serrana,5.3,7,Legumbres,MALLA MEDIANA,KILOGRAMO
20250404,PIURA,PIURA,PIURA,200101,20250314,Manzana delicia,2.23,3.25,Frutas,KILOGRAMO,KILOGRAMO
20250404,PIURA,PIURA,PIURA,200101,20250314,Uva italia,4,7.25,Frutas,KILOGRAMO,KILOGRAMO
20250404,PIURA,PIURA,PIURA,200101,20250314,Leche fresca,3.25,4.1,Agro-industriales,LITRO,LITRO
20250404,PIURA,PIURA,PIURA,200101,20250314,Azucar blanca nacional (granel),4.25,5.25,Agro-industriales,SACO NORMAL,KILOGRAMO
20250404,PIURA,PIURA,PIURA,200101,20250314,Uva red globe,5,7,Frutas,KILOGRAMO,KILOGRAMO
20250404,PIURA,PIURA,PIURA,200101,20250314,Carne de porcino (corte unico),14,17.25,Carnes y huevos,UNIDAD,KILOGRAMO
20250404,PIURA,PIURA,PIURA,200101,20250314,Uva alfonso lavalett,3.54,5.4,Frutas,KILOGRAMO,KILOGRAMO
20250404,PIURA,PIURA,PIURA,200101,20250314,Frijol canario,3.85,6.25,Menestras,KILOGRAMO,KILOGRAMO
20250404,PIURA,PIURA,PIURA,200101,20250314,Arroz extra,2.73,4.5,Cereales,SACO NORMAL,KILOGRAMO
20250404,PIURA,PIURA,PIURA,200101,20250314,Papaya,1.65,2.9,Frutas,KILOGRAMO,KILOGRAMO
20250404,PIURA,PIURA,PIURA,200101,20250314,Aji rocoto,4.15,8,Hortalizas,KILOGRAMO,KILOGRAMO
20250404,PIURA,PIURA,PIURA,200101,20250314,Limon sutil bolsa,1.75,2.4,Frutas,KILOGRAMO,KILOGRAMO
20250404,PIURA,PIURA,PIURA,200101,20250314,Olluco largo,2.88,3.75,Tuberculos,KILOGRAMO,KILOGRAMO
20250404,PIURA,PIURA,PIURA,200101,20250314,Camote morado,1.61,2.5,Tuberculos,SACO GRANDE,KILOGRAMO
20250404,PIURA,PIURA,PIURA,200101,20250314,Manzana israel,2.83,4.1,Frutas,KILOGRAMO,KILOGRAMO
20250404,PIURA,PIURA,PIURA,200101,20250314,Haba verde serrana,2.46,4.1,Legumbres,KILOGRAMO,KILOGRAMO
20250404,PIURA,PIURA,PIURA,200101,20250314,Azucar rubia nacional (granel),2.85,3.7,Agro-industriales,SACO NORMAL,KILOGRAMO
20250404,PIURA,PIURA,PIURA,200101,20250314,Leche reconstituida (azul) 395 gr,3.28,4,Agro-industriales,CAJA,LATA
20250404,PIURA,PIURA,PIURA,200101,20250314,Pina criolla,2.1,2.65,Frutas,KILOGRAMO,KILOGRAMO
20250404,PIURA,PIURA,PIURA,200101,20250314,Vainita americana,2.22,4.95,Legumbres,KILOGRAMO,KILOGRAMO
20250404,PIURA,PIURA,PIURA,200101,20250314,Platano bellaco,1.5,3,Frutas,LITRO,LITRO
20250404,PIURA,PIURA,PIURA,200101,20250314,Cebolla cabeza roja,2.05,3,Hortalizas,SACO,KILOGRAMO
20250404,PIURA,PIURA,PIURA,200101,20250314,Chirimoya cumbe,3.05,7.25,Frutas,CAJON CHICO,KILOGRAMO
20250404,PIURA,PIURA,PIURA,200101,20250314,Aceite clasico botella 900 ml,9.03,10.55,Agro-industriales,CAJA CHICA,LITRO
20250404,PIURA,PIURA,PIURA,200101,20250314,Huevos rosados,6.4,9.25,Carnes y huevos,KILOGRAMO,KILOGRAMO
20250404,PIURA,PIURA,PIURA,200101,20250314,Ajo criollo o napuri,8.85,14.25,Hortalizas,MALLA MEDIANA,KILOGRAMO
20250404,PIURA,PIURA,PIURA,200101,20250314,Frijol castilla,4.15,6.1,Menestras,KILOGRAMO,KILOGRAMO
20250404,PIURA,PIURA,PIURA,200101,20250314,Arroz superior,2.82,4.45,Cereales,SACO NORMAL,KILOGRAMO
20250404,PIURA,PIURA,PIURA,200101,20250314,Mango edward,1.43,2.15,Frutas,KILOGRAMO,KILOGRAMO
20250404,PIURA,PIURA,PIURA,200101,20250314,Carne de pollo (eviscerado),7.25,9.65,Carnes y huevos,KILOGRAMO,KILOGRAMO
20250404,PIURA,PIURA,PIURA,200101,20250314,Platano seda congo,1.86,3.85,Frutas,KILOGRAMO,KILOGRAMO
20250404,PIURA,PIURA,PIURA,200101,20250314,Yuca blanca,1.75,2.9,Tuberculos,KILOGRAMO,KILOGRAMO
20250404,PIURA,PIURA,PIURA,200101,20250314,Pallar,5.35,7.75,Menestras,KILOGRAMO,KILOGRAMO
20250404,PIURA,PIURA,PIURA,200101,20250314,Papa amarilla,2.55,4.1,Tuberculos,SACO GRANDE,KILOGRAMO
20250404,PIURA,PIURA,PIURA,200101,20250314,Melocoton durazno huayco,4.68,8.65,Frutas,KILOGRAMO,KILOGRAMO
20250404,PIURA,PIURA,PIURA,200101,20250314,Sandia,1.8,2.6,Frutas,KILOGRAMO,KILOGRAMO
20250404,PIURA,PIURA,PIURA,200101,20250314,Choclo (tipo cusco),6.44,7.5,Cereales,CIENTO,UNIDAD
20250404,PIURA,PIURA,PIURA,200101,20250314,Papa canchan,1.15,2.5,Tuberculos,SACO GRANDE,KILOGRAMO
20250404,PIURA,PIURA,PIURA,200101,20250314,Melon coquito,2.42,3.05,Frutas,KILOGRAMO,KILOGRAMO
20250404,PIURA,PIURA,PIURA,200101,20250314,Zanahoria,1.72,2.65,Hortalizas,SACO MEDIANO,KILOGRAMO
20250404,PIURA,PIURA,PIURA,200101,20250312,Carne fresca de vacuno,15.5,19,Carnes y huevos,KILOGRAMO,KILOGRAMO
20250404,PIURA,PIURA,PIURA,200101,20250312,Zapallo macre,2.42,3,Hortalizas,KILOGRAMO,KILOGRAMO
20250404,PIURA,PIURA,PIURA,200101,20250312,Fideos nicolini tallarin,4.35,6.45,Agro-industriales,PAQUETE,KILOGRAMO
20250404,PIURA,PIURA,PIURA,200101,20250312,Aji escabeche,4.01,4.6,Hortalizas,KILOGRAMO,MALLA
20250404,PIURA,PIURA,PIURA,200101,20250312,Arveja verde blanca serrana,3.25,5.8,Legumbres,MALLA MEDIANA,KILOGRAMO
20250404,PIURA,PIURA,PIURA,200101,20250312,Manzana delicia,2.23,3.75,Frutas,KILOGRAMO,KILOGRAMO
20250404,PIURA,PIURA,PIURA,200101,20250312,Uva italia,4,7.25,Frutas,KILOGRAMO,KILOGRAMO
20250404,PIURA,PIURA,PIURA,200101,20250312,Leche fresca,3.65,4.1,Agro-industriales,LITRO,LITRO
20250404,PIURA,PIURA,PIURA,200101,20250312,Azucar blanca nacional (granel),4.25,5.25,Agro-industriales,SACO NORMAL,KILOGRAMO
20250404,PIURA,PIURA,PIURA,200101,20250312,Uva red globe,5,7,Frutas,KILOGRAMO,KILOGRAMO
20250404,PIURA,PIURA,PIURA,200101,20250312,Carne de porcino (corte unico),15,18.25,Carnes y huevos,UNIDAD,KILOGRAMO
20250404,PIURA,PIURA,PIURA,200101,20250312,Uva alfonso lavalett,3.54,5.4,Frutas,KILOGRAMO,KILOGRAMO
20250404,PIURA,PIURA,PIURA,200101,20250312,Frijol canario,3.85,6.25,Menestras,KILOGRAMO,KILOGRAMO
20250404,PIURA,PIURA,PIURA,200101,20250312,Arroz extra,2.71,4.5,Cereales,SACO NORMAL,KILOGRAMO
20250404,PIURA,PIURA,PIURA,200101,20250312,Papaya,1.9,2.9,Frutas,KILOGRAMO,KILOGRAMO
20250404,PIURA,PIURA,PIURA,200101,20250312,Aji rocoto,4.1,8,Hortalizas,KILOGRAMO,KILOGRAMO
20250404,PIURA,PIURA,PIURA,200101,20250312,Limon sutil bolsa,1.75,2.4,Frutas,KILOGRAMO,KILOGRAMO
20250404,PIURA,PIURA,PIURA,200101,20250312,Olluco largo,2.8,3.1,Tuberculos,KILOGRAMO,KILOGRAMO
20250404,PIURA,PIURA,PIURA,200101,20250312,Camote morado,1.61,2.05,Tuberculos,SACO GRANDE,KILOGRAMO
20250404,PIURA,PIURA,PIURA,200101,20250312,Manzana israel,2.83,4.1,Frutas,KILOGRAMO,KILOGRAMO
20250404,PIURA,PIURA,PIURA,200101,20250312,Haba verde serrana,2.54,4.1,Legumbres,KILOGRAMO,KILOGRAMO
20250404,PIURA,PIURA,PIURA,200101,20250312,Azucar rubia nacional (granel),2.85,3.7,Agro-industriales,SACO NORMAL,KILOGRAMO
20250404,PIURA,PIURA,PIURA,200101,20250312,Leche reconstituida (azul) 395 gr,3.28,4,Agro-industriales,CAJA,LATA
20250404,PIURA,PIURA,PIURA,200101,20250312,Pina criolla,2.1,2.65,Frutas,KILOGRAMO,KILOGRAMO
20250404,PIURA,PIURA,PIURA,200101,20250312,Vainita americana,2.41,5.05,Legumbres,KILOGRAMO,KILOGRAMO
20250404,PIURA,PIURA,PIURA,200101,20250312,Platano bellaco,1.5,3,Frutas,LITRO,LITRO
20250404,PIURA,PIURA,PIURA,200101,20250312,Cebolla cabeza roja,2.2,3.05,Hortalizas,SACO,KILOGRAMO
20250404,PIURA,PIURA,PIURA,200101,20250312,Chirimoya cumbe,3.05,7.25,Frutas,CAJON CHICO,KILOGRAMO
20250404,PIURA,PIURA,PIURA,200101,20250312,Aceite clasico botella 900 ml,9.03,10.55,Agro-industriales,CAJA CHICA,LITRO
20250404,PIURA,PIURA,PIURA,200101,20250312,Huevos rosados,6.19,8.75,Carnes y huevos,KILOGRAMO,KILOGRAMO
20250404,PIURA,PIURA,PIURA,200101,20250312,Ajo criollo o napuri,9,14.25,Hortalizas,MALLA MEDIANA,KILOGRAMO
20250404,PIURA,PIURA,PIURA,200101,20250312,Frijol castilla,4.05,6,Menestras,KILOGRAMO,KILOGRAMO
20250404,PIURA,PIURA,PIURA,200101,20250312,Arroz superior,2.82,4.45,Cereales,SACO NORMAL,KILOGRAMO
20250404,PIURA,PIURA,PIURA,200101,20250312,Mango edward,1.43,2.15,Frutas,KILOGRAMO,KILOGRAMO
20250404,PIURA,PIURA,PIURA,200101,20250312,Carne de pollo (eviscerado),8.1,9.75,Carnes y huevos,KILOGRAMO,KILOGRAMO
20250404,PIURA,PIURA,PIURA,200101,20250312,Platano seda congo,1.86,3.85,Frutas,KILOGRAMO,KILOGRAMO
20250404,PIURA,PIURA,PIURA,200101,20250312,Yuca blanca,1.82,2.55,Tuberculos,KILOGRAMO,KILOGRAMO
20250404,PIURA,PIURA,PIURA,200101,20250312,Pallar,5,7.75,Menestras,KILOGRAMO,KILOGRAMO
20250404,PIURA,PIURA,PIURA,200101,20250312,Papa amarilla,2.64,4.1,Tuberculos,SACO GRANDE,KILOGRAMO
20250404,PIURA,PIURA,PIURA,200101,20250312,Melocoton durazno huayco,4.68,8.65,Frutas,KILOGRAMO,KILOGRAMO
20250404,PIURA,PIURA,PIURA,200101,20250312,Sandia,1.65,2.4,Frutas,KILOGRAMO,KILOGRAMO
20250404,PIURA,PIURA,PIURA,200101,20250312,Choclo (tipo cusco),6.54,7.5,Cereales,CIENTO,UNIDAD
20250404,PIURA,PIURA,PIURA,200101,20250312,Papa canchan,1.22,2.5,Tuberculos,SACO GRANDE,KILOGRAMO
20250404,PIURA,PIURA,PIURA,200101,20250312,Melon coquito,2.42,3.05,Frutas,KILOGRAMO,KILOGRAMO
20250404,PIURA,PIURA,PIURA,200101,20250312,Zanahoria,1.84,2.75,Hortalizas,SACO MEDIANO,KILOGRAMO
20250404,PIURA,PIURA,PIURA,200101,20250312,Palta fuerte,5.75,6.1,Frutas,KILOGRAMO,KILOGRAMO
20250404,PIURA,PIURA,PIURA,200101,20250312,Tomate,2.11,4,Hortalizas,KILOGRAMO,KILOGRAMO
20250404,PIURA,PIURA,PIURA,200101,20250312,Lenteja,5,8.25,Menestras,KILOGRAMO,KILOGRAMO
20250404,PIURA,PIURA,PIURA,200101,20250312,Naranja valencia,2.79,3.55,Frutas,KILOGRAMO,KILOGRAMO
20250404,PIURA,PIURA,PIURA,200101,20250312,Garbanzo,6.15,9.1,Menestras,KILOGRAMO,KILOGRAMO
20250404,PIURA,PIURA,PIURA,200101,20250310,Carne de porcino (corte unico),14,18.25,Carnes y huevos,UNIDAD,KILOGRAMO
20250404,PIURA,PIURA,PIURA,200101,20250310,Uva alfonso lavalett,3.54,5.4,Frutas,KILOGRAMO,KILOGRAMO
20250404,PIURA,PIURA,PIURA,200101,20250310,Frijol canario,3.85,6.25,Menestras,KILOGRAMO,KILOGRAMO
20250404,PIURA,PIURA,PIURA,200101,20250310,Arroz extra,2.68,4.55,Cereales,SACO NORMAL,KILOGRAMO
20250404,PIURA,PIURA,PIURA,200101,20250310,Papaya,1.8,2.55,Frutas,KILOGRAMO,KILOGRAMO
20250404,PIURA,PIURA,PIURA,200101,20250310,Aji rocoto,4.1,5.5,Hortalizas,KILOGRAMO,KILOGRAMO
20250404,PIURA,PIURA,PIURA,200101,20250310,Limon sutil bolsa,1.75,2.4,Frutas,KILOGRAMO,KILOGRAMO
20250404,PIURA,PIURA,PIURA,200101,20250310,Olluco largo,2.75,3.1,Tuberculos,KILOGRAMO,KILOGRAMO
20250404,PIURA,PIURA,PIURA,200101,20250310,Camote morado,1.61,2.05,Tuberculos,SACO GRANDE,KILOGRAMO
20250404,PIURA,PIURA,PIURA,200101,20250310,Manzana israel,2.83,4.1,Frutas,KILOGRAMO,KILOGRAMO
20250404,PIURA,PIURA,PIURA,200101,20250310,Haba verde serrana,2.38,4.1,Legumbres,KILOGRAMO,KILOGRAMO
20250404,PIURA,PIURA,PIURA,200101,20250310,Azucar rubia nacional (granel),2.85,3.8,Agro-industriales,SACO NORMAL,KILOGRAMO
20250404,PIURA,PIURA,PIURA,200101,20250310,Leche reconstituida (azul) 395 gr,3.28,3.9,Agro-industriales,CAJA,LATA
20250404,PIURA,PIURA,PIURA,200101,20250310,Pina criolla,1.9,2.6,Frutas,KILOGRAMO,KILOGRAMO
20250404,PIURA,PIURA,PIURA,200101,20250310,Vainita americana,2.41,5.05,Legumbres,KILOGRAMO,KILOGRAMO
20250404,PIURA,PIURA,PIURA,200101,20250310,Platano bellaco,1.5,3,Frutas,LITRO,LITRO
20250404,PIURA,PIURA,PIURA,200101,20250310,Cebolla cabeza roja,2.15,3.1,Hortalizas,SACO,KILOGRAMO
20250404,PIURA,PIURA,PIURA,200101,20250310,Chirimoya cumbe,3.05,7.5,Frutas,CAJON CHICO,KILOGRAMO
20250404,PIURA,PIURA,PIURA,200101,20250310,Aceite clasico botella 900 ml,9.03,10.55,Agro-industriales,CAJA CHICA,LITRO
20250404,PIURA,PIURA,PIURA,200101,20250310,Huevos rosados,6.06,8.75,Carnes y huevos,KILOGRAMO,KILOGRAMO
20250404,PIURA,PIURA,PIURA,200101,20250310,Ajo criollo o napuri,9,15,Hortalizas,MALLA MEDIANA,KILOGRAMO
20250404,PIURA,PIURA,PIURA,200101,20250310,Frijol castilla,3.87,5.75,Menestras,KILOGRAMO,KILOGRAMO
20250404,PIURA,PIURA,PIURA,200101,20250310,Arroz superior,2.82,4.45,Cereales,SACO NORMAL,KILOGRAMO
20250404,PIURA,PIURA,PIURA,200101,20250310,Mango edward,1.37,2,Frutas,KILOGRAMO,KILOGRAMO
20250404,PIURA,PIURA,PIURA,200101,20250310,Carne de pollo (eviscerado),8.6,10.25,Carnes y huevos,KILOGRAMO,KILOGRAMO
20250404,PIURA,PIURA,PIURA,200101,20250310,Platano seda congo,1.86,3.85,Frutas,KILOGRAMO,KILOGRAMO
20250404,PIURA,PIURA,PIURA,200101,20250310,Yuca blanca,1.77,2.55,Tuberculos,KILOGRAMO,KILOGRAMO
20250404,PIURA,PIURA,PIURA,200101,20250310,Pallar,5,8.25,Menestras,KILOGRAMO,KILOGRAMO
20250404,PIURA,PIURA,PIURA,200101,20250310,Papa amarilla,2.62,4.1,Tuberculos,SACO GRANDE,KILOGRAMO
20250404,PIURA,PIURA,PIURA,200101,20250310,Melocoton durazno huayco,4.68,8.65,Frutas,KILOGRAMO,KILOGRAMO
20250404,PIURA,PIURA,PIURA,200101,20250310,Sandia,1.65,2.4,Frutas,KILOGRAMO,KILOGRAMO
20250404,PIURA,PIURA,PIURA,200101,20250310,Choclo (tipo cusco),6.42,7.5,Cereales,CIENTO,UNIDAD
20250404,PIURA,PIURA,PIURA,200101,20250310,Papa canchan,1.09,2.45,Tuberculos,SACO GRANDE,KILOGRAMO
20250404,PIURA,PIURA,PIURA,200101,20250310,Melon coquito,2.42,3.05,Frutas,KILOGRAMO,KILOGRAMO
20250404,PIURA,PIURA,PIURA,200101,20250310,Zanahoria,1.76,2.5,Hortalizas,SACO MEDIANO,KILOGRAMO
20250404,PIURA,PIURA,PIURA,200101,20250310,Palta fuerte,5,6.1,Frutas,KILOGRAMO,KILOGRAMO
20250404,PIURA,PIURA,PIURA,200101,20250310,Tomate,2.32,4.1,Hortalizas,KILOGRAMO,KILOGRAMO
20250404,PIURA,PIURA,PIURA,200101,20250310,Lenteja,6,8.5,Menestras,KILOGRAMO,KILOGRAMO
20250404,PIURA,PIURA,PIURA,200101,20250310,Naranja valencia,2.76,3.55,Frutas,KILOGRAMO,KILOGRAMO
20250404,PIURA,PIURA,PIURA,200101,20250310,Garbanzo,6.15,9.25,Menestras,KILOGRAMO,KILOGRAMO
20250404,PIURA,PIURA,PIURA,200101,20250310,Zapallo macre,2.52,3.1,Hortalizas,KILOGRAMO,KILOGRAMO
20250404,PIURA,PIURA,PIURA,200101,20250310,Fideos nicolini tallarin,4.35,6.45,Agro-industriales,PAQUETE,KILOGRAMO
20250404,PIURA,PIURA,PIURA,200101,20250310,Aji escabeche,4.01,4.6,Hortalizas,KILOGRAMO,MALLA
20250404,PIURA,PIURA,PIURA,200101,20250310,Arveja verde blanca serrana,5.3,7,Legumbres,MALLA MEDIANA,KILOGRAMO
20250404,PIURA,PIURA,PIURA,200101,20250310,Manzana delicia,2.13,3.75,Frutas,KILOGRAMO,KILOGRAMO
20250404,PIURA,PIURA,PIURA,200101,20250310,Uva italia,4,7.25,Frutas,KILOGRAMO,KILOGRAMO
20250404,PIURA,PIURA,PIURA,200101,20250310,Leche fresca,3.9,4.1,Agro-industriales,LITRO,LITRO
20250404,PIURA,PIURA,PIURA,200101,20250310,Azucar blanca nacional (granel),4.25,5.25,Agro-industriales,SACO NORMAL,KILOGRAMO
20250404,PIURA,PIURA,PIURA,200101,20250310,Uva red globe,5,7,Frutas,KILOGRAMO,KILOGRAMO
20250404,PIURA,PIURA,PIURA,200101,20250310,Carne fresca de vacuno,15.75,21,Carnes y huevos,KILOGRAMO,KILOGRAMO
20250404,PIURA,PIURA,PIURA,200101,20250307,Frijol canario,5.86,11.45,Menestras,KILOGRAMO,KILOGRAMO
20250404,PIURA,PIURA,PIURA,200101,20250307,Arroz extra,3.77,4.55,Cereales,SACO NORMAL,KILOGRAMO
20250404,PIURA,PIURA,PIURA,200101,20250307,Papaya,1.85,2.55,Frutas,KILOGRAMO,KILOGRAMO
20250404,PIURA,PIURA,PIURA,200101,20250307,Aji rocoto,4.1,5.25,Hortalizas,KILOGRAMO,KILOGRAMO
20250404,PIURA,PIURA,PIURA,200101,20250307,Limon sutil bolsa,1.42,2.1,Frutas,KILOGRAMO,KILOGRAMO
20250404,PIURA,PIURA,PIURA,200101,20250307,Olluco largo,2.75,3.5,Tuberculos,KILOGRAMO,KILOGRAMO
20250404,PIURA,PIURA,PIURA,200101,20250307,Camote morado,1.61,2.05,Tuberculos,SACO GRANDE,KILOGRAMO
20250404,PIURA,PIURA,PIURA,200101,20250307,Manzana israel,3.13,4.1,Frutas,KILOGRAMO,KILOGRAMO
20250404,PIURA,PIURA,PIURA,200101,20250307,Haba verde serrana,2.4,5,Legumbres,KILOGRAMO,KILOGRAMO
20250404,PIURA,PIURA,PIURA,200101,20250307,Azucar rubia nacional (granel),2.26,4.35,Agro-industriales,SACO NORMAL,KILOGRAMO
20250404,PIURA,PIURA,PIURA,200101,20250307,Leche reconstituida (azul) 395 gr,2.98,3.65,Agro-industriales,CAJA,LATA
20250404,PIURA,PIURA,PIURA,200101,20250307,Pina criolla,1.95,2.6,Frutas,KILOGRAMO,KILOGRAMO
20250404,PIURA,PIURA,PIURA,200101,20250307,Vainita americana,2.41,5.05,Legumbres,KILOGRAMO,KILOGRAMO
20250404,PIURA,PIURA,PIURA,200101,20250307,Platano bellaco,1.5,3,Frutas,LITRO,LITRO
20250404,PIURA,PIURA,PIURA,200101,20250307,Cebolla cabeza roja,2.06,3.1,Hortalizas,SACO,KILOGRAMO
20250404,PIURA,PIURA,PIURA,200101,20250307,Chirimoya cumbe,3.05,7.75,Frutas,CAJON CHICO,KILOGRAMO
20250404,PIURA,PIURA,PIURA,200101,20250307,Aceite clasico botella 900 ml,9.35,10.55,Agro-industriales,CAJA CHICA,LITRO
20250404,PIURA,PIURA,PIURA,200101,20250307,Huevos rosados,9.81,14.5,Carnes y huevos,KILOGRAMO,KILOGRAMO
20250404,PIURA,PIURA,PIURA,200101,20250307,Ajo criollo o napuri,12.05,15.5,Hortalizas,MALLA MEDIANA,KILOGRAMO
20250404,PIURA,PIURA,PIURA,200101,20250307,Frijol castilla,4.22,6.35,Menestras,KILOGRAMO,KILOGRAMO
20250404,PIURA,PIURA,PIURA,200101,20250307,Arroz superior,2.96,4.45,Cereales,SACO NORMAL,KILOGRAMO
20250404,PIURA,PIURA,PIURA,200101,20250307,Mango edward,1.17,2,Frutas,KILOGRAMO,KILOGRAMO
20250404,PIURA,PIURA,PIURA,200101,20250307,Carne de pollo (eviscerado),8.65,9.65,Carnes y huevos,KILOGRAMO,KILOGRAMO
20250404,PIURA,PIURA,PIURA,200101,20250307,Platano seda congo,1.86,3.85,Frutas,KILOGRAMO,KILOGRAMO
20250404,PIURA,PIURA,PIURA,200101,20250307,Yuca blanca,1.77,2.55,Tuberculos,KILOGRAMO,KILOGRAMO
20250404,PIURA,PIURA,PIURA,200101,20250307,Pallar,8.95,10.5,Menestras,KILOGRAMO,KILOGRAMO
20250404,PIURA,PIURA,PIURA,200101,20250307,Papa amarilla,2.81,4.25,Tuberculos,SACO GRANDE,KILOGRAMO
20250404,PIURA,PIURA,PIURA,200101,20250307,Melocoton durazno huayco,4.68,8.65,Frutas,KILOGRAMO,KILOGRAMO
20250404,PIURA,PIURA,PIURA,200101,20250307,Sandia,1.65,2.4,Frutas,KILOGRAMO,KILOGRAMO
20250404,PIURA,PIURA,PIURA,200101,20250307,Choclo (tipo cusco),4.2,9.1,Cereales,CIENTO,UNIDAD
20250404,PIURA,PIURA,PIURA,200101,20250307,Papa canchan,1.23,2.45,Tuberculos,SACO GRANDE,KILOGRAMO
20250404,PIURA,PIURA,PIURA,200101,20250307,Melon coquito,2.29,3.05,Frutas,KILOGRAMO,KILOGRAMO
20250404,PIURA,PIURA,PIURA,200101,20250307,Zanahoria,1.55,3.1,Hortalizas,SACO MEDIANO,KILOGRAMO
20250404,PIURA,PIURA,PIURA,200101,20250307,Palta fuerte,6.65,6.1,Frutas,KILOGRAMO,KILOGRAMO
20250404,PIURA,PIURA,PIURA,200101,20250307,Tomate,2.93,4.1,Hortalizas,KILOGRAMO,KILOGRAMO
20250404,PIURA,PIURA,PIURA,200101,20250307,Lenteja,6.35,8.5,Menestras,KILOGRAMO,KILOGRAMO
20250404,PIURA,PIURA,PIURA,200101,20250307,Naranja valencia,2.09,3.55,Frutas,KILOGRAMO,KILOGRAMO
20250404,PIURA,PIURA,PIURA,200101,20250307,Garbanzo,6.08,12.25,Menestras,KILOGRAMO,KILOGRAMO
20250404,PIURA,PIURA,PIURA,200101,20250307,Zapallo macre,2.07,3.3,Hortalizas,KILOGRAMO,KILOGRAMO
20250404,PIURA,PIURA,PIURA,200101,20250307,Fideos nicolini tallarin,4.35,6.45,Agro-industriales,PAQUETE,KILOGRAMO
20250404,PIURA,PIURA,PIURA,200101,20250307,Aji escabeche,1.27,4,Hortalizas,KILOGRAMO,MALLA
20250404,PIURA,PIURA,PIURA,200101,20250307,Arveja verde blanca serrana,3.25,5.8,Legumbres,MALLA MEDIANA,KILOGRAMO
20250404,PIURA,PIURA,PIURA,200101,20250307,Manzana delicia,2.35,3.75,Frutas,KILOGRAMO,KILOGRAMO
20250404,PIURA,PIURA,PIURA,200101,20250307,Uva italia,4.96,7.25,Frutas,KILOGRAMO,KILOGRAMO
20250404,PIURA,PIURA,PIURA,200101,20250307,Leche fresca,2.7,3.25,Agro-industriales,LITRO,LITRO
20250404,PIURA,PIURA,PIURA,200101,20250307,Azucar blanca nacional (granel),2.8,5.25,Agro-industriales,SACO NORMAL,KILOGRAMO
20250404,PIURA,PIURA,PIURA,200101,20250307,Uva red globe,4.17,7,Frutas,KILOGRAMO,KILOGRAMO
20250404,PIURA,PIURA,PIURA,200101,20250307,Carne fresca de vacuno,15.65,22.5,Carnes y huevos,KILOGRAMO,KILOGRAMO
20250404,PIURA,PIURA,PIURA,200101,20250307,Carne de porcino (corte unico),18.75,19.9,Carnes y huevos,UNIDAD,KILOGRAMO
20250404,PIURA,PIURA,PIURA,200101,20250307,Uva alfonso lavalett,3.54,5.4,Frutas,KILOGRAMO,KILOGRAMO
20250404,PIURA,PIURA,PIURA,200101,20250303,Leche reconstituida (azul) 395 gr,2.98,3.65,Agro-industriales,CAJA,LATA
20250404,PIURA,PIURA,PIURA,200101,20250303,Pina criolla,1.95,2.45,Frutas,KILOGRAMO,KILOGRAMO
20250404,PIURA,PIURA,PIURA,200101,20250303,Vainita americana,2.41,5.05,Legumbres,KILOGRAMO,KILOGRAMO
20250404,PIURA,PIURA,PIURA,200101,20250303,Platano bellaco,1.5,3,Frutas,LITRO,LITRO
20250404,PIURA,PIURA,PIURA,200101,20250303,Cebolla cabeza roja,1.95,3.4,Hortalizas,SACO,KILOGRAMO
20250404,PIURA,PIURA,PIURA,200101,20250303,Chirimoya cumbe,3.05,7.25,Frutas,CAJON CHICO,KILOGRAMO
20250404,PIURA,PIURA,PIURA,200101,20250303,Aceite clasico botella 900 ml,9.35,10.55,Agro-industriales,CAJA CHICA,LITRO
20250404,PIURA,PIURA,PIURA,200101,20250303,Huevos rosados,5.1,10.1,Carnes y huevos,KILOGRAMO,KILOGRAMO
20250404,PIURA,PIURA,PIURA,200101,20250303,Ajo criollo o napuri,8.17,12.85,Hortalizas,MALLA MEDIANA,KILOGRAMO
20250404,PIURA,PIURA,PIURA,200101,20250303,Frijol castilla,4.81,6.35,Menestras,KILOGRAMO,KILOGRAMO
20250404,PIURA,PIURA,PIURA,200101,20250303,Arroz superior,2.96,4.45,Cereales,SACO NORMAL,KILOGRAMO
20250404,PIURA,PIURA,PIURA,200101,20250303,Mango edward,0.97,2,Frutas,KILOGRAMO,KILOGRAMO
20250404,PIURA,PIURA,PIURA,200101,20250303,Carne de pollo (eviscerado),7.65,7.9,Carnes y huevos,KILOGRAMO,KILOGRAMO
20250404,PIURA,PIURA,PIURA,200101,20250303,Platano seda congo,1.43,3.85,Frutas,KILOGRAMO,KILOGRAMO
20250404,PIURA,PIURA,PIURA,200101,20250303,Yuca blanca,1.84,3.65,Tuberculos,KILOGRAMO,KILOGRAMO
20250404,PIURA,PIURA,PIURA,200101,20250303,Pallar,8.95,10.5,Menestras,KILOGRAMO,KILOGRAMO
20250404,PIURA,PIURA,PIURA,200101,20250303,Papa amarilla,2.61,5.55,Tuberculos,SACO GRANDE,KILOGRAMO
20250404,PIURA,PIURA,PIURA,200101,20250303,Melocoton durazno huayco,4.68,8.65,Frutas,KILOGRAMO,KILOGRAMO
20250404,PIURA,PIURA,PIURA,200101,20250303,Sandia,1.65,2.4,Frutas,KILOGRAMO,KILOGRAMO
20250404,PIURA,PIURA,PIURA,200101,20250303,Papa canchan,1.7,2.45,Tuberculos,SACO GRANDE,KILOGRAMO
20250404,PIURA,PIURA,PIURA,200101,20250303,Melon coquito,2.29,3.1,Frutas,KILOGRAMO,KILOGRAMO
20250404,PIURA,PIURA,PIURA,200101,20250303,Zanahoria,1.55,3.4,Hortalizas,SACO MEDIANO,KILOGRAMO
20250404,PIURA,PIURA,PIURA,200101,20250303,Choclo (tipo cusco),4.28,7.6,Cereales,CIENTO,UNIDAD
20250404,PIURA,PIURA,PIURA,200101,20250303,Palta fuerte,6.65,7.85,Frutas,KILOGRAMO,KILOGRAMO
20250404,PIURA,PIURA,PIURA,200101,20250303,Tomate,3.64,4,Hortalizas,KILOGRAMO,KILOGRAMO
20250404,PIURA,PIURA,PIURA,200101,20250303,Lenteja,6.35,10.15,Menestras,KILOGRAMO,KILOGRAMO
20250404,PIURA,PIURA,PIURA,200101,20250303,Naranja valencia,2.06,3.55,Frutas,KILOGRAMO,KILOGRAMO
20250404,PIURA,PIURA,PIURA,200101,20250303,Garbanzo,6.11,12.25,Menestras,KILOGRAMO,KILOGRAMO
20250404,PIURA,PIURA,PIURA,200101,20250303,Zapallo macre,2.07,3.3,Hortalizas,KILOGRAMO,KILOGRAMO
20250404,PIURA,PIURA,PIURA,200101,20250303,Fideos nicolini tallarin,4.35,6.45,Agro-industriales,PAQUETE,KILOGRAMO
20250404,PIURA,PIURA,PIURA,200101,20250303,Aji escabeche,1.27,2.85,Hortalizas,KILOGRAMO,MALLA
20250404,PIURA,PIURA,PIURA,200101,20250303,Arveja verde blanca serrana,3.25,5.8,Legumbres,MALLA MEDIANA,KILOGRAMO
20250404,PIURA,PIURA,PIURA,200101,20250303,Manzana delicia,2.35,4.7,Frutas,KILOGRAMO,KILOGRAMO
20250404,PIURA,PIURA,PIURA,200101,20250303,Uva italia,4.96,7.25,Frutas,KILOGRAMO,KILOGRAMO
20250404,PIURA,PIURA,PIURA,200101,20250303,Leche fresca,2.7,3.25,Agro-industriales,LITRO,LITRO
20250404,PIURA,PIURA,PIURA,200101,20250303,Azucar blanca nacional (granel),2.8,5.25,Agro-industriales,SACO NORMAL,KILOGRAMO
20250404,PIURA,PIURA,PIURA,200101,20250303,Uva red globe,4.17,6.35,Frutas,KILOGRAMO,KILOGRAMO
20250404,PIURA,PIURA,PIURA,200101,20250303,Carne fresca de vacuno,15.9,24,Carnes y huevos,KILOGRAMO,KILOGRAMO
20250404,PIURA,PIURA,PIURA,200101,20250303,Carne de porcino (corte unico),18.75,19.9,Carnes y huevos,UNIDAD,KILOGRAMO
20250404,PIURA,PIURA,PIURA,200101,20250303,Uva alfonso lavalett,3.54,5.4,Frutas,KILOGRAMO,KILOGRAMO
20250404,PIURA,PIURA,PIURA,200101,20250303,Frijol canario,5.86,11.45,Menestras,KILOGRAMO,KILOGRAMO
20250404,PIURA,PIURA,PIURA,200101,20250303,Arroz extra,3.42,4.55,Cereales,SACO NORMAL,KILOGRAMO
20250404,PIURA,PIURA,PIURA,200101,20250303,Papaya,1.85,2.1,Frutas,KILOGRAMO,KILOGRAMO
20250404,PIURA,PIURA,PIURA,200101,20250303,Aji rocoto,2.4,3.4,Hortalizas,KILOGRAMO,KILOGRAMO
20250404,PIURA,PIURA,PIURA,200101,20250303,Limon sutil bolsa,1.03,2.35,Frutas,KILOGRAMO,KILOGRAMO
20250404,PIURA,PIURA,PIURA,200101,20250303,Olluco largo,2.75,3.5,Tuberculos,KILOGRAMO,KILOGRAMO
20250404,PIURA,PIURA,PIURA,200101,20250303,Camote morado,1.61,2.05,Tuberculos,SACO GRANDE,KILOGRAMO
20250404,PIURA,PIURA,PIURA,200101,20250303,Manzana israel,3.13,4.5,Frutas,KILOGRAMO,KILOGRAMO
20250404,PIURA,PIURA,PIURA,200101,20250303,Haba verde serrana,2.4,5,Legumbres,KILOGRAMO,KILOGRAMO
20250404,PIURA,PIURA,PIURA,200101,20250303,Azucar rubia nacional (granel),2.86,4.35,Agro-industriales,SACO NORMAL,KILOGRAMO
20250307,PIURA,PIURA,PIURA,200101,20250228,Cebolla cabeza roja,1.93,3.05,Hortalizas,SACO,KILOGRAMO
20250307,PIURA,PIURA,PIURA,200101,20250228,Chirimoya cumbe,3.05,9.4,Frutas,CAJON CHICO,KILOGRAMO
20250307,PIURA,PIURA,PIURA,200101,20250228,Aceite clasico botella 900 ml,9.49,10.6,Agro-industriales,CAJA CHICA,LITRO
20250307,PIURA,PIURA,PIURA,200101,20250228,Huevos rosados,5.1,10.1,Carnes y huevos,KILOGRAMO,KILOGRAMO
20250307,PIURA,PIURA,PIURA,200101,20250228,Ajo criollo o napuri,8.19,12,Hortalizas,MALLA MEDIANA,KILOGRAMO
20250307,PIURA,PIURA,PIURA,200101,20250228,Frijol castilla,4.81,6.35,Menestras,KILOGRAMO,KILOGRAMO
20250307,PIURA,PIURA,PIURA,200101,20250228,Arroz superior,2.96,4.45,Cereales,SACO NORMAL,KILOGRAMO
20250307,PIURA,PIURA,PIURA,200101,20250228,Mango edward,0.97,2,Frutas,KILOGRAMO,KILOGRAMO
20250307,PIURA,PIURA,PIURA,200101,20250228,Carne de pollo (eviscerado),6.8,7.6,Carnes y huevos,KILOGRAMO,KILOGRAMO
20250307,PIURA,PIURA,PIURA,200101,20250228,Platano seda congo,1.46,3.85,Frutas,KILOGRAMO,KILOGRAMO
20250307,PIURA,PIURA,PIURA,200101,20250228,Yuca blanca,1.81,3.65,Tuberculos,KILOGRAMO,KILOGRAMO
20250307,PIURA,PIURA,PIURA,200101,20250228,Pallar,8.8,10.5,Menestras,KILOGRAMO,KILOGRAMO
20250307,PIURA,PIURA,PIURA,200101,20250228,Papa amarilla,2.64,5.55,Tuberculos,SACO GRANDE,KILOGRAMO
20250307,PIURA,PIURA,PIURA,200101,20250228,Melocoton durazno huayco,4.65,8.5,Frutas,KILOGRAMO,KILOGRAMO
20250307,PIURA,PIURA,PIURA,200101,20250228,Sandia,1.6,2.4,Frutas,KILOGRAMO,KILOGRAMO
20250307,PIURA,PIURA,PIURA,200101,20250228,Papa canchan,1.63,2.45,Tuberculos,SACO GRANDE,KILOGRAMO
20250307,PIURA,PIURA,PIURA,200101,20250228,Melon coquito,2.33,3.1,Frutas,KILOGRAMO,KILOGRAMO
20250307,PIURA,PIURA,PIURA,200101,20250228,Zanahoria,1.55,3.4,Hortalizas,SACO MEDIANO,KILOGRAMO
20250307,PIURA,PIURA,PIURA,200101,20250228,Choclo (tipo cusco),4.28,7.6,Cereales,CIENTO,UNIDAD
20250307,PIURA,PIURA,PIURA,200101,20250228,Palta fuerte,6.6,7.8,Frutas,KILOGRAMO,KILOGRAMO
20250307,PIURA,PIURA,PIURA,200101,20250228,Tomate,3.61,4,Hortalizas,KILOGRAMO,KILOGRAMO
20250307,PIURA,PIURA,PIURA,200101,20250228,Lenteja,6.35,10.25,Menestras,KILOGRAMO,KILOGRAMO
20250307,PIURA,PIURA,PIURA,200101,20250228,Naranja valencia,1.97,3.35,Frutas,KILOGRAMO,KILOGRAMO
20250307,PIURA,PIURA,PIURA,200101,20250228,Garbanzo,6.09,11.5,Menestras,KILOGRAMO,KILOGRAMO
20250307,PIURA,PIURA,PIURA,200101,20250228,Zapallo macre,2.02,3.3,Hortalizas,KILOGRAMO,KILOGRAMO
20250307,PIURA,PIURA,PIURA,200101,20250228,Fideos nicolini tallarin,4.35,6.4,Agro-industriales,PAQUETE,KILOGRAMO
20250307,PIURA,PIURA,PIURA,200101,20250228,Aji escabeche,1.27,2.75,Hortalizas,KILOGRAMO,MALLA
20250307,PIURA,PIURA,PIURA,200101,20250228,Arveja verde blanca serrana,3.25,5.65,Legumbres,MALLA MEDIANA,KILOGRAMO
20250307,PIURA,PIURA,PIURA,200101,20250228,Manzana delicia,2.35,4.7,Frutas,KILOGRAMO,KILOGRAMO
20250307,PIURA,PIURA,PIURA,200101,20250228,Uva italia,5.13,10.4,Frutas,KILOGRAMO,KILOGRAMO
20250307,PIURA,PIURA,PIURA,200101,20250228,Leche fresca,2.65,3.1,Agro-industriales,LITRO,LITRO
20250307,PIURA,PIURA,PIURA,200101,20250228,Azucar blanca nacional (granel),2.68,5.15,Agro-industriales,SACO NORMAL,KILOGRAMO
20250307,PIURA,PIURA,PIURA,200101,20250228,Uva red globe,4.17,6.35,Frutas,KILOGRAMO,KILOGRAMO
20250307,PIURA,PIURA,PIURA,200101,20250228,Carne fresca de vacuno,20,22,Carnes y huevos,KILOGRAMO,KILOGRAMO
20250307,PIURA,PIURA,PIURA,200101,20250228,Carne de porcino (corte unico),18.75,19.9,Carnes y huevos,UNIDAD,KILOGRAMO
20250307,PIURA,PIURA,PIURA,200101,20250228,Uva alfonso lavalett,3.38,6.35,Frutas,KILOGRAMO,KILOGRAMO
20250307,PIURA,PIURA,PIURA,200101,20250228,Frijol canario,5.85,11.3,Menestras,KILOGRAMO,KILOGRAMO
20250307,PIURA,PIURA,PIURA,200101,20250228,Arroz extra,3.46,4.45,Cereales,SACO NORMAL,KILOGRAMO
20250307,PIURA,PIURA,PIURA,200101,20250228,Papaya,1.85,2.1,Frutas,KILOGRAMO,KILOGRAMO
20250307,PIURA,PIURA,PIURA,200101,20250228,Aji rocoto,2.35,3.4,Hortalizas,KILOGRAMO,KILOGRAMO
20250307,PIURA,PIURA,PIURA,200101,20250228,Limon sutil bolsa,1.02,2.35,Frutas,KILOGRAMO,KILOGRAMO
20250307,PIURA,PIURA,PIURA,200101,20250228,Olluco largo,2.75,3.5,Tuberculos,KILOGRAMO,KILOGRAMO
20250307,PIURA,PIURA,PIURA,200101,20250228,Camote morado,1.61,2,Tuberculos,SACO GRANDE,KILOGRAMO
20250307,PIURA,PIURA,PIURA,200101,20250228,Manzana israel,3.08,4.45,Frutas,KILOGRAMO,KILOGRAMO
20250307,PIURA,PIURA,PIURA,200101,20250228,Platano bellaco,1.54,3,Frutas,LITRO,LITRO
20250307,PIURA,PIURA,PIURA,200101,20250228,Haba verde serrana,2.42,4.95,Legumbres,KILOGRAMO,KILOGRAMO
20250307,PIURA,PIURA,PIURA,200101,20250228,Azucar rubia nacional (granel),2.81,4.1,Agro-industriales,SACO NORMAL,KILOGRAMO
20250307,PIURA,PIURA,PIURA,200101,20250228,Leche reconstituida (azul) 395 gr,2.96,3.65,Agro-industriales,CAJA,LATA
20250307,PIURA,PIURA,PIURA,200101,20250228,Pina criolla,1.95,2.45,Frutas,KILOGRAMO,KILOGRAMO
20250307,PIURA,PIURA,PIURA,200101,20250228,Vainita americana,2.41,5.05,Legumbres,KILOGRAMO,KILOGRAMO
20250307,PIURA,PIURA,PIURA,200101,20250226,Aceite clasico botella 900 ml,9.25,10.55,Agro-industriales,CAJA CHICA,LITRO
20250307,PIURA,PIURA,PIURA,200101,20250226,Huevos rosados,5.1,10.1,Carnes y huevos,KILOGRAMO,KILOGRAMO
20250307,PIURA,PIURA,PIURA,200101,20250226,Ajo criollo o napuri,8.16,12,Hortalizas,MALLA MEDIANA,KILOGRAMO
20250307,PIURA,PIURA,PIURA,200101,20250226,Frijol castilla,4.8,6.5,Menestras,KILOGRAMO,KILOGRAMO
20250307,PIURA,PIURA,PIURA,200101,20250226,Arroz superior,3,4.45,Cereales,SACO NORMAL,KILOGRAMO
20250307,PIURA,PIURA,PIURA,200101,20250226,Mango edward,0.97,2,Frutas,KILOGRAMO,KILOGRAMO
20250307,PIURA,PIURA,PIURA,200101,20250226,Carne de pollo (eviscerado),6.8,7.6,Carnes y huevos,KILOGRAMO,KILOGRAMO
20250307,PIURA,PIURA,PIURA,200101,20250226,Platano seda congo,1.5,3.85,Frutas,KILOGRAMO,KILOGRAMO
20250307,PIURA,PIURA,PIURA,200101,20250226,Yuca blanca,1.81,3.65,Tuberculos,KILOGRAMO,KILOGRAMO
20250307,PIURA,PIURA,PIURA,200101,20250226,Pallar,8.8,10.5,Menestras,KILOGRAMO,KILOGRAMO
20250307,PIURA,PIURA,PIURA,200101,20250226,Papa amarilla,2.69,5.4,Tuberculos,SACO GRANDE,KILOGRAMO
20250307,PIURA,PIURA,PIURA,200101,20250226,Melocoton durazno huayco,4.78,8.5,Frutas,KILOGRAMO,KILOGRAMO
20250307,PIURA,PIURA,PIURA,200101,20250226,Sandia,1.6,2.4,Frutas,KILOGRAMO,KILOGRAMO
20250307,PIURA,PIURA,PIURA,200101,20250226,Papa canchan,1.65,2.45,Tuberculos,SACO GRANDE,KILOGRAMO
20250307,PIURA,PIURA,PIURA,200101,20250226,Melon coquito,2.33,3.1,Frutas,KILOGRAMO,KILOGRAMO
20250307,PIURA,PIURA,PIURA,200101,20250226,Zanahoria,1.55,3.4,Hortalizas,SACO MEDIANO,KILOGRAMO
20250307,PIURA,PIURA,PIURA,200101,20250226,Choclo (tipo cusco),4.28,7.6,Cereales,CIENTO,UNIDAD
20250307,PIURA,PIURA,PIURA,200101,20250226,Palta fuerte,6.6,7.8,Frutas,KILOGRAMO,KILOGRAMO
20250307,PIURA,PIURA,PIURA,200101,20250226,Tomate,3.61,4.25,Hortalizas,KILOGRAMO,KILOGRAMO
20250307,PIURA,PIURA,PIURA,200101,20250226,Lenteja,6.35,10.25,Menestras,KILOGRAMO,KILOGRAMO
20250307,PIURA,PIURA,PIURA,200101,20250226,Naranja valencia,1.97,3.35,Frutas,KILOGRAMO,KILOGRAMO
20250307,PIURA,PIURA,PIURA,200101,20250226,Garbanzo,6.11,11.5,Menestras,KILOGRAMO,KILOGRAMO
20250307,PIURA,PIURA,PIURA,200101,20250226,Fideos nicolini tallarin,4.35,6.4,Agro-industriales,PAQUETE,KILOGRAMO
20250307,PIURA,PIURA,PIURA,200101,20250226,Aji escabeche,1.27,2.75,Hortalizas,KILOGRAMO,MALLA
20250307,PIURA,PIURA,PIURA,200101,20250226,Arveja verde blanca serrana,3.25,5.65,Legumbres,MALLA MEDIANA,KILOGRAMO
20250307,PIURA,PIURA,PIURA,200101,20250226,Manzana delicia,2.35,4.7,Frutas,KILOGRAMO,KILOGRAMO
20250307,PIURA,PIURA,PIURA,200101,20250226,Uva italia,5.17,10.4,Frutas,KILOGRAMO,KILOGRAMO
20250307,PIURA,PIURA,PIURA,200101,20250226,Leche fresca,2.65,3.25,Agro-industriales,LITRO,LITRO
20250307,PIURA,PIURA,PIURA,200101,20250226,Azucar blanca nacional (granel),2.76,5.15,Agro-industriales,SACO NORMAL,KILOGRAMO
20250307,PIURA,PIURA,PIURA,200101,20250226,Uva red globe,4.17,6.35,Frutas,KILOGRAMO,KILOGRAMO
20250307,PIURA,PIURA,PIURA,200101,20250226,Carne fresca de vacuno,20,22,Carnes y huevos,KILOGRAMO,KILOGRAMO
20250307,PIURA,PIURA,PIURA,200101,20250226,Zapallo macre,1.98,3.3,Hortalizas,KILOGRAMO,KILOGRAMO
20250307,PIURA,PIURA,PIURA,200101,20250226,Carne de porcino (corte unico),18.75,19.8,Carnes y huevos,UNIDAD,KILOGRAMO
20250307,PIURA,PIURA,PIURA,200101,20250226,Uva alfonso lavalett,3.38,6.35,Frutas,KILOGRAMO,KILOGRAMO
20250307,PIURA,PIURA,PIURA,200101,20250226,Frijol canario,5.85,11.3,Menestras,KILOGRAMO,KILOGRAMO
20250307,PIURA,PIURA,PIURA,200101,20250226,Arroz extra,3.46,4.45,Cereales,SACO NORMAL,KILOGRAMO
20250307,PIURA,PIURA,PIURA,200101,20250226,Papaya,1.85,2.1,Frutas,KILOGRAMO,KILOGRAMO
20250307,PIURA,PIURA,PIURA,200101,20250226,Aji rocoto,2.35,3.4,Hortalizas,KILOGRAMO,KILOGRAMO
20250307,PIURA,PIURA,PIURA,200101,20250226,Limon sutil bolsa,1.04,2.45,Frutas,KILOGRAMO,KILOGRAMO
20250307,PIURA,PIURA,PIURA,200101,20250226,Olluco largo,2.75,3.5,Tuberculos,KILOGRAMO,KILOGRAMO
20250307,PIURA,PIURA,PIURA,200101,20250226,Camote morado,1.61,2,Tuberculos,SACO GRANDE,KILOGRAMO
20250307,PIURA,PIURA,PIURA,200101,20250226,Manzana israel,3.13,4.5,Frutas,KILOGRAMO,KILOGRAMO
20250307,PIURA,PIURA,PIURA,200101,20250226,Platano bellaco,1.54,3,Frutas,LITRO,LITRO
20250307,PIURA,PIURA,PIURA,200101,20250226,Haba verde serrana,2.41,4.95,Legumbres,KILOGRAMO,KILOGRAMO
20250307,PIURA,PIURA,PIURA,200101,20250226,Azucar rubia nacional (granel),2.83,4.3,Agro-industriales,SACO NORMAL,KILOGRAMO
20250307,PIURA,PIURA,PIURA,200101,20250226,Leche reconstituida (azul) 395 gr,3.02,3.65,Agro-industriales,CAJA,LATA
20250307,PIURA,PIURA,PIURA,200101,20250226,Pina criolla,1.95,2.45,Frutas,KILOGRAMO,KILOGRAMO
20250307,PIURA,PIURA,PIURA,200101,20250226,Vainita americana,2.41,5.05,Legumbres,KILOGRAMO,KILOGRAMO
20250307,PIURA,PIURA,PIURA,200101,20250226,Cebolla cabeza roja,1.93,3.05,Hortalizas,SACO,KILOGRAMO
20250307,PIURA,PIURA,PIURA,200101,20250226,Chirimoya cumbe,3.1,9.4,Frutas,CAJON CHICO,KILOGRAMO
20250307,PIURA,PIURA,PIURA,200101,20250224,Papa canchan,1.66,2.45,Tuberculos,SACO GRANDE,KILOGRAMO
20250307,PIURA,PIURA,PIURA,200101,20250224,Melon coquito,2.33,3.1,Frutas,KILOGRAMO,KILOGRAMO
20250307,PIURA,PIURA,PIURA,200101,20250224,Zanahoria,1.58,3.4,Hortalizas,SACO MEDIANO,KILOGRAMO
20250307,PIURA,PIURA,PIURA,200101,20250224,Choclo (tipo cusco),4.44,7.35,Cereales,CIENTO,UNIDAD
20250307,PIURA,PIURA,PIURA,200101,20250224,Tomate,3.61,4.25,Hortalizas,KILOGRAMO,KILOGRAMO
20250307,PIURA,PIURA,PIURA,200101,20250224,Lenteja,6.35,9.65,Menestras,KILOGRAMO,KILOGRAMO
20250307,PIURA,PIURA,PIURA,200101,20250224,Naranja valencia,1.97,3.35,Frutas,KILOGRAMO,KILOGRAMO
20250307,PIURA,PIURA,PIURA,200101,20250224,Garbanzo,6.29,11.5,Menestras,KILOGRAMO,KILOGRAMO
20250307,PIURA,PIURA,PIURA,200101,20250224,Palta fuerte,6.55,7.8,Frutas,KILOGRAMO,KILOGRAMO
20250307,PIURA,PIURA,PIURA,200101,20250224,Fideos nicolini tallarin,4.35,6.4,Agro-industriales,PAQUETE,KILOGRAMO
20250307,PIURA,PIURA,PIURA,200101,20250224,Aji escabeche,1.27,2.75,Hortalizas,KILOGRAMO,MALLA
20250307,PIURA,PIURA,PIURA,200101,20250224,Arveja verde blanca serrana,3.25,5.65,Legumbres,MALLA MEDIANA,KILOGRAMO
20250307,PIURA,PIURA,PIURA,200101,20250224,Manzana delicia,2.33,4.55,Frutas,KILOGRAMO,KILOGRAMO
20250307,PIURA,PIURA,PIURA,200101,20250224,Uva italia,5.21,10.4,Frutas,KILOGRAMO,KILOGRAMO
20250307,PIURA,PIURA,PIURA,200101,20250224,Leche fresca,2.65,3.1,Agro-industriales,LITRO,LITRO
20250307,PIURA,PIURA,PIURA,200101,20250224,Azucar blanca nacional (granel),2.81,5.35,Agro-industriales,SACO NORMAL,KILOGRAMO
20250307,PIURA,PIURA,PIURA,200101,20250224,Uva red globe,4.17,6.35,Frutas,KILOGRAMO,KILOGRAMO
20250307,PIURA,PIURA,PIURA,200101,20250224,Carne fresca de vacuno,19.5,21.5,Carnes y huevos,KILOGRAMO,KILOGRAMO
20250307,PIURA,PIURA,PIURA,200101,20250224,Zapallo macre,2.02,3.2,Hortalizas,KILOGRAMO,KILOGRAMO
20250307,PIURA,PIURA,PIURA,200101,20250224,Carne de porcino (corte unico),18.75,19.8,Carnes y huevos,UNIDAD,KILOGRAMO
20250307,PIURA,PIURA,PIURA,200101,20250224,Uva alfonso lavalett,3.38,6.35,Frutas,KILOGRAMO,KILOGRAMO
20250307,PIURA,PIURA,PIURA,200101,20250224,Frijol canario,5.95,11.35,Menestras,KILOGRAMO,KILOGRAMO
20250307,PIURA,PIURA,PIURA,200101,20250224,Arroz extra,3.5,4.45,Cereales,SACO NORMAL,KILOGRAMO
20250307,PIURA,PIURA,PIURA,200101,20250224,Papaya,1.85,2.1,Frutas,KILOGRAMO,KILOGRAMO
20250307,PIURA,PIURA,PIURA,200101,20250224,Aji rocoto,2.35,3.6,Hortalizas,KILOGRAMO,KILOGRAMO
20250307,PIURA,PIURA,PIURA,200101,20250224,Limon sutil bolsa,1,2.45,Frutas,KILOGRAMO,KILOGRAMO
20250307,PIURA,PIURA,PIURA,200101,20250224,Olluco largo,2.75,3.55,Tuberculos,KILOGRAMO,KILOGRAMO
20250307,PIURA,PIURA,PIURA,200101,20250224,Camote morado,1.71,2,Tuberculos,SACO GRANDE,KILOGRAMO
20250307,PIURA,PIURA,PIURA,200101,20250224,Manzana israel,3.13,4.5,Frutas,KILOGRAMO,KILOGRAMO
20250307,PIURA,PIURA,PIURA,200101,20250224,Platano bellaco,1.54,3,Frutas,LITRO,LITRO
20250307,PIURA,PIURA,PIURA,200101,20250224,Haba verde serrana,2.47,4.9,Legumbres,KILOGRAMO,KILOGRAMO
20250307,PIURA,PIURA,PIURA,200101,20250224,Azucar rubia nacional (granel),2.86,4.3,Agro-industriales,SACO NORMAL,KILOGRAMO
20250307,PIURA,PIURA,PIURA,200101,20250224,Leche reconstituida (azul) 395 gr,3.14,3.65,Agro-industriales,CAJA,LATA
20250307,PIURA,PIURA,PIURA,200101,20250224,Pina criolla,1.85,2.45,Frutas,KILOGRAMO,KILOGRAMO
20250307,PIURA,PIURA,PIURA,200101,20250224,Vainita americana,2.41,5.05,Legumbres,KILOGRAMO,KILOGRAMO
20250307,PIURA,PIURA,PIURA,200101,20250224,Cebolla cabeza roja,1.93,3.05,Hortalizas,SACO,KILOGRAMO
20250307,PIURA,PIURA,PIURA,200101,20250224,Chirimoya cumbe,3.2,9.4,Frutas,CAJON CHICO,KILOGRAMO
20250307,PIURA,PIURA,PIURA,200101,20250224,Pallar,8.85,10.45,Menestras,KILOGRAMO,KILOGRAMO
20250307,PIURA,PIURA,PIURA,200101,20250224,Huevos rosados,5.1,10.1,Carnes y huevos,KILOGRAMO,KILOGRAMO
20250307,PIURA,PIURA,PIURA,200101,20250224,Ajo criollo o napuri,8.35,12,Hortalizas,MALLA MEDIANA,KILOGRAMO
20250307,PIURA,PIURA,PIURA,200101,20250224,Frijol castilla,4.8,6.35,Menestras,KILOGRAMO,KILOGRAMO
20250307,PIURA,PIURA,PIURA,200101,20250224,Arroz superior,3,4.15,Cereales,SACO NORMAL,KILOGRAMO
20250307,PIURA,PIURA,PIURA,200101,20250224,Mango edward,0.97,2,Frutas,KILOGRAMO,KILOGRAMO
20250307,PIURA,PIURA,PIURA,200101,20250224,Carne de pollo (eviscerado),6.8,7.6,Carnes y huevos,KILOGRAMO,KILOGRAMO
20250307,PIURA,PIURA,PIURA,200101,20250224,Platano seda congo,1.5,3.85,Frutas,KILOGRAMO,KILOGRAMO
20250307,PIURA,PIURA,PIURA,200101,20250224,Yuca blanca,1.83,3.65,Tuberculos,KILOGRAMO,KILOGRAMO
20250307,PIURA,PIURA,PIURA,200101,20250224,Papa amarilla,2.71,5.2,Tuberculos,SACO GRANDE,KILOGRAMO
20250307,PIURA,PIURA,PIURA,200101,20250224,Melocoton durazno huayco,4.78,8.5,Frutas,KILOGRAMO,KILOGRAMO
20250307,PIURA,PIURA,PIURA,200101,20250224,Sandia,1.75,2.55,Frutas,KILOGRAMO,KILOGRAMO
20250307,PIURA,PIURA,PIURA,200101,20250224,Aceite clasico botella 900 ml,9.49,10.55,Agro-industriales,CAJA CHICA,LITRO
20250307,PIURA,PIURA,PIURA,200101,20250219,Tomate,3.61,4.25,Hortalizas,KILOGRAMO,KILOGRAMO
20250307,PIURA,PIURA,PIURA,200101,20250219,Lenteja,6.35,10.15,Menestras,KILOGRAMO,KILOGRAMO
20250307,PIURA,PIURA,PIURA,200101,20250219,Naranja valencia,2.26,3.35,Frutas,KILOGRAMO,KILOGRAMO
20250307,PIURA,PIURA,PIURA,200101,20250219,Garbanzo,6.29,11.5,Menestras,KILOGRAMO,KILOGRAMO
20250307,PIURA,PIURA,PIURA,200101,20250219,Palta fuerte,6.55,7.8,Frutas,KILOGRAMO,KILOGRAMO
20250307,PIURA,PIURA,PIURA,200101,20250219,Fideos nicolini tallarin,4.35,6.25,Agro-industriales,PAQUETE,KILOGRAMO
20250307,PIURA,PIURA,PIURA,200101,20250219,Aji escabeche,1.32,2.75,Hortalizas,KILOGRAMO,MALLA
20250307,PIURA,PIURA,PIURA,200101,20250219,Arveja verde blanca serrana,3.33,5.65,Legumbres,MALLA MEDIANA,KILOGRAMO
20250307,PIURA,PIURA,PIURA,200101,20250219,Manzana delicia,2.38,4.7,Frutas,KILOGRAMO,KILOGRAMO
20250307,PIURA,PIURA,PIURA,200101,20250219,Uva italia,5.25,10.4,Frutas,KILOGRAMO,KILOGRAMO
20250307,PIURA,PIURA,PIURA,200101,20250219,Leche fresca,2.65,3.1,Agro-industriales,LITRO,LITRO
20250307,PIURA,PIURA,PIURA,200101,20250219,Azucar blanca nacional (granel),2.83,5.35,Agro-industriales,SACO NORMAL,KILOGRAMO
20250307,PIURA,PIURA,PIURA,200101,20250219,Uva red globe,4.17,6.35,Frutas,KILOGRAMO,KILOGRAMO
20250307,PIURA,PIURA,PIURA,200101,20250219,Carne fresca de vacuno,19.5,22.5,Carnes y huevos,KILOGRAMO,KILOGRAMO
20250307,PIURA,PIURA,PIURA,200101,20250219,Zapallo macre,2.02,3.2,Hortalizas,KILOGRAMO,KILOGRAMO
20250307,PIURA,PIURA,PIURA,200101,20250219,Carne de porcino (corte unico),18.8,19.8,Carnes y huevos,UNIDAD,KILOGRAMO
20250307,PIURA,PIURA,PIURA,200101,20250219,Uva alfonso lavalett,3.38,6.35,Frutas,KILOGRAMO,KILOGRAMO
20250307,PIURA,PIURA,PIURA,200101,20250219,Frijol canario,5.95,11.35,Menestras,KILOGRAMO,KILOGRAMO
20250307,PIURA,PIURA,PIURA,200101,20250219,Arroz extra,3.46,4.45,Cereales,SACO NORMAL,KILOGRAMO
20250307,PIURA,PIURA,PIURA,200101,20250219,Papaya,1.85,2.1,Frutas,KILOGRAMO,KILOGRAMO
20250307,PIURA,PIURA,PIURA,200101,20250219,Aji rocoto,2.35,3.65,Hortalizas,KILOGRAMO,KILOGRAMO
20250307,PIURA,PIURA,PIURA,200101,20250219,Limon sutil bolsa,1,2.45,Frutas,KILOGRAMO,KILOGRAMO
20250307,PIURA,PIURA,PIURA,200101,20250219,Olluco largo,2.85,3.55,Tuberculos,KILOGRAMO,KILOGRAMO
20250307,PIURA,PIURA,PIURA,200101,20250219,Camote morado,1.74,2,Tuberculos,SACO GRANDE,KILOGRAMO
20250307,PIURA,PIURA,PIURA,200101,20250219,Manzana israel,3.13,4.5,Frutas,KILOGRAMO,KILOGRAMO
20250307,PIURA,PIURA,PIURA,200101,20250219,Platano bellaco,1.54,3,Frutas,LITRO,LITRO
20250307,PIURA,PIURA,PIURA,200101,20250219,Haba verde serrana,2.47,4.9,Legumbres,KILOGRAMO,KILOGRAMO
20250307,PIURA,PIURA,PIURA,200101,20250219,Azucar rubia nacional (granel),2.96,4.5,Agro-industriales,SACO NORMAL,KILOGRAMO
20250307,PIURA,PIURA,PIURA,200101,20250219,Leche reconstituida (azul) 395 gr,3.2,3.65,Agro-industriales,CAJA,LATA
20250307,PIURA,PIURA,PIURA,200101,20250219,Pina criolla,1.85,2.45,Frutas,KILOGRAMO,KILOGRAMO
20250307,PIURA,PIURA,PIURA,200101,20250219,Vainita americana,2.43,5.05,Legumbres,KILOGRAMO,KILOGRAMO
20250307,PIURA,PIURA,PIURA,200101,20250219,Cebolla cabeza roja,1.93,3.05,Hortalizas,SACO,KILOGRAMO
20250307,PIURA,PIURA,PIURA,200101,20250219,Chirimoya cumbe,3.2,9.4,Frutas,CAJON CHICO,KILOGRAMO
20250307,PIURA,PIURA,PIURA,200101,20250219,Pallar,8.85,10.45,Menestras,KILOGRAMO,KILOGRAMO
20250307,PIURA,PIURA,PIURA,200101,20250219,Huevos rosados,5.1,10.1,Carnes y huevos,KILOGRAMO,KILOGRAMO
20250307,PIURA,PIURA,PIURA,200101,20250219,Ajo criollo o napuri,8.38,12,Hortalizas,MALLA MEDIANA,KILOGRAMO
20250307,PIURA,PIURA,PIURA,200101,20250219,Frijol castilla,4.8,6.35,Menestras,KILOGRAMO,KILOGRAMO
20250307,PIURA,PIURA,PIURA,200101,20250219,Arroz superior,3,4.15,Cereales,SACO NORMAL,KILOGRAMO
20250307,PIURA,PIURA,PIURA,200101,20250219,Mango edward,0.97,2,Frutas,KILOGRAMO,KILOGRAMO
20250307,PIURA,PIURA,PIURA,200101,20250219,Carne de pollo (eviscerado),6.7,7.6,Carnes y huevos,KILOGRAMO,KILOGRAMO
20250307,PIURA,PIURA,PIURA,200101,20250219,Platano seda congo,1.54,3.85,Frutas,KILOGRAMO,KILOGRAMO
20250307,PIURA,PIURA,PIURA,200101,20250219,Yuca blanca,1.81,3.65,Tuberculos,KILOGRAMO,KILOGRAMO
20250307,PIURA,PIURA,PIURA,200101,20250219,Papa amarilla,2.74,5.25,Tuberculos,SACO GRANDE,KILOGRAMO
20250307,PIURA,PIURA,PIURA,200101,20250219,Melocoton durazno huayco,5,8.5,Frutas,KILOGRAMO,KILOGRAMO
20250307,PIURA,PIURA,PIURA,200101,20250219,Sandia,1.75,2.55,Frutas,KILOGRAMO,KILOGRAMO
20250307,PIURA,PIURA,PIURA,200101,20250219,Aceite clasico botella 900 ml,9.54,10.65,Agro-industriales,CAJA CHICA,LITRO
20250307,PIURA,PIURA,PIURA,200101,20250219,Papa canchan,1.79,2.45,Tuberculos,SACO GRANDE,KILOGRAMO
20250307,PIURA,PIURA,PIURA,200101,20250219,Melon coquito,2.33,3.1,Frutas,KILOGRAMO,KILOGRAMO
20250307,PIURA,PIURA,PIURA,200101,20250219,Zanahoria,1.58,3.4,Hortalizas,SACO MEDIANO,KILOGRAMO
20250307,PIURA,PIURA,PIURA,200101,20250219,Choclo (tipo cusco),4.44,7.35,Cereales,CIENTO,UNIDAD
20250307,PIURA,PIURA,PIURA,200101,20250217,Fideos nicolini tallarin,4.35,6.15,Agro-industriales,PAQUETE,KILOGRAMO
20250307,PIURA,PIURA,PIURA,200101,20250217,Aji escabeche,1.32,2.75,Hortalizas,KILOGRAMO,MALLA
20250307,PIURA,PIURA,PIURA,200101,20250217,Arveja verde blanca serrana,3.33,5.65,Legumbres,MALLA MEDIANA,KILOGRAMO
20250307,PIURA,PIURA,PIURA,200101,20250217,Manzana delicia,2.4,4.7,Frutas,KILOGRAMO,KILOGRAMO
20250307,PIURA,PIURA,PIURA,200101,20250217,Uva italia,5.25,10.4,Frutas,KILOGRAMO,KILOGRAMO
20250307,PIURA,PIURA,PIURA,200101,20250217,Leche fresca,2.65,3.1,Agro-industriales,LITRO,LITRO
20250307,PIURA,PIURA,PIURA,200101,20250217,Azucar blanca nacional (granel),2.86,5.35,Agro-industriales,SACO NORMAL,KILOGRAMO
20250307,PIURA,PIURA,PIURA,200101,20250217,Uva red globe,4.13,6.35,Frutas,KILOGRAMO,KILOGRAMO
20250307,PIURA,PIURA,PIURA,200101,20250217,Carne fresca de vacuno,19.5,22.5,Carnes y huevos,KILOGRAMO,KILOGRAMO
20250307,PIURA,PIURA,PIURA,200101,20250217,Zapallo macre,2.02,3.2,Hortalizas,KILOGRAMO,KILOGRAMO
20250307,PIURA,PIURA,PIURA,200101,20250217,Carne de porcino (corte unico),18.9,19.8,Carnes y huevos,UNIDAD,KILOGRAMO
20250307,PIURA,PIURA,PIURA,200101,20250217,Uva alfonso lavalett,3.33,6.35,Frutas,KILOGRAMO,KILOGRAMO
20250307,PIURA,PIURA,PIURA,200101,20250217,Frijol canario,5.95,11.35,Menestras,KILOGRAMO,KILOGRAMO
20250307,PIURA,PIURA,PIURA,200101,20250217,Arroz extra,3.5,4.45,Cereales,SACO NORMAL,KILOGRAMO
20250307,PIURA,PIURA,PIURA,200101,20250217,Papaya,1.85,2.1,Frutas,KILOGRAMO,KILOGRAMO
20250307,PIURA,PIURA,PIURA,200101,20250217,Aji rocoto,2.1,3.65,Hortalizas,KILOGRAMO,KILOGRAMO
20250307,PIURA,PIURA,PIURA,200101,20250217,Limon sutil bolsa,1.03,2.45,Frutas,KILOGRAMO,KILOGRAMO
20250307,PIURA,PIURA,PIURA,200101,20250217,Olluco largo,2.85,3.55,Tuberculos,KILOGRAMO,KILOGRAMO
20250307,PIURA,PIURA,PIURA,200101,20250217,Camote morado,1.77,2,Tuberculos,SACO GRANDE,KILOGRAMO
20250307,PIURA,PIURA,PIURA,200101,20250217,Manzana israel,3.13,4.5,Frutas,KILOGRAMO,KILOGRAMO
20250307,PIURA,PIURA,PIURA,200101,20250217,Platano bellaco,1.54,3,Frutas,LITRO,LITRO
20250307,PIURA,PIURA,PIURA,200101,20250217,Haba verde serrana,2.48,4.9,Legumbres,KILOGRAMO,KILOGRAMO
20250307,PIURA,PIURA,PIURA,200101,20250217,Azucar rubia nacional (granel),2.96,4.5,Agro-industriales,SACO NORMAL,KILOGRAMO
20250307,PIURA,PIURA,PIURA,200101,20250217,Leche reconstituida (azul) 395 gr,3.22,3.65,Agro-industriales,CAJA,LATA
20250307,PIURA,PIURA,PIURA,200101,20250217,Pina criolla,1.95,2.45,Frutas,KILOGRAMO,KILOGRAMO
20250307,PIURA,PIURA,PIURA,200101,20250217,Vainita americana,2.43,5.05,Legumbres,KILOGRAMO,KILOGRAMO
20250307,PIURA,PIURA,PIURA,200101,20250217,Cebolla cabeza roja,1.98,3.05,Hortalizas,SACO,KILOGRAMO
20250307,PIURA,PIURA,PIURA,200101,20250217,Chirimoya cumbe,3,9.4,Frutas,CAJON CHICO,KILOGRAMO
20250307,PIURA,PIURA,PIURA,200101,20250217,Pallar,8.85,10.55,Menestras,KILOGRAMO,KILOGRAMO
20250307,PIURA,PIURA,PIURA,200101,20250217,Huevos rosados,5.1,10.1,Carnes y huevos,KILOGRAMO,KILOGRAMO
20250307,PIURA,PIURA,PIURA,200101,20250217,Ajo criollo o napuri,8.3,12,Hortalizas,MALLA MEDIANA,KILOGRAMO
20250307,PIURA,PIURA,PIURA,200101,20250217,Frijol castilla,4.8,6.35,Menestras,KILOGRAMO,KILOGRAMO
20250307,PIURA,PIURA,PIURA,200101,20250217,Arroz superior,3,4.15,Cereales,SACO NORMAL,KILOGRAMO
20250307,PIURA,PIURA,PIURA,200101,20250217,Mango edward,0.97,2,Frutas,KILOGRAMO,KILOGRAMO
20250307,PIURA,PIURA,PIURA,200101,20250217,Carne de pollo (eviscerado),6.7,7.6,Carnes y huevos,KILOGRAMO,KILOGRAMO
20250307,PIURA,PIURA,PIURA,200101,20250217,Platano seda congo,1.54,3.85,Frutas,KILOGRAMO,KILOGRAMO
20250307,PIURA,PIURA,PIURA,200101,20250217,Yuca blanca,1.81,3.65,Tuberculos,KILOGRAMO,KILOGRAMO
20250307,PIURA,PIURA,PIURA,200101,20250217,Papa amarilla,2.75,5.25,Tuberculos,SACO GRANDE,KILOGRAMO
20250307,PIURA,PIURA,PIURA,200101,20250217,Melocoton durazno huayco,5.03,8.5,Frutas,KILOGRAMO,KILOGRAMO
20250307,PIURA,PIURA,PIURA,200101,20250217,Sandia,1.75,2.55,Frutas,KILOGRAMO,KILOGRAMO
20250307,PIURA,PIURA,PIURA,200101,20250217,Aceite clasico botella 900 ml,9.58,10.65,Agro-industriales,CAJA CHICA,LITRO
20250307,PIURA,PIURA,PIURA,200101,20250217,Papa canchan,1.8,2.45,Tuberculos,SACO GRANDE,KILOGRAMO
20250307,PIURA,PIURA,PIURA,200101,20250217,Melon coquito,2.33,3.1,Frutas,KILOGRAMO,KILOGRAMO
20250307,PIURA,PIURA,PIURA,200101,20250217,Zanahoria,1.58,3.4,Hortalizas,SACO MEDIANO,KILOGRAMO
20250307,PIURA,PIURA,PIURA,200101,20250217,Choclo (tipo cusco),4.44,7.35,Cereales,CIENTO,UNIDAD
20250307,PIURA,PIURA,PIURA,200101,20250217,Tomate,3.61,4.25,Hortalizas,KILOGRAMO,KILOGRAMO
20250307,PIURA,PIURA,PIURA,200101,20250217,Lenteja,6.35,9.65,Menestras,KILOGRAMO,KILOGRAMO
20250307,PIURA,PIURA,PIURA,200101,20250217,Naranja valencia,2.26,3.35,Frutas,KILOGRAMO,KILOGRAMO
20250307,PIURA,PIURA,PIURA,200101,20250217,Garbanzo,6.29,11.5,Menestras,KILOGRAMO,KILOGRAMO
20250307,PIURA,PIURA,PIURA,200101,20250217,Palta fuerte,6.55,7.8,Frutas,KILOGRAMO,KILOGRAMO
20250218,PIURA,PIURA,PIURA,200101,20250207,Aji escabeche,1.32,2.75,Hortalizas,KILOGRAMO,MALLA
20250218,PIURA,PIURA,PIURA,200101,20250207,Aceite clasico botella 900 ml,9.68,10.65,Agro-industriales,CAJA CHICA,LITRO
20250218,PIURA,PIURA,PIURA,200101,20250207,Aji rocoto,2.6,4.35,Hortalizas,KILOGRAMO,KILOGRAMO
20250218,PIURA,PIURA,PIURA,200101,20250207,Frijol canario,5.99,11.6,Menestras,KILOGRAMO,KILOGRAMO
20250218,PIURA,PIURA,PIURA,200101,20250207,Uva alfonso lavalett,3.33,6.1,Frutas,KILOGRAMO,KILOGRAMO
20250218,PIURA,PIURA,PIURA,200101,20250207,Carne fresca de vacuno,19.5,22,Carnes y huevos,KILOGRAMO,KILOGRAMO
20250218,PIURA,PIURA,PIURA,200101,20250207,Tomate,3.57,4.35,Hortalizas,KILOGRAMO,KILOGRAMO
20250218,PIURA,PIURA,PIURA,200101,20250207,Carne de pollo (eviscerado),7.35,7.85,Carnes y huevos,KILOGRAMO,KILOGRAMO
20250218,PIURA,PIURA,PIURA,200101,20250207,Sandia,1.75,2.55,Frutas,KILOGRAMO,KILOGRAMO
20250218,PIURA,PIURA,PIURA,200101,20250207,Garbanzo,6.32,11.5,Menestras,KILOGRAMO,KILOGRAMO
20250218,PIURA,PIURA,PIURA,200101,20250207,Frijol castilla,4.82,6.4,Menestras,KILOGRAMO,KILOGRAMO
20250218,PIURA,PIURA,PIURA,200101,20250207,Haba verde serrana,2.47,4.9,Legumbres,KILOGRAMO,KILOGRAMO
20250218,PIURA,PIURA,PIURA,200101,20250207,Limon sutil bolsa,1.17,2.4,Frutas,KILOGRAMO,KILOGRAMO
20250218,PIURA,PIURA,PIURA,200101,20250207,Platano seda congo,1.54,3.9,Frutas,KILOGRAMO,KILOGRAMO
20250218,PIURA,PIURA,PIURA,200101,20250207,Lenteja,6.35,9.7,Menestras,KILOGRAMO,KILOGRAMO
20250218,PIURA,PIURA,PIURA,200101,20250207,Uva red globe,4.13,6.55,Frutas,KILOGRAMO,KILOGRAMO
20250218,PIURA,PIURA,PIURA,200101,20250207,Huevos rosados,5.1,10,Carnes y huevos,KILOGRAMO,KILOGRAMO
20250218,PIURA,PIURA,PIURA,200101,20250207,Naranja valencia,2.26,3.35,Frutas,KILOGRAMO,KILOGRAMO
20250218,PIURA,PIURA,PIURA,200101,20250207,Palta fuerte,6.65,7.8,Frutas,KILOGRAMO,KILOGRAMO
20250218,PIURA,PIURA,PIURA,200101,20250207,Melon coquito,2.5,3.05,Frutas,KILOGRAMO,KILOGRAMO
20250218,PIURA,PIURA,PIURA,200101,20250207,Vainita americana,2.48,5.05,Legumbres,KILOGRAMO,KILOGRAMO
20250218,PIURA,PIURA,PIURA,200101,20250207,Pallar,8.85,10.55,Menestras,KILOGRAMO,KILOGRAMO
20250218,PIURA,PIURA,PIURA,200101,20250207,Pina criolla,2.1,2.45,Frutas,KILOGRAMO,KILOGRAMO
20250218,PIURA,PIURA,PIURA,200101,20250207,Zapallo macre,2.02,3.3,Hortalizas,KILOGRAMO,KILOGRAMO
20250218,PIURA,PIURA,PIURA,200101,20250207,Olluco largo,2.85,3.55,Tuberculos,KILOGRAMO,KILOGRAMO
20250218,PIURA,PIURA,PIURA,200101,20250207,Yuca blanca,1.85,3.6,Tuberculos,KILOGRAMO,KILOGRAMO
20250218,PIURA,PIURA,PIURA,200101,20250207,Chirimoya cumbe,3,9.4,Frutas,CAJON CHICO,KILOGRAMO
20250218,PIURA,PIURA,PIURA,200101,20250207,Arroz superior,3.03,4.15,Cereales,SACO NORMAL,KILOGRAMO
20250218,PIURA,PIURA,PIURA,200101,20250207,Fideos nicolini tallarin,4.35,6.4,Agro-industriales,PAQUETE,KILOGRAMO
20250218,PIURA,PIURA,PIURA,200101,20250207,Manzana delicia,2.53,4.9,Frutas,KILOGRAMO,KILOGRAMO
20250218,PIURA,PIURA,PIURA,200101,20250207,Arroz extra,3.52,4.55,Cereales,SACO NORMAL,KILOGRAMO
20250218,PIURA,PIURA,PIURA,200101,20250207,Choclo (tipo cusco),4.4,7.35,Cereales,CIENTO,UNIDAD
20250218,PIURA,PIURA,PIURA,200101,20250207,Mango edward,0.67,2,Frutas,KILOGRAMO,KILOGRAMO
20250218,PIURA,PIURA,PIURA,200101,20250207,Azucar blanca nacional (granel),3,5.3,Agro-industriales,SACO NORMAL,KILOGRAMO
20250218,PIURA,PIURA,PIURA,200101,20250207,Papaya,1.85,2.1,Frutas,KILOGRAMO,KILOGRAMO
20250218,PIURA,PIURA,PIURA,200101,20250207,Leche evaporada (azul) 400 g,3.25,3.65,Agro-industriales,CAJA,LATA
20250218,PIURA,PIURA,PIURA,200101,20250207,Manzana israel,3.05,4.5,Frutas,KILOGRAMO,KILOGRAMO
20250218,PIURA,PIURA,PIURA,200101,20250207,Ajo criollo o napuri,7.9,11.95,Hortalizas,MALLA MEDIANA,KILOGRAMO
20250218,PIURA,PIURA,PIURA,200101,20250207,Azucar rubia nacional (granel),2.98,4.5,Agro-industriales,SACO NORMAL,KILOGRAMO
20250218,PIURA,PIURA,PIURA,200101,20250207,Zanahoria,1.55,3.4,Hortalizas,SACO MEDIANO,KILOGRAMO
20250218,PIURA,PIURA,PIURA,200101,20250207,Melocoton durazno huayco,5,8.7,Frutas,KILOGRAMO,KILOGRAMO
20250218,PIURA,PIURA,PIURA,200101,20250207,Arveja verde blanca serrana,3.33,5.6,Legumbres,MALLA MEDIANA,KILOGRAMO
20250218,PIURA,PIURA,PIURA,200101,20250207,Uva italia,5.29,10.4,Frutas,KILOGRAMO,KILOGRAMO
20250218,PIURA,PIURA,PIURA,200101,20250207,Papa canchan,1.83,2.45,Tuberculos,SACO GRANDE,KILOGRAMO
20250218,PIURA,PIURA,PIURA,200101,20250207,Papa amarilla,2.82,5.25,Tuberculos,SACO GRANDE,KILOGRAMO
20250218,PIURA,PIURA,PIURA,200101,20250207,Cebolla cabeza roja,1.98,3.05,Hortalizas,SACO,KILOGRAMO
20250218,PIURA,PIURA,PIURA,200101,20250207,Camote morado,1.88,2,Tuberculos,SACO GRANDE,KILOGRAMO
20250218,PIURA,PIURA,PIURA,200101,20250207,Platano bellaco,1.75,3,Frutas,LITRO,LITRO
20250218,PIURA,PIURA,PIURA,200101,20250207,Carne de porcino (corte unico),16.5,19.55,Carnes y huevos,UNIDAD,KILOGRAMO
20250218,PIURA,PIURA,PIURA,200101,20250207,Leche fresca,2.65,3,Agro-industriales,LITRO,LITRO
20250218,PIURA,PIURA,PIURA,200101,20250205,Frijol canario,6.07,11.25,Menestras,KILOGRAMO,KILOGRAMO
20250218,PIURA,PIURA,PIURA,200101,20250205,Uva alfonso lavalett,3.33,6.1,Frutas,KILOGRAMO,KILOGRAMO
20250218,PIURA,PIURA,PIURA,200101,20250205,Carne fresca de vacuno,19.5,22.5,Carnes y huevos,KILOGRAMO,KILOGRAMO
20250218,PIURA,PIURA,PIURA,200101,20250205,Tomate,3.57,4.35,Hortalizas,KILOGRAMO,KILOGRAMO
20250218,PIURA,PIURA,PIURA,200101,20250205,Carne de pollo (eviscerado),7.35,7.85,Carnes y huevos,KILOGRAMO,KILOGRAMO
20250218,PIURA,PIURA,PIURA,200101,20250205,Sandia,1.75,2.4,Frutas,KILOGRAMO,KILOGRAMO
20250218,PIURA,PIURA,PIURA,200101,20250205,Garbanzo,6.32,11.5,Menestras,KILOGRAMO,KILOGRAMO
20250218,PIURA,PIURA,PIURA,200101,20250205,Frijol castilla,4.82,6.4,Menestras,KILOGRAMO,KILOGRAMO
20250218,PIURA,PIURA,PIURA,200101,20250205,Haba verde serrana,2.51,4.8,Legumbres,KILOGRAMO,KILOGRAMO
20250218,PIURA,PIURA,PIURA,200101,20250205,Limon sutil bolsa,1.2,2.15,Frutas,KILOGRAMO,KILOGRAMO
20250218,PIURA,PIURA,PIURA,200101,20250205,Platano seda congo,1.54,3.9,Frutas,KILOGRAMO,KILOGRAMO
20250218,PIURA,PIURA,PIURA,200101,20250205,Lenteja,6.35,9.6,Menestras,KILOGRAMO,KILOGRAMO
20250218,PIURA,PIURA,PIURA,200101,20250205,Uva red globe,4.08,6.4,Frutas,KILOGRAMO,KILOGRAMO
20250218,PIURA,PIURA,PIURA,200101,20250205,Huevos rosados,5.1,10.1,Carnes y huevos,KILOGRAMO,KILOGRAMO
20250218,PIURA,PIURA,PIURA,200101,20250205,Naranja valencia,2.26,3.4,Frutas,KILOGRAMO,KILOGRAMO
20250218,PIURA,PIURA,PIURA,200101,20250205,Palta fuerte,6.65,7.75,Frutas,KILOGRAMO,KILOGRAMO
20250218,PIURA,PIURA,PIURA,200101,20250205,Melon coquito,2.5,3.05,Frutas,KILOGRAMO,KILOGRAMO
20250218,PIURA,PIURA,PIURA,200101,20250205,Vainita americana,2.48,5.2,Legumbres,KILOGRAMO,KILOGRAMO
20250218,PIURA,PIURA,PIURA,200101,20250205,Pallar,8.85,10.55,Menestras,KILOGRAMO,KILOGRAMO
20250218,PIURA,PIURA,PIURA,200101,20250205,Pina criolla,2.1,2.45,Frutas,KILOGRAMO,KILOGRAMO
20250218,PIURA,PIURA,PIURA,200101,20250205,Zapallo macre,2.02,3.3,Hortalizas,KILOGRAMO,KILOGRAMO
20250218,PIURA,PIURA,PIURA,200101,20250205,Olluco largo,2.85,3.55,Tuberculos,KILOGRAMO,KILOGRAMO
20250218,PIURA,PIURA,PIURA,200101,20250205,Yuca blanca,1.85,3.6,Tuberculos,KILOGRAMO,KILOGRAMO
20250218,PIURA,PIURA,PIURA,200101,20250205,Chirimoya cumbe,3,9.4,Frutas,CAJON CHICO,KILOGRAMO
20250218,PIURA,PIURA,PIURA,200101,20250205,Arroz superior,3.02,4.15,Cereales,SACO NORMAL,KILOGRAMO
20250218,PIURA,PIURA,PIURA,200101,20250205,Fideos nicolini tallarin,4.3,6.4,Agro-industriales,PAQUETE,KILOGRAMO
20250218,PIURA,PIURA,PIURA,200101,20250205,Manzana delicia,2.53,4.9,Frutas,KILOGRAMO,KILOGRAMO
20250218,PIURA,PIURA,PIURA,200101,20250205,Arroz extra,3.55,4.55,Cereales,SACO NORMAL,KILOGRAMO
20250218,PIURA,PIURA,PIURA,200101,20250205,Choclo (tipo cusco),4.4,7.35,Cereales,CIENTO,UNIDAD
20250218,PIURA,PIURA,PIURA,200101,20250205,Mango edward,0.7,2,Frutas,KILOGRAMO,KILOGRAMO
20250218,PIURA,PIURA,PIURA,200101,20250205,Azucar blanca nacional (granel),3.02,5.3,Agro-industriales,SACO NORMAL,KILOGRAMO
20250218,PIURA,PIURA,PIURA,200101,20250205,Papaya,1.85,2.1,Frutas,KILOGRAMO,KILOGRAMO
20250218,PIURA,PIURA,PIURA,200101,20250205,Leche evaporada (azul) 400 g,3.25,3.65,Agro-industriales,CAJA,LATA
20250218,PIURA,PIURA,PIURA,200101,20250205,Manzana israel,3.05,4.5,Frutas,KILOGRAMO,KILOGRAMO
20250218,PIURA,PIURA,PIURA,200101,20250205,Ajo criollo o napuri,7.9,11.95,Hortalizas,MALLA MEDIANA,KILOGRAMO
20250218,PIURA,PIURA,PIURA,200101,20250205,Azucar rubia nacional (granel),2.98,4.5,Agro-industriales,SACO NORMAL,KILOGRAMO
20250218,PIURA,PIURA,PIURA,200101,20250205,Zanahoria,1.58,3.4,Hortalizas,SACO MEDIANO,KILOGRAMO
20250218,PIURA,PIURA,PIURA,200101,20250205,Melocoton durazno huayco,5,8.7,Frutas,KILOGRAMO,KILOGRAMO
20250218,PIURA,PIURA,PIURA,200101,20250205,Arveja verde blanca serrana,3.33,5.6,Legumbres,MALLA MEDIANA,KILOGRAMO
20250218,PIURA,PIURA,PIURA,200101,20250205,Uva italia,5.29,10.4,Frutas,KILOGRAMO,KILOGRAMO
20250218,PIURA,PIURA,PIURA,200101,20250205,Papa canchan,1.83,2.45,Tuberculos,SACO GRANDE,KILOGRAMO
20250218,PIURA,PIURA,PIURA,200101,20250205,Papa amarilla,2.86,5.1,Tuberculos,SACO GRANDE,KILOGRAMO
20250218,PIURA,PIURA,PIURA,200101,20250205,Cebolla cabeza roja,2,2.95,Hortalizas,SACO,KILOGRAMO
20250218,PIURA,PIURA,PIURA,200101,20250205,Camote morado,1.88,2,Tuberculos,SACO GRANDE,KILOGRAMO
20250218,PIURA,PIURA,PIURA,200101,20250205,Platano bellaco,1.75,3,Frutas,LITRO,LITRO
20250218,PIURA,PIURA,PIURA,200101,20250205,Carne de porcino (corte unico),16.8,19.25,Carnes y huevos,UNIDAD,KILOGRAMO
20250218,PIURA,PIURA,PIURA,200101,20250205,Leche fresca,2.65,3,Agro-industriales,LITRO,LITRO
20250218,PIURA,PIURA,PIURA,200101,20250205,Aji escabeche,1.33,2.8,Hortalizas,KILOGRAMO,MALLA
20250218,PIURA,PIURA,PIURA,200101,20250205,Aceite clasico botella 900 ml,9.68,10.65,Agro-industriales,CAJA CHICA,LITRO
20250218,PIURA,PIURA,PIURA,200101,20250205,Aji rocoto,2.65,4.35,Hortalizas,KILOGRAMO,KILOGRAMO
20250218,PIURA,PIURA,PIURA,200101,20250131,Garbanzo,6.34,8.85,Menestras,KILOGRAMO,KILOGRAMO
20250218,PIURA,PIURA,PIURA,200101,20250131,Frijol castilla,4.82,6.4,Menestras,KILOGRAMO,KILOGRAMO
20250218,PIURA,PIURA,PIURA,200101,20250131,Haba verde serrana,2.51,4.8,Legumbres,KILOGRAMO,KILOGRAMO
20250218,PIURA,PIURA,PIURA,200101,20250131,Limon sutil bolsa,1.22,2.4,Frutas,KILOGRAMO,KILOGRAMO
20250218,PIURA,PIURA,PIURA,200101,20250131,Platano seda congo,1.54,3.9,Frutas,KILOGRAMO,KILOGRAMO
20250218,PIURA,PIURA,PIURA,200101,20250131,Lenteja,6.35,9,Menestras,KILOGRAMO,KILOGRAMO
20250218,PIURA,PIURA,PIURA,200101,20250131,Uva red globe,4.08,6.4,Frutas,KILOGRAMO,KILOGRAMO
20250218,PIURA,PIURA,PIURA,200101,20250131,Huevos rosados,5.1,10.1,Carnes y huevos,KILOGRAMO,KILOGRAMO
20250218,PIURA,PIURA,PIURA,200101,20250131,Naranja valencia,2.03,2.85,Frutas,KILOGRAMO,KILOGRAMO
20250218,PIURA,PIURA,PIURA,200101,20250131,Palta fuerte,6.65,7.75,Frutas,KILOGRAMO,KILOGRAMO
20250218,PIURA,PIURA,PIURA,200101,20250131,Melon coquito,2.5,3.05,Frutas,KILOGRAMO,KILOGRAMO
20250218,PIURA,PIURA,PIURA,200101,20250131,Vainita americana,2.48,5.2,Legumbres,KILOGRAMO,KILOGRAMO
20250218,PIURA,PIURA,PIURA,200101,20250131,Pallar,8.85,10.55,Menestras,KILOGRAMO,KILOGRAMO
20250218,PIURA,PIURA,PIURA,200101,20250131,Pina criolla,2.11,2.45,Frutas,KILOGRAMO,KILOGRAMO
20250218,PIURA,PIURA,PIURA,200101,20250131,Zapallo macre,2.02,3.4,Hortalizas,KILOGRAMO,KILOGRAMO
20250218,PIURA,PIURA,PIURA,200101,20250131,Olluco largo,2.75,3.55,Tuberculos,KILOGRAMO,KILOGRAMO
20250218,PIURA,PIURA,PIURA,200101,20250131,Yuca blanca,1.85,3.65,Tuberculos,KILOGRAMO,KILOGRAMO
20250218,PIURA,PIURA,PIURA,200101,20250131,Chirimoya cumbe,3.55,10.05,Frutas,CAJON CHICO,KILOGRAMO
20250218,PIURA,PIURA,PIURA,200101,20250131,Arroz superior,3.02,4.05,Cereales,SACO NORMAL,KILOGRAMO
20250218,PIURA,PIURA,PIURA,200101,20250131,Fideos nicolini tallarin,4.45,6.4,Agro-industriales,PAQUETE,KILOGRAMO
20250218,PIURA,PIURA,PIURA,200101,20250131,Manzana delicia,2.53,4.9,Frutas,KILOGRAMO,KILOGRAMO
20250218,PIURA,PIURA,PIURA,200101,20250131,Arroz extra,3.54,4.45,Cereales,SACO NORMAL,KILOGRAMO
20250218,PIURA,PIURA,PIURA,200101,20250131,Choclo (tipo cusco),4.38,7.35,Cereales,CIENTO,UNIDAD
20250218,PIURA,PIURA,PIURA,200101,20250131,Mango edward,0.83,2.5,Frutas,KILOGRAMO,KILOGRAMO
20250218,PIURA,PIURA,PIURA,200101,20250131,Azucar blanca nacional (granel),3.02,5.3,Agro-industriales,SACO NORMAL,KILOGRAMO
20250218,PIURA,PIURA,PIURA,200101,20250131,Papaya,1.85,2.1,Frutas,KILOGRAMO,KILOGRAMO
20250218,PIURA,PIURA,PIURA,200101,20250131,Leche evaporada (azul) 400 g,3.28,3.65,Agro-industriales,CAJA,LATA
20250218,PIURA,PIURA,PIURA,200101,20250131,Manzana israel,3.05,4.5,Frutas,KILOGRAMO,KILOGRAMO
20250218,PIURA,PIURA,PIURA,200101,20250131,Ajo criollo o napuri,7.9,12,Hortalizas,MALLA MEDIANA,KILOGRAMO
20250218,PIURA,PIURA,PIURA,200101,20250131,Azucar rubia nacional (granel),2.97,4.5,Agro-industriales,SACO NORMAL,KILOGRAMO
20250218,PIURA,PIURA,PIURA,200101,20250131,Zanahoria,1.6,3.4,Hortalizas,SACO MEDIANO,KILOGRAMO
20250218,PIURA,PIURA,PIURA,200101,20250131,Melocoton durazno huayco,5.03,8.7,Frutas,KILOGRAMO,KILOGRAMO
20250218,PIURA,PIURA,PIURA,200101,20250131,Arveja verde blanca serrana,3.33,5.6,Legumbres,MALLA MEDIANA,KILOGRAMO
20250218,PIURA,PIURA,PIURA,200101,20250131,Uva italia,5.21,10.4,Frutas,KILOGRAMO,KILOGRAMO
20250218,PIURA,PIURA,PIURA,200101,20250131,Papa canchan,1.83,2.45,Tuberculos,SACO GRANDE,KILOGRAMO
20250218,PIURA,PIURA,PIURA,200101,20250131,Papa amarilla,2.89,4.95,Tuberculos,SACO GRANDE,KILOGRAMO
20250218,PIURA,PIURA,PIURA,200101,20250131,Cebolla cabeza roja,1.99,2.95,Hortalizas,SACO,KILOGRAMO
20250218,PIURA,PIURA,PIURA,200101,20250131,Camote morado,1.9,2,Tuberculos,SACO GRANDE,KILOGRAMO
20250218,PIURA,PIURA,PIURA,200101,20250131,Platano bellaco,1.75,3,Frutas,LITRO,LITRO
20250218,PIURA,PIURA,PIURA,200101,20250131,Carne de porcino (corte unico),17.1,19.25,Carnes y huevos,UNIDAD,KILOGRAMO
20250218,PIURA,PIURA,PIURA,200101,20250131,Leche fresca,2.65,3,Agro-industriales,LITRO,LITRO
20250218,PIURA,PIURA,PIURA,200101,20250131,Uva alfonso lavalett,3.33,6.1,Frutas,KILOGRAMO,KILOGRAMO
20250218,PIURA,PIURA,PIURA,200101,20250131,Aji escabeche,1.34,2.85,Hortalizas,KILOGRAMO,MALLA
20250218,PIURA,PIURA,PIURA,200101,20250131,Aceite clasico botella 900 ml,9.68,10.8,Agro-industriales,CAJA CHICA,LITRO
20250218,PIURA,PIURA,PIURA,200101,20250131,Aji rocoto,2.85,4.35,Hortalizas,KILOGRAMO,KILOGRAMO
20250218,PIURA,PIURA,PIURA,200101,20250131,Carne fresca de vacuno,19.5,22.5,Carnes y huevos,KILOGRAMO,KILOGRAMO
20250218,PIURA,PIURA,PIURA,200101,20250131,Tomate,3.57,4.45,Hortalizas,KILOGRAMO,KILOGRAMO
20250218,PIURA,PIURA,PIURA,200101,20250131,Carne de pollo (eviscerado),7.35,7.9,Carnes y huevos,KILOGRAMO,KILOGRAMO
20250218,PIURA,PIURA,PIURA,200101,20250131,Sandia,1.75,2.4,Frutas,KILOGRAMO,KILOGRAMO
20250218,PIURA,PIURA,PIURA,200101,20250131,Frijol canario,6.07,10.2,Menestras,KILOGRAMO,KILOGRAMO
20250218,PIURA,PIURA,PIURA,200101,20250129,Limon sutil bolsa,1.3,2.4,Frutas,KILOGRAMO,KILOGRAMO
20250218,PIURA,PIURA,PIURA,200101,20250129,Platano seda congo,1.54,4,Frutas,KILOGRAMO,KILOGRAMO
20250218,PIURA,PIURA,PIURA,200101,20250129,Lenteja,6.35,9,Menestras,KILOGRAMO,KILOGRAMO
20250218,PIURA,PIURA,PIURA,200101,20250129,Uva red globe,4.08,6.4,Frutas,KILOGRAMO,KILOGRAMO
20250218,PIURA,PIURA,PIURA,200101,20250129,Huevos rosados,5.1,10.1,Carnes y huevos,KILOGRAMO,KILOGRAMO
20250218,PIURA,PIURA,PIURA,200101,20250129,Naranja valencia,2.15,2.85,Frutas,KILOGRAMO,KILOGRAMO
20250218,PIURA,PIURA,PIURA,200101,20250129,Palta fuerte,6.65,8.6,Frutas,KILOGRAMO,KILOGRAMO
20250218,PIURA,PIURA,PIURA,200101,20250129,Melon coquito,2.5,3.05,Frutas,KILOGRAMO,KILOGRAMO
20250218,PIURA,PIURA,PIURA,200101,20250129,Vainita americana,2.49,5.2,Legumbres,KILOGRAMO,KILOGRAMO
20250218,PIURA,PIURA,PIURA,200101,20250129,Pallar,8.65,10.6,Menestras,KILOGRAMO,KILOGRAMO
20250218,PIURA,PIURA,PIURA,200101,20250129,Pina criolla,2.11,2.45,Frutas,KILOGRAMO,KILOGRAMO
20250218,PIURA,PIURA,PIURA,200101,20250129,Zapallo macre,2.02,3.4,Hortalizas,KILOGRAMO,KILOGRAMO
20250218,PIURA,PIURA,PIURA,200101,20250129,Olluco largo,2.75,3.55,Tuberculos,KILOGRAMO,KILOGRAMO
20250218,PIURA,PIURA,PIURA,200101,20250129,Yuca blanca,1.85,3.65,Tuberculos,KILOGRAMO,KILOGRAMO
20250218,PIURA,PIURA,PIURA,200101,20250129,Chirimoya cumbe,8.9,10.05,Frutas,CAJON CHICO,KILOGRAMO
20250218,PIURA,PIURA,PIURA,200101,20250129,Arroz superior,3.02,4.05,Cereales,SACO NORMAL,KILOGRAMO
20250218,PIURA,PIURA,PIURA,200101,20250129,Fideos nicolini tallarin,4.45,6.65,Agro-industriales,PAQUETE,KILOGRAMO
20250218,PIURA,PIURA,PIURA,200101,20250129,Manzana delicia,2.83,5.3,Frutas,KILOGRAMO,KILOGRAMO
20250218,PIURA,PIURA,PIURA,200101,20250129,Arroz extra,3.54,4.45,Cereales,SACO NORMAL,KILOGRAMO
20250218,PIURA,PIURA,PIURA,200101,20250129,Choclo (tipo cusco),4.3,7.4,Cereales,CIENTO,UNIDAD
20250218,PIURA,PIURA,PIURA,200101,20250129,Mango edward,1.1,2.5,Frutas,KILOGRAMO,KILOGRAMO
20250218,PIURA,PIURA,PIURA,200101,20250129,Azucar blanca nacional (granel),3.03,5.5,Agro-industriales,SACO NORMAL,KILOGRAMO
20250218,PIURA,PIURA,PIURA,200101,20250129,Papaya,1.85,2.1,Frutas,KILOGRAMO,KILOGRAMO
20250218,PIURA,PIURA,PIURA,200101,20250129,Leche evaporada (azul) 400 g,3.26,3.8,Agro-industriales,CAJA,LATA
20250218,PIURA,PIURA,PIURA,200101,20250129,Manzana israel,3.05,4.5,Frutas,KILOGRAMO,KILOGRAMO
20250218,PIURA,PIURA,PIURA,200101,20250129,Ajo criollo o napuri,7.9,12,Hortalizas,MALLA MEDIANA,KILOGRAMO
20250218,PIURA,PIURA,PIURA,200101,20250129,Azucar rubia nacional (granel),2.95,4.55,Agro-industriales,SACO NORMAL,KILOGRAMO
20250218,PIURA,PIURA,PIURA,200101,20250129,Zanahoria,1.6,3.4,Hortalizas,SACO MEDIANO,KILOGRAMO
20250218,PIURA,PIURA,PIURA,200101,20250129,Melocoton durazno huayco,5.03,8.7,Frutas,KILOGRAMO,KILOGRAMO
20250218,PIURA,PIURA,PIURA,200101,20250129,Arveja verde blanca serrana,3.33,5.75,Legumbres,MALLA MEDIANA,KILOGRAMO
20250218,PIURA,PIURA,PIURA,200101,20250129,Uva italia,5.29,10.35,Frutas,KILOGRAMO,KILOGRAMO
20250218,PIURA,PIURA,PIURA,200101,20250129,Papa canchan,1.83,2.45,Tuberculos,SACO GRANDE,KILOGRAMO
20250218,PIURA,PIURA,PIURA,200101,20250129,Papa amarilla,2.94,4.9,Tuberculos,SACO GRANDE,KILOGRAMO
20250218,PIURA,PIURA,PIURA,200101,20250129,Cebolla cabeza roja,1.99,2.75,Hortalizas,SACO,KILOGRAMO
20250218,PIURA,PIURA,PIURA,200101,20250129,Camote morado,1.9,2,Tuberculos,SACO GRANDE,KILOGRAMO
20250218,PIURA,PIURA,PIURA,200101,20250129,Platano bellaco,1.64,3,Frutas,LITRO,LITRO
20250218,PIURA,PIURA,PIURA,200101,20250129,Carne de porcino (corte unico),17.1,19.25,Carnes y huevos,UNIDAD,KILOGRAMO
20250218,PIURA,PIURA,PIURA,200101,20250129,Leche fresca,2.65,3,Agro-industriales,LITRO,LITRO
20250218,PIURA,PIURA,PIURA,200101,20250129,Uva alfonso lavalett,3.33,6.3,Frutas,KILOGRAMO,KILOGRAMO
20250218,PIURA,PIURA,PIURA,200101,20250129,Aji escabeche,1.32,2.85,Hortalizas,KILOGRAMO,MALLA
20250218,PIURA,PIURA,PIURA,200101,20250129,Aceite clasico botella 900 ml,9.68,10.8,Agro-industriales,CAJA CHICA,LITRO
20250218,PIURA,PIURA,PIURA,200101,20250129,Aji rocoto,2.85,4.35,Hortalizas,KILOGRAMO,KILOGRAMO
20250218,PIURA,PIURA,PIURA,200101,20250129,Carne fresca de vacuno,19.5,23,Carnes y huevos,KILOGRAMO,KILOGRAMO
20250218,PIURA,PIURA,PIURA,200101,20250129,Tomate,3.57,4.45,Hortalizas,KILOGRAMO,KILOGRAMO
20250218,PIURA,PIURA,PIURA,200101,20250129,Carne de pollo (eviscerado),7.5,8.5,Carnes y huevos,KILOGRAMO,KILOGRAMO
20250218,PIURA,PIURA,PIURA,200101,20250129,Sandia,1.75,2.4,Frutas,KILOGRAMO,KILOGRAMO
20250218,PIURA,PIURA,PIURA,200101,20250129,Frijol canario,6.07,10.2,Menestras,KILOGRAMO,KILOGRAMO
20250218,PIURA,PIURA,PIURA,200101,20250129,Garbanzo,6.33,8.95,Menestras,KILOGRAMO,KILOGRAMO
20250218,PIURA,PIURA,PIURA,200101,20250129,Frijol castilla,4.8,6.4,Menestras,KILOGRAMO,KILOGRAMO
20250218,PIURA,PIURA,PIURA,200101,20250129,Haba verde serrana,2.54,4.8,Legumbres,KILOGRAMO,KILOGRAMO
20250218,PIURA,PIURA,PIURA,200101,20250124,Palta fuerte,6.65,8.6,Frutas,KILOGRAMO,KILOGRAMO
20250218,PIURA,PIURA,PIURA,200101,20250124,Melon coquito,2.67,3.05,Frutas,KILOGRAMO,KILOGRAMO
20250218,PIURA,PIURA,PIURA,200101,20250124,Vainita americana,2.41,5.25,Legumbres,KILOGRAMO,KILOGRAMO
20250218,PIURA,PIURA,PIURA,200101,20250124,Pallar,8.65,10.5,Menestras,KILOGRAMO,KILOGRAMO
20250218,PIURA,PIURA,PIURA,200101,20250124,Pina criolla,2.11,2.45,Frutas,KILOGRAMO,KILOGRAMO
20250218,PIURA,PIURA,PIURA,200101,20250124,Zapallo macre,2.13,3.4,Hortalizas,KILOGRAMO,KILOGRAMO
20250218,PIURA,PIURA,PIURA,200101,20250124,Olluco largo,2.65,3.7,Tuberculos,KILOGRAMO,KILOGRAMO
20250218,PIURA,PIURA,PIURA,200101,20250124,Yuca blanca,1.85,4.65,Tuberculos,KILOGRAMO,KILOGRAMO
20250218,PIURA,PIURA,PIURA,200101,20250124,Chirimoya cumbe,3.55,10.66,Frutas,CAJON CHICO,KILOGRAMO
20250218,PIURA,PIURA,PIURA,200101,20250124,Arroz superior,3.02,4.05,Cereales,SACO NORMAL,KILOGRAMO
20250218,PIURA,PIURA,PIURA,200101,20250124,Fideos nicolini tallarin,4.45,6.65,Agro-industriales,PAQUETE,KILOGRAMO
20250218,PIURA,PIURA,PIURA,200101,20250124,Manzana delicia,3.18,5.45,Frutas,KILOGRAMO,KILOGRAMO
20250218,PIURA,PIURA,PIURA,200101,20250124,Arroz extra,3.51,4.4,Cereales,SACO NORMAL,KILOGRAMO
20250218,PIURA,PIURA,PIURA,200101,20250124,Choclo (tipo cusco),3.7,7.05,Cereales,CIENTO,UNIDAD
20250218,PIURA,PIURA,PIURA,200101,20250124,Mango edward,1.1,2.5,Frutas,KILOGRAMO,KILOGRAMO
20250218,PIURA,PIURA,PIURA,200101,20250124,Azucar blanca nacional (granel),3.03,5.45,Agro-industriales,SACO NORMAL,KILOGRAMO
20250218,PIURA,PIURA,PIURA,200101,20250124,Papaya,1.65,1.75,Frutas,KILOGRAMO,KILOGRAMO
20250218,PIURA,PIURA,PIURA,200101,20250124,Leche evaporada (azul) 400 g,3.18,3.7,Agro-industriales,CAJA,LATA
20250218,PIURA,PIURA,PIURA,200101,20250124,Manzana israel,3.03,4.5,Frutas,KILOGRAMO,KILOGRAMO
20250218,PIURA,PIURA,PIURA,200101,20250124,Ajo criollo o napuri,7.76,12.05,Hortalizas,MALLA MEDIANA,KILOGRAMO
20250218,PIURA,PIURA,PIURA,200101,20250124,Azucar rubia nacional (granel),3,4.75,Agro-industriales,SACO NORMAL,KILOGRAMO
20250218,PIURA,PIURA,PIURA,200101,20250124,Zanahoria,1.6,3.4,Hortalizas,SACO MEDIANO,KILOGRAMO
20250218,PIURA,PIURA,PIURA,200101,20250124,Melocoton durazno huayco,5.03,8.7,Frutas,KILOGRAMO,KILOGRAMO
20250218,PIURA,PIURA,PIURA,200101,20250124,Arveja verde blanca serrana,3.18,5.75,Legumbres,MALLA MEDIANA,KILOGRAMO
20250218,PIURA,PIURA,PIURA,200101,20250124,Uva italia,5.29,10.35,Frutas,KILOGRAMO,KILOGRAMO
20250218,PIURA,PIURA,PIURA,200101,20250124,Papa canchan,1.83,2.45,Tuberculos,SACO GRANDE,KILOGRAMO
20250218,PIURA,PIURA,PIURA,200101,20250124,Papa amarilla,2.92,5.25,Tuberculos,SACO GRANDE,KILOGRAMO
20250218,PIURA,PIURA,PIURA,200101,20250124,Cebolla cabeza roja,1.86,2.45,Hortalizas,SACO,KILOGRAMO
20250218,PIURA,PIURA,PIURA,200101,20250124,Camote morado,1.97,2.45,Tuberculos,SACO GRANDE,KILOGRAMO
20250218,PIURA,PIURA,PIURA,200101,20250124,Platano bellaco,1.43,3.55,Frutas,LITRO,LITRO
20250218,PIURA,PIURA,PIURA,200101,20250124,Carne de porcino (corte unico),17.1,19.25,Carnes y huevos,UNIDAD,KILOGRAMO
20250218,PIURA,PIURA,PIURA,200101,20250124,Leche fresca,2.65,3,Agro-industriales,LITRO,LITRO
20250218,PIURA,PIURA,PIURA,200101,20250124,Uva alfonso lavalett,3.38,6.7,Frutas,KILOGRAMO,KILOGRAMO
20250218,PIURA,PIURA,PIURA,200101,20250124,Aji escabeche,1.36,3.25,Hortalizas,KILOGRAMO,MALLA
20250218,PIURA,PIURA,PIURA,200101,20250124,Aceite clasico botella 900 ml,9.63,10.9,Agro-industriales,CAJA CHICA,LITRO
20250218,PIURA,PIURA,PIURA,200101,20250124,Aji rocoto,2.04,3.75,Hortalizas,KILOGRAMO,KILOGRAMO
20250218,PIURA,PIURA,PIURA,200101,20250124,Carne fresca de vacuno,20,22.5,Carnes y huevos,KILOGRAMO,KILOGRAMO
20250218,PIURA,PIURA,PIURA,200101,20250124,Tomate,3.57,4.45,Hortalizas,KILOGRAMO,KILOGRAMO
20250218,PIURA,PIURA,PIURA,200101,20250124,Carne de pollo (eviscerado),7.5,8.5,Carnes y huevos,KILOGRAMO,KILOGRAMO
20250218,PIURA,PIURA,PIURA,200101,20250124,Sandia,2.35,2.25,Frutas,KILOGRAMO,KILOGRAMO
20250218,PIURA,PIURA,PIURA,200101,20250124,Frijol canario,6.06,9.95,Menestras,KILOGRAMO,KILOGRAMO
20250218,PIURA,PIURA,PIURA,200101,20250124,Garbanzo,6.29,9.15,Menestras,KILOGRAMO,KILOGRAMO
20250218,PIURA,PIURA,PIURA,200101,20250124,Frijol castilla,4.8,6.15,Menestras,KILOGRAMO,KILOGRAMO
20250218,PIURA,PIURA,PIURA,200101,20250124,Haba verde serrana,2.56,4.8,Legumbres,KILOGRAMO,KILOGRAMO
20250218,PIURA,PIURA,PIURA,200101,20250124,Platano seda congo,1.54,4,Frutas,KILOGRAMO,KILOGRAMO
20250218,PIURA,PIURA,PIURA,200101,20250124,Lenteja,6.35,9,Menestras,KILOGRAMO,KILOGRAMO
20250218,PIURA,PIURA,PIURA,200101,20250124,Uva red globe,4.63,7.4,Frutas,KILOGRAMO,KILOGRAMO
20250218,PIURA,PIURA,PIURA,200101,20250124,Huevos rosados,5.1,10.1,Carnes y huevos,KILOGRAMO,KILOGRAMO
20250218,PIURA,PIURA,PIURA,200101,20250124,Naranja valencia,1.85,2.85,Frutas,KILOGRAMO,KILOGRAMO
20250218,PIURA,PIURA,PIURA,200101,20250124,Limon sutil bolsa,1.33,2.4,Frutas,KILOGRAMO,KILOGRAMO
20250218,PIURA,PIURA,PIURA,200101,20250122,Chirimoya cumbe,3.4,10.05,Frutas,CAJON CHICO,KILOGRAMO
20250218,PIURA,PIURA,PIURA,200101,20250122,Arroz superior,3.01,4.1,Cereales,SACO NORMAL,KILOGRAMO
20250218,PIURA,PIURA,PIURA,200101,20250122,Fideos nicolini tallarin,4.45,6.65,Agro-industriales,PAQUETE,KILOGRAMO
20250218,PIURA,PIURA,PIURA,200101,20250122,Manzana delicia,3.1,5.3,Frutas,KILOGRAMO,KILOGRAMO
20250218,PIURA,PIURA,PIURA,200101,20250122,Arroz extra,3.51,4.4,Cereales,SACO NORMAL,KILOGRAMO
20250218,PIURA,PIURA,PIURA,200101,20250122,Choclo (tipo cusco),3.66,7.05,Cereales,CIENTO,UNIDAD
20250218,PIURA,PIURA,PIURA,200101,20250122,Mango edward,1.03,2.5,Frutas,KILOGRAMO,KILOGRAMO
20250218,PIURA,PIURA,PIURA,200101,20250122,Azucar blanca nacional (granel),3.03,5.45,Agro-industriales,SACO NORMAL,KILOGRAMO
20250218,PIURA,PIURA,PIURA,200101,20250122,Papaya,1.65,1.75,Frutas,KILOGRAMO,KILOGRAMO
20250218,PIURA,PIURA,PIURA,200101,20250122,Leche evaporada (azul) 400 g,2.73,3.7,Agro-industriales,CAJA,LATA
20250218,PIURA,PIURA,PIURA,200101,20250122,Manzana israel,3.03,4.45,Frutas,KILOGRAMO,KILOGRAMO
20250218,PIURA,PIURA,PIURA,200101,20250122,Ajo criollo o napuri,7.7,12.4,Hortalizas,MALLA MEDIANA,KILOGRAMO
20250218,PIURA,PIURA,PIURA,200101,20250122,Azucar rubia nacional (granel),3,4.7,Agro-industriales,SACO NORMAL,KILOGRAMO
20250218,PIURA,PIURA,PIURA,200101,20250122,Zanahoria,1.59,3.4,Hortalizas,SACO MEDIANO,KILOGRAMO
20250218,PIURA,PIURA,PIURA,200101,20250122,Melocoton durazno huayco,5,8.55,Frutas,KILOGRAMO,KILOGRAMO
20250218,PIURA,PIURA,PIURA,200101,20250122,Arveja verde blanca serrana,3.15,5.75,Legumbres,MALLA MEDIANA,KILOGRAMO
20250218,PIURA,PIURA,PIURA,200101,20250122,Uva italia,5.29,10.35,Frutas,KILOGRAMO,KILOGRAMO
20250218,PIURA,PIURA,PIURA,200101,20250122,Papa canchan,1.83,2.45,Tuberculos,SACO GRANDE,KILOGRAMO
20250218,PIURA,PIURA,PIURA,200101,20250122,Papa amarilla,2.85,4.9,Tuberculos,SACO GRANDE,KILOGRAMO
20250218,PIURA,PIURA,PIURA,200101,20250122,Cebolla cabeza roja,1.83,2.45,Hortalizas,SACO,KILOGRAMO
20250218,PIURA,PIURA,PIURA,200101,20250122,Camote morado,1.9,2.45,Tuberculos,SACO GRANDE,KILOGRAMO
20250218,PIURA,PIURA,PIURA,200101,20250122,Platano bellaco,1.43,3.5,Frutas,LITRO,LITRO
20250218,PIURA,PIURA,PIURA,200101,20250122,Carne de porcino (corte unico),17.1,19.25,Carnes y huevos,UNIDAD,KILOGRAMO
20250218,PIURA,PIURA,PIURA,200101,20250122,Leche fresca,3.05,3.2,Agro-industriales,LITRO,LITRO
20250218,PIURA,PIURA,PIURA,200101,20250122,Uva alfonso lavalett,3.38,6.65,Frutas,KILOGRAMO,KILOGRAMO
20250218,PIURA,PIURA,PIURA,200101,20250122,Aji escabeche,1.33,3.4,Hortalizas,KILOGRAMO,MALLA
20250218,PIURA,PIURA,PIURA,200101,20250122,Aceite clasico botella 900 ml,9.26,10.38,Agro-industriales,CAJA CHICA,LITRO
20250218,PIURA,PIURA,PIURA,200101,20250122,Aji rocoto,2.04,3.75,Hortalizas,KILOGRAMO,KILOGRAMO
20250218,PIURA,PIURA,PIURA,200101,20250122,Carne fresca de vacuno,20,22,Carnes y huevos,KILOGRAMO,KILOGRAMO
20250218,PIURA,PIURA,PIURA,200101,20250122,Tomate,3.57,4.75,Hortalizas,KILOGRAMO,KILOGRAMO
20250218,PIURA,PIURA,PIURA,200101,20250122,Carne de pollo (eviscerado),7.5,8.5,Carnes y huevos,KILOGRAMO,KILOGRAMO
20250218,PIURA,PIURA,PIURA,200101,20250122,Sandia,2.05,2.25,Frutas,KILOGRAMO,KILOGRAMO
20250218,PIURA,PIURA,PIURA,200101,20250122,Frijol canario,6.03,9.95,Menestras,KILOGRAMO,KILOGRAMO
20250218,PIURA,PIURA,PIURA,200101,20250122,Garbanzo,6.29,9.15,Menestras,KILOGRAMO,KILOGRAMO
20250218,PIURA,PIURA,PIURA,200101,20250122,Frijol castilla,4.93,6.35,Menestras,KILOGRAMO,KILOGRAMO
20250218,PIURA,PIURA,PIURA,200101,20250122,Haba verde serrana,2.53,4.8,Legumbres,KILOGRAMO,KILOGRAMO
20250218,PIURA,PIURA,PIURA,200101,20250122,Platano seda congo,1.46,4,Frutas,KILOGRAMO,KILOGRAMO
20250218,PIURA,PIURA,PIURA,200101,20250122,Vainita americana,2.4,5.25,Legumbres,KILOGRAMO,KILOGRAMO
20250218,PIURA,PIURA,PIURA,200101,20250122,Lenteja,6.35,9,Menestras,KILOGRAMO,KILOGRAMO
20250218,PIURA,PIURA,PIURA,200101,20250122,Uva red globe,4.54,7.4,Frutas,KILOGRAMO,KILOGRAMO
20250218,PIURA,PIURA,PIURA,200101,20250122,Huevos rosados,5.1,10.1,Carnes y huevos,KILOGRAMO,KILOGRAMO
20250218,PIURA,PIURA,PIURA,200101,20250122,Naranja valencia,1.74,2.75,Frutas,KILOGRAMO,KILOGRAMO
20250218,PIURA,PIURA,PIURA,200101,20250122,Limon sutil bolsa,1.35,2.25,Frutas,KILOGRAMO,KILOGRAMO
20250218,PIURA,PIURA,PIURA,200101,20250122,Melon coquito,2.63,3.05,Frutas,KILOGRAMO,KILOGRAMO
20250218,PIURA,PIURA,PIURA,200101,20250122,Pallar,8.65,10.5,Menestras,KILOGRAMO,KILOGRAMO
20250218,PIURA,PIURA,PIURA,200101,20250122,Pina criolla,2.05,2.45,Frutas,KILOGRAMO,KILOGRAMO
20250218,PIURA,PIURA,PIURA,200101,20250122,Zapallo macre,2.13,3.4,Hortalizas,KILOGRAMO,KILOGRAMO
20250218,PIURA,PIURA,PIURA,200101,20250122,Olluco largo,2.65,3.7,Tuberculos,KILOGRAMO,KILOGRAMO
20250218,PIURA,PIURA,PIURA,200101,20250122,Yuca blanca,1.85,4.65,Tuberculos,KILOGRAMO,KILOGRAMO
20250218,PIURA,PIURA,PIURA,200101,20250122,Palta fuerte,6.65,8.6,Frutas,KILOGRAMO,KILOGRAMO
20250218,PIURA,PIURA,PIURA,200101,20250120,Ajo criollo o napuri,7.7,12.35,Hortalizas,MALLA MEDIANA,KILOGRAMO
20250218,PIURA,PIURA,PIURA,200101,20250120,Azucar rubia nacional (granel),3,4.7,Agro-industriales,SACO NORMAL,KILOGRAMO
20250218,PIURA,PIURA,PIURA,200101,20250120,Zanahoria,1.59,3.45,Hortalizas,SACO MEDIANO,KILOGRAMO
20250218,PIURA,PIURA,PIURA,200101,20250120,Melocoton durazno huayco,4.8,8.65,Frutas,KILOGRAMO,KILOGRAMO
20250218,PIURA,PIURA,PIURA,200101,20250120,Arveja verde blanca serrana,3.15,5.75,Legumbres,MALLA MEDIANA,KILOGRAMO
20250218,PIURA,PIURA,PIURA,200101,20250120,Uva italia,6.33,10.45,Frutas,KILOGRAMO,KILOGRAMO
20250218,PIURA,PIURA,PIURA,200101,20250120,Papa canchan,1.83,2.45,Tuberculos,SACO GRANDE,KILOGRAMO
20250218,PIURA,PIURA,PIURA,200101,20250120,Papa amarilla,2.94,4.9,Tuberculos,SACO GRANDE,KILOGRAMO
20250218,PIURA,PIURA,PIURA,200101,20250120,Cebolla cabeza roja,1.83,2.45,Hortalizas,SACO,KILOGRAMO
20250218,PIURA,PIURA,PIURA,200101,20250120,Camote morado,1.9,2.45,Tuberculos,SACO GRANDE,KILOGRAMO
20250218,PIURA,PIURA,PIURA,200101,20250120,Platano bellaco,1.43,3.55,Frutas,LITRO,LITRO
20250218,PIURA,PIURA,PIURA,200101,20250120,Carne de porcino (corte unico),17.15,19.25,Carnes y huevos,UNIDAD,KILOGRAMO
20250218,PIURA,PIURA,PIURA,200101,20250120,Leche fresca,3.05,3.25,Agro-industriales,LITRO,LITRO
20250218,PIURA,PIURA,PIURA,200101,20250120,Uva alfonso lavalett,3.5,6.65,Frutas,KILOGRAMO,KILOGRAMO
20250218,PIURA,PIURA,PIURA,200101,20250120,Aji escabeche,1.33,3.4,Hortalizas,KILOGRAMO,MALLA
20250218,PIURA,PIURA,PIURA,200101,20250120,Aceite clasico botella 900 ml,9.26,11.2,Agro-industriales,CAJA CHICA,LITRO
20250218,PIURA,PIURA,PIURA,200101,20250120,Aji rocoto,2.03,3.75,Hortalizas,KILOGRAMO,KILOGRAMO
20250218,PIURA,PIURA,PIURA,200101,20250120,Carne fresca de vacuno,20.2,22.5,Carnes y huevos,KILOGRAMO,KILOGRAMO
20250218,PIURA,PIURA,PIURA,200101,20250120,Tomate,3.57,4.75,Hortalizas,KILOGRAMO,KILOGRAMO
20250218,PIURA,PIURA,PIURA,200101,20250120,Carne de pollo (eviscerado),7.5,9.75,Carnes y huevos,KILOGRAMO,KILOGRAMO
20250218,PIURA,PIURA,PIURA,200101,20250120,Sandia,2.05,2.25,Frutas,KILOGRAMO,KILOGRAMO
20250218,PIURA,PIURA,PIURA,200101,20250120,Frijol canario,6.03,9.95,Menestras,KILOGRAMO,KILOGRAMO
20250218,PIURA,PIURA,PIURA,200101,20250120,Garbanzo,5.85,9.15,Menestras,KILOGRAMO,KILOGRAMO
20250218,PIURA,PIURA,PIURA,200101,20250120,Frijol castilla,4.22,6.8,Menestras,KILOGRAMO,KILOGRAMO
20250218,PIURA,PIURA,PIURA,200101,20250120,Haba verde serrana,2.53,5,Legumbres,KILOGRAMO,KILOGRAMO
20250218,PIURA,PIURA,PIURA,200101,20250120,Platano seda congo,1.54,4,Frutas,KILOGRAMO,KILOGRAMO
20250218,PIURA,PIURA,PIURA,200101,20250120,Vainita americana,2.41,5.25,Legumbres,KILOGRAMO,KILOGRAMO
20250218,PIURA,PIURA,PIURA,200101,20250120,Lenteja,6.35,9,Menestras,KILOGRAMO,KILOGRAMO
20250218,PIURA,PIURA,PIURA,200101,20250120,Uva red globe,4.54,7.25,Frutas,KILOGRAMO,KILOGRAMO
20250218,PIURA,PIURA,PIURA,200101,20250120,Huevos rosados,5.13,10.15,Carnes y huevos,KILOGRAMO,KILOGRAMO
20250218,PIURA,PIURA,PIURA,200101,20250120,Naranja valencia,1.74,2.75,Frutas,KILOGRAMO,KILOGRAMO
20250218,PIURA,PIURA,PIURA,200101,20250120,Limon sutil bolsa,1.32,2.35,Frutas,KILOGRAMO,KILOGRAMO
20250218,PIURA,PIURA,PIURA,200101,20250120,Melon coquito,2.63,3.05,Frutas,KILOGRAMO,KILOGRAMO
20250218,PIURA,PIURA,PIURA,200101,20250120,Pallar,8.85,10.45,Menestras,KILOGRAMO,KILOGRAMO
20250218,PIURA,PIURA,PIURA,200101,20250120,Pina criolla,2.11,2.45,Frutas,KILOGRAMO,KILOGRAMO
20250218,PIURA,PIURA,PIURA,200101,20250120,Zapallo macre,2.1,3.35,Hortalizas,KILOGRAMO,KILOGRAMO
20250218,PIURA,PIURA,PIURA,200101,20250120,Olluco largo,2.65,3.7,Tuberculos,KILOGRAMO,KILOGRAMO
20250218,PIURA,PIURA,PIURA,200101,20250120,Yuca blanca,1.85,4.65,Tuberculos,KILOGRAMO,KILOGRAMO
20250218,PIURA,PIURA,PIURA,200101,20250120,Palta fuerte,6.65,8.6,Frutas,KILOGRAMO,KILOGRAMO
20250218,PIURA,PIURA,PIURA,200101,20250120,Arroz superior,3.01,4.05,Cereales,SACO NORMAL,KILOGRAMO
20250218,PIURA,PIURA,PIURA,200101,20250120,Fideos nicolini tallarin,4.45,6.65,Agro-industriales,PAQUETE,KILOGRAMO
20250218,PIURA,PIURA,PIURA,200101,20250120,Manzana delicia,3.08,5.55,Frutas,KILOGRAMO,KILOGRAMO
20250218,PIURA,PIURA,PIURA,200101,20250120,Arroz extra,3.51,4.4,Cereales,SACO NORMAL,KILOGRAMO
20250218,PIURA,PIURA,PIURA,200101,20250120,Choclo (tipo cusco),3.74,7.05,Cereales,CIENTO,UNIDAD
20250218,PIURA,PIURA,PIURA,200101,20250120,Mango edward,1.03,2.5,Frutas,KILOGRAMO,KILOGRAMO
20250218,PIURA,PIURA,PIURA,200101,20250120,Azucar blanca nacional (granel),3.03,5.4,Agro-industriales,SACO NORMAL,KILOGRAMO
20250218,PIURA,PIURA,PIURA,200101,20250120,Papaya,1.65,1.75,Frutas,KILOGRAMO,KILOGRAMO
20250218,PIURA,PIURA,PIURA,200101,20250120,Leche evaporada (azul) 400 g,3.18,3.7,Agro-industriales,CAJA,LATA
20250218,PIURA,PIURA,PIURA,200101,20250120,Manzana israel,3.03,4.45,Frutas,KILOGRAMO,KILOGRAMO
20250218,PIURA,PIURA,PIURA,200101,20250120,Chirimoya cumbe,3.4,10.05,Frutas,CAJON CHICO,KILOGRAMO
20250218,PIURA,PIURA,PIURA,200101,20250117,Papa amarilla,3.01,4.9,Tuberculos,SACO GRANDE,KILOGRAMO
20250218,PIURA,PIURA,PIURA,200101,20250117,Cebolla cabeza roja,1.83,2.45,Hortalizas,SACO,KILOGRAMO
20250218,PIURA,PIURA,PIURA,200101,20250117,Camote morado,1.86,2.45,Tuberculos,SACO GRANDE,KILOGRAMO
20250218,PIURA,PIURA,PIURA,200101,20250117,Platano bellaco,1.54,3.45,Frutas,LITRO,LITRO
20250218,PIURA,PIURA,PIURA,200101,20250117,Carne de porcino (corte unico),16.5,19.25,Carnes y huevos,UNIDAD,KILOGRAMO
20250218,PIURA,PIURA,PIURA,200101,20250117,Leche fresca,3.25,3.9,Agro-industriales,LITRO,LITRO
20250218,PIURA,PIURA,PIURA,200101,20250117,Uva alfonso lavalett,3.54,7.1,Frutas,KILOGRAMO,KILOGRAMO
20250218,PIURA,PIURA,PIURA,200101,20250117,Aji escabeche,1.33,3.15,Hortalizas,KILOGRAMO,MALLA
20250218,PIURA,PIURA,PIURA,200101,20250117,Aceite clasico botella 900 ml,9.26,10.8,Agro-industriales,CAJA CHICA,LITRO
20250218,PIURA,PIURA,PIURA,200101,20250117,Aji rocoto,2.05,3.7,Hortalizas,KILOGRAMO,KILOGRAMO
20250218,PIURA,PIURA,PIURA,200101,20250117,Carne fresca de vacuno,18.5,21.5,Carnes y huevos,KILOGRAMO,KILOGRAMO
20250218,PIURA,PIURA,PIURA,200101,20250117,Tomate,3.57,4.75,Hortalizas,KILOGRAMO,KILOGRAMO
20250218,PIURA,PIURA,PIURA,200101,20250117,Carne de pollo (eviscerado),7.65,9,Carnes y huevos,KILOGRAMO,KILOGRAMO
20250218,PIURA,PIURA,PIURA,200101,20250117,Sandia,2.05,2.25,Frutas,KILOGRAMO,KILOGRAMO
20250218,PIURA,PIURA,PIURA,200101,20250117,Frijol canario,6.01,9.95,Menestras,KILOGRAMO,KILOGRAMO
20250218,PIURA,PIURA,PIURA,200101,20250117,Garbanzo,5.85,9.15,Menestras,KILOGRAMO,KILOGRAMO
20250218,PIURA,PIURA,PIURA,200101,20250117,Frijol castilla,4.21,6.75,Menestras,KILOGRAMO,KILOGRAMO
20250218,PIURA,PIURA,PIURA,200101,20250117,Haba verde serrana,2.55,5,Legumbres,KILOGRAMO,KILOGRAMO
20250218,PIURA,PIURA,PIURA,200101,20250117,Platano seda congo,1.46,3.9,Frutas,KILOGRAMO,KILOGRAMO
20250218,PIURA,PIURA,PIURA,200101,20250117,Vainita americana,2.41,5.25,Legumbres,KILOGRAMO,KILOGRAMO
20250218,PIURA,PIURA,PIURA,200101,20250117,Lenteja,6.1,9,Menestras,KILOGRAMO,KILOGRAMO
20250218,PIURA,PIURA,PIURA,200101,20250117,Uva red globe,4.54,6.5,Frutas,KILOGRAMO,KILOGRAMO
20250218,PIURA,PIURA,PIURA,200101,20250117,Huevos rosados,5.21,10.15,Carnes y huevos,KILOGRAMO,KILOGRAMO
20250218,PIURA,PIURA,PIURA,200101,20250117,Naranja valencia,1.74,2.75,Frutas,KILOGRAMO,KILOGRAMO
20250218,PIURA,PIURA,PIURA,200101,20250117,Limon sutil bolsa,1.35,3.1,Frutas,KILOGRAMO,KILOGRAMO
20250218,PIURA,PIURA,PIURA,200101,20250117,Melon coquito,2.63,3.05,Frutas,KILOGRAMO,KILOGRAMO
20250218,PIURA,PIURA,PIURA,200101,20250117,Pallar,8.85,10.35,Menestras,KILOGRAMO,KILOGRAMO
20250218,PIURA,PIURA,PIURA,200101,20250117,Pina criolla,2.05,2.45,Frutas,KILOGRAMO,KILOGRAMO
20250218,PIURA,PIURA,PIURA,200101,20250117,Zapallo macre,2.1,3.35,Hortalizas,KILOGRAMO,KILOGRAMO
20250218,PIURA,PIURA,PIURA,200101,20250117,Olluco largo,2.65,3.7,Tuberculos,KILOGRAMO,KILOGRAMO
20250218,PIURA,PIURA,PIURA,200101,20250117,Yuca blanca,1.85,4.65,Tuberculos,KILOGRAMO,KILOGRAMO
20250218,PIURA,PIURA,PIURA,200101,20250117,Palta fuerte,6.6,8.6,Frutas,KILOGRAMO,KILOGRAMO
20250218,PIURA,PIURA,PIURA,200101,20250117,Arroz superior,2.91,4,Cereales,SACO NORMAL,KILOGRAMO
20250218,PIURA,PIURA,PIURA,200101,20250117,Fideos nicolini tallarin,4.45,6.65,Agro-industriales,PAQUETE,KILOGRAMO
20250218,PIURA,PIURA,PIURA,200101,20250117,Manzana delicia,3.1,5.55,Frutas,KILOGRAMO,KILOGRAMO
20250218,PIURA,PIURA,PIURA,200101,20250117,Arroz extra,3.5,4.3,Cereales,SACO NORMAL,KILOGRAMO
20250218,PIURA,PIURA,PIURA,200101,20250117,Choclo (tipo cusco),3.72,7.05,Cereales,CIENTO,UNIDAD
20250218,PIURA,PIURA,PIURA,200101,20250117,Mango edward,1.03,2.5,Frutas,KILOGRAMO,KILOGRAMO
20250218,PIURA,PIURA,PIURA,200101,20250117,Azucar blanca nacional (granel),3.05,5.4,Agro-industriales,SACO NORMAL,KILOGRAMO
20250218,PIURA,PIURA,PIURA,200101,20250117,Papaya,1.7,1.75,Frutas,KILOGRAMO,KILOGRAMO
20250218,PIURA,PIURA,PIURA,200101,20250117,Leche evaporada (azul) 400 g,3.32,3.7,Agro-industriales,CAJA,LATA
20250218,PIURA,PIURA,PIURA,200101,20250117,Manzana israel,3.03,4.45,Frutas,KILOGRAMO,KILOGRAMO
20250218,PIURA,PIURA,PIURA,200101,20250117,Chirimoya cumbe,3.4,10.05,Frutas,CAJON CHICO,KILOGRAMO
20250218,PIURA,PIURA,PIURA,200101,20250117,Ajo criollo o napuri,7.74,12.45,Hortalizas,MALLA MEDIANA,KILOGRAMO
20250218,PIURA,PIURA,PIURA,200101,20250117,Azucar rubia nacional (granel),3,4.7,Agro-industriales,SACO NORMAL,KILOGRAMO
20250218,PIURA,PIURA,PIURA,200101,20250117,Zanahoria,1.58,3.45,Hortalizas,SACO MEDIANO,KILOGRAMO
20250218,PIURA,PIURA,PIURA,200101,20250117,Melocoton durazno huayco,4.78,8.4,Frutas,KILOGRAMO,KILOGRAMO
20250218,PIURA,PIURA,PIURA,200101,20250117,Arveja verde blanca serrana,3.15,5.7,Legumbres,MALLA MEDIANA,KILOGRAMO
20250218,PIURA,PIURA,PIURA,200101,20250117,Uva italia,5.21,10.35,Frutas,KILOGRAMO,KILOGRAMO
20250218,PIURA,PIURA,PIURA,200101,20250117,Papa canchan,1.83,2.45,Tuberculos,SACO GRANDE,KILOGRAMO
20250218,PIURA,PIURA,PIURA,200101,20250113,Uva alfonso lavalett,3.67,7.1,Frutas,KILOGRAMO,KILOGRAMO
20250218,PIURA,PIURA,PIURA,200101,20250113,Aji escabeche,1.33,3.15,Hortalizas,KILOGRAMO,MALLA
20250218,PIURA,PIURA,PIURA,200101,20250113,Aceite clasico botella 900 ml,9.68,10.5,Agro-industriales,CAJA CHICA,LITRO
20250218,PIURA,PIURA,PIURA,200101,20250113,Aji rocoto,2.05,3.55,Hortalizas,KILOGRAMO,KILOGRAMO
20250218,PIURA,PIURA,PIURA,200101,20250113,Carne fresca de vacuno,18.5,19.5,Carnes y huevos,KILOGRAMO,KILOGRAMO
20250218,PIURA,PIURA,PIURA,200101,20250113,Tomate,3.57,4.75,Hortalizas,KILOGRAMO,KILOGRAMO
20250218,PIURA,PIURA,PIURA,200101,20250113,Carne de pollo (eviscerado),7.85,9.2,Carnes y huevos,KILOGRAMO,KILOGRAMO
20250218,PIURA,PIURA,PIURA,200101,20250113,Sandia,2.05,2.25,Frutas,KILOGRAMO,KILOGRAMO
20250218,PIURA,PIURA,PIURA,200101,20250113,Frijol canario,5.97,9.95,Menestras,KILOGRAMO,KILOGRAMO
20250218,PIURA,PIURA,PIURA,200101,20250113,Garbanzo,5.85,9.15,Menestras,KILOGRAMO,KILOGRAMO
20250218,PIURA,PIURA,PIURA,200101,20250113,Frijol castilla,4.19,6.7,Menestras,KILOGRAMO,KILOGRAMO
20250218,PIURA,PIURA,PIURA,200101,20250113,Haba verde serrana,2.52,5,Legumbres,KILOGRAMO,KILOGRAMO
20250218,PIURA,PIURA,PIURA,200101,20250113,Platano seda congo,1.48,3.9,Frutas,KILOGRAMO,KILOGRAMO
20250218,PIURA,PIURA,PIURA,200101,20250113,Vainita americana,2.39,5.25,Legumbres,KILOGRAMO,KILOGRAMO
20250218,PIURA,PIURA,PIURA,200101,20250113,Lenteja,6.1,9,Menestras,KILOGRAMO,KILOGRAMO
20250218,PIURA,PIURA,PIURA,200101,20250113,Uva red globe,4.54,6.5,Frutas,KILOGRAMO,KILOGRAMO
20250218,PIURA,PIURA,PIURA,200101,20250113,Huevos rosados,5.21,10.55,Carnes y huevos,KILOGRAMO,KILOGRAMO
20250218,PIURA,PIURA,PIURA,200101,20250113,Naranja valencia,1.85,2.75,Frutas,KILOGRAMO,KILOGRAMO
20250218,PIURA,PIURA,PIURA,200101,20250113,Limon sutil bolsa,1.7,3.05,Frutas,KILOGRAMO,KILOGRAMO
20250218,PIURA,PIURA,PIURA,200101,20250113,Melon coquito,2.63,3.05,Frutas,KILOGRAMO,KILOGRAMO
20250218,PIURA,PIURA,PIURA,200101,20250113,Pallar,8.85,10.55,Menestras,KILOGRAMO,KILOGRAMO
20250218,PIURA,PIURA,PIURA,200101,20250113,Pina criolla,2.05,2.35,Frutas,KILOGRAMO,KILOGRAMO
20250218,PIURA,PIURA,PIURA,200101,20250113,Zapallo macre,2.05,3.35,Hortalizas,KILOGRAMO,KILOGRAMO
20250218,PIURA,PIURA,PIURA,200101,20250113,Olluco largo,2.55,3.4,Tuberculos,KILOGRAMO,KILOGRAMO
20250218,PIURA,PIURA,PIURA,200101,20250113,Yuca blanca,1.85,4.11,Tuberculos,KILOGRAMO,KILOGRAMO
20250218,PIURA,PIURA,PIURA,200101,20250113,Palta fuerte,6.4,8.55,Frutas,KILOGRAMO,KILOGRAMO
20250218,PIURA,PIURA,PIURA,200101,20250113,Fideos nicolini tallarin,3.15,6.55,Agro-industriales,PAQUETE,KILOGRAMO
20250218,PIURA,PIURA,PIURA,200101,20250113,Manzana delicia,3.1,5.5,Frutas,KILOGRAMO,KILOGRAMO
20250218,PIURA,PIURA,PIURA,200101,20250113,Arroz extra,3.46,4.35,Cereales,SACO NORMAL,KILOGRAMO
20250218,PIURA,PIURA,PIURA,200101,20250113,Choclo (tipo cusco),3.64,7.05,Cereales,CIENTO,UNIDAD
20250218,PIURA,PIURA,PIURA,200101,20250113,Mango edward,1.13,2.5,Frutas,KILOGRAMO,KILOGRAMO
20250218,PIURA,PIURA,PIURA,200101,20250113,Azucar blanca nacional (granel),3.07,5.5,Agro-industriales,SACO NORMAL,KILOGRAMO
20250218,PIURA,PIURA,PIURA,200101,20250113,Papaya,1.7,1.75,Frutas,KILOGRAMO,KILOGRAMO
20250218,PIURA,PIURA,PIURA,200101,20250113,Leche evaporada (azul) 400 g,3.32,3.7,Agro-industriales,CAJA,LATA
20250218,PIURA,PIURA,PIURA,200101,20250113,Manzana israel,3.08,4.45,Frutas,KILOGRAMO,KILOGRAMO
20250218,PIURA,PIURA,PIURA,200101,20250113,Chirimoya cumbe,3.15,10.05,Frutas,CAJON CHICO,KILOGRAMO
20250218,PIURA,PIURA,PIURA,200101,20250113,Arroz superior,2.89,3.9,Cereales,SACO NORMAL,KILOGRAMO
20250218,PIURA,PIURA,PIURA,200101,20250113,Ajo criollo o napuri,7.78,12.29,Hortalizas,MALLA MEDIANA,KILOGRAMO
20250218,PIURA,PIURA,PIURA,200101,20250113,Azucar rubia nacional (granel),3,4.7,Agro-industriales,SACO NORMAL,KILOGRAMO
20250218,PIURA,PIURA,PIURA,200101,20250113,Zanahoria,1.58,3.4,Hortalizas,SACO MEDIANO,KILOGRAMO
20250218,PIURA,PIURA,PIURA,200101,20250113,Melocoton durazno huayco,4.78,8.25,Frutas,KILOGRAMO,KILOGRAMO
20250218,PIURA,PIURA,PIURA,200101,20250113,Arveja verde blanca serrana,3.1,5.65,Legumbres,MALLA MEDIANA,KILOGRAMO
20250218,PIURA,PIURA,PIURA,200101,20250113,Uva italia,5.13,10.35,Frutas,KILOGRAMO,KILOGRAMO
20250218,PIURA,PIURA,PIURA,200101,20250113,Papa canchan,1.81,2.45,Tuberculos,SACO GRANDE,KILOGRAMO
20250218,PIURA,PIURA,PIURA,200101,20250113,Papa amarilla,3.07,4.9,Tuberculos,SACO GRANDE,KILOGRAMO
20250218,PIURA,PIURA,PIURA,200101,20250113,Cebolla cabeza roja,1.83,2.45,Hortalizas,SACO,KILOGRAMO
20250218,PIURA,PIURA,PIURA,200101,20250113,Camote morado,1.86,2.35,Tuberculos,SACO GRANDE,KILOGRAMO
20250218,PIURA,PIURA,PIURA,200101,20250113,Platano bellaco,1.39,3.2,Frutas,LITRO,LITRO
20250218,PIURA,PIURA,PIURA,200101,20250113,Carne de porcino (corte unico),16.5,19.25,Carnes y huevos,UNIDAD,KILOGRAMO
20250218,PIURA,PIURA,PIURA,200101,20250113,Leche fresca,3.25,3.9,Agro-industriales,LITRO,LITRO
20250218,PIURA,PIURA,PIURA,200101,20250108,Carne fresca de vacuno,18.2,19.5,Carnes y huevos,KILOGRAMO,KILOGRAMO
20250218,PIURA,PIURA,PIURA,200101,20250108,Tomate,3.57,4.7,Hortalizas,KILOGRAMO,KILOGRAMO
20250218,PIURA,PIURA,PIURA,200101,20250108,Carne de pollo (eviscerado),9.35,10.15,Carnes y huevos,KILOGRAMO,KILOGRAMO
20250218,PIURA,PIURA,PIURA,200101,20250108,Sandia,2.05,2.15,Frutas,KILOGRAMO,KILOGRAMO
20250218,PIURA,PIURA,PIURA,200101,20250108,Frijol canario,5.98,9.95,Menestras,KILOGRAMO,KILOGRAMO
20250218,PIURA,PIURA,PIURA,200101,20250108,Garbanzo,5.86,9.15,Menestras,KILOGRAMO,KILOGRAMO
20250218,PIURA,PIURA,PIURA,200101,20250108,Frijol castilla,4.19,6.7,Menestras,KILOGRAMO,KILOGRAMO
20250218,PIURA,PIURA,PIURA,200101,20250108,Haba verde serrana,2.54,5,Legumbres,KILOGRAMO,KILOGRAMO
20250218,PIURA,PIURA,PIURA,200101,20250108,Platano seda congo,1.48,3.7,Frutas,KILOGRAMO,KILOGRAMO
20250218,PIURA,PIURA,PIURA,200101,20250108,Vainita americana,2.39,5.25,Legumbres,KILOGRAMO,KILOGRAMO
20250218,PIURA,PIURA,PIURA,200101,20250108,Lenteja,6.1,9,Menestras,KILOGRAMO,KILOGRAMO
20250218,PIURA,PIURA,PIURA,200101,20250108,Uva red globe,4.5,6.5,Frutas,KILOGRAMO,KILOGRAMO
20250218,PIURA,PIURA,PIURA,200101,20250108,Huevos rosados,5.77,10.5,Carnes y huevos,KILOGRAMO,KILOGRAMO
20250218,PIURA,PIURA,PIURA,200101,20250108,Naranja valencia,1.85,2.6,Frutas,KILOGRAMO,KILOGRAMO
20250218,PIURA,PIURA,PIURA,200101,20250108,Limon sutil bolsa,2.25,3.65,Frutas,KILOGRAMO,KILOGRAMO
20250218,PIURA,PIURA,PIURA,200101,20250108,Melon coquito,2.63,3.05,Frutas,KILOGRAMO,KILOGRAMO
20250218,PIURA,PIURA,PIURA,200101,20250108,Pallar,8.85,10.35,Menestras,KILOGRAMO,KILOGRAMO
20250218,PIURA,PIURA,PIURA,200101,20250108,Pina criolla,2.05,2.35,Frutas,KILOGRAMO,KILOGRAMO
20250218,PIURA,PIURA,PIURA,200101,20250108,Zapallo macre,2.05,3.35,Hortalizas,KILOGRAMO,KILOGRAMO
20250218,PIURA,PIURA,PIURA,200101,20250108,Olluco largo,2.55,3.25,Tuberculos,KILOGRAMO,KILOGRAMO
20250218,PIURA,PIURA,PIURA,200101,20250108,Yuca blanca,1.85,4.11,Tuberculos,KILOGRAMO,KILOGRAMO
20250218,PIURA,PIURA,PIURA,200101,20250108,Palta fuerte,6.25,8.55,Frutas,KILOGRAMO,KILOGRAMO
20250218,PIURA,PIURA,PIURA,200101,20250108,Fideos nicolini tallarin,3.1,6.5,Agro-industriales,PAQUETE,KILOGRAMO
20250218,PIURA,PIURA,PIURA,200101,20250108,Manzana delicia,3,5.6,Frutas,KILOGRAMO,KILOGRAMO
20250218,PIURA,PIURA,PIURA,200101,20250108,Arroz extra,3.52,4.35,Cereales,SACO NORMAL,KILOGRAMO
20250218,PIURA,PIURA,PIURA,200101,20250108,Choclo (tipo cusco),3.64,6.65,Cereales,CIENTO,UNIDAD
20250218,PIURA,PIURA,PIURA,200101,20250108,Mango edward,1.13,2.65,Frutas,KILOGRAMO,KILOGRAMO
20250218,PIURA,PIURA,PIURA,200101,20250108,Azucar blanca nacional (granel),3.03,5.35,Agro-industriales,SACO NORMAL,KILOGRAMO
20250218,PIURA,PIURA,PIURA,200101,20250108,Papaya,1.65,1.75,Frutas,KILOGRAMO,KILOGRAMO
20250218,PIURA,PIURA,PIURA,200101,20250108,Leche evaporada (azul) 400 g,3.32,3.9,Agro-industriales,CAJA,LATA
20250218,PIURA,PIURA,PIURA,200101,20250108,Manzana israel,3.03,4.45,Frutas,KILOGRAMO,KILOGRAMO
20250218,PIURA,PIURA,PIURA,200101,20250108,Chirimoya cumbe,3.15,10.05,Frutas,CAJON CHICO,KILOGRAMO
20250218,PIURA,PIURA,PIURA,200101,20250108,Arroz superior,2.96,3.9,Cereales,SACO NORMAL,KILOGRAMO
20250218,PIURA,PIURA,PIURA,200101,20250108,Ajo criollo o napuri,7.87,12.1,Hortalizas,MALLA MEDIANA,KILOGRAMO
20250218,PIURA,PIURA,PIURA,200101,20250108,Azucar rubia nacional (granel),3,4.7,Agro-industriales,SACO NORMAL,KILOGRAMO
20250218,PIURA,PIURA,PIURA,200101,20250108,Zanahoria,1.6,3.4,Hortalizas,SACO MEDIANO,KILOGRAMO
20250218,PIURA,PIURA,PIURA,200101,20250108,Melocoton durazno huayco,4.78,8.35,Frutas,KILOGRAMO,KILOGRAMO
20250218,PIURA,PIURA,PIURA,200101,20250108,Arveja verde blanca serrana,3.2,5.5,Legumbres,MALLA MEDIANA,KILOGRAMO
20250218,PIURA,PIURA,PIURA,200101,20250108,Uva italia,5.13,10.35,Frutas,KILOGRAMO,KILOGRAMO
20250218,PIURA,PIURA,PIURA,200101,20250108,Papa canchan,1.81,2.35,Tuberculos,SACO GRANDE,KILOGRAMO
20250218,PIURA,PIURA,PIURA,200101,20250108,Papa amarilla,3.13,4.9,Tuberculos,SACO GRANDE,KILOGRAMO
20250218,PIURA,PIURA,PIURA,200101,20250108,Aceite clasico botella 900 ml,9.72,10.5,Agro-industriales,CAJA CHICA,LITRO
20250218,PIURA,PIURA,PIURA,200101,20250108,Cebolla cabeza roja,1.83,2.45,Hortalizas,SACO,KILOGRAMO
20250218,PIURA,PIURA,PIURA,200101,20250108,Camote morado,1.86,2,Tuberculos,SACO GRANDE,KILOGRAMO
20250218,PIURA,PIURA,PIURA,200101,20250108,Platano bellaco,1.21,3.2,Frutas,LITRO,LITRO
20250218,PIURA,PIURA,PIURA,200101,20250108,Carne de porcino (corte unico),15.65,19.5,Carnes y huevos,UNIDAD,KILOGRAMO
20250218,PIURA,PIURA,PIURA,200101,20250108,Leche fresca,3.25,3.9,Agro-industriales,LITRO,LITRO
20250218,PIURA,PIURA,PIURA,200101,20250108,Uva alfonso lavalett,3.88,7.1,Frutas,KILOGRAMO,KILOGRAMO
20250218,PIURA,PIURA,PIURA,200101,20250108,Aji escabeche,1.33,3.15,Hortalizas,KILOGRAMO,MALLA
20250218,PIURA,PIURA,PIURA,200101,20250108,Aji rocoto,2.1,3.4,Hortalizas,KILOGRAMO,KILOGRAMO
20250218,PIURA,PIURA,PIURA,200101,20250106,Garbanzo,5.92,9.15,Menestras,KILOGRAMO,KILOGRAMO
20250218,PIURA,PIURA,PIURA,200101,20250106,Frijol castilla,4.29,6.65,Menestras,KILOGRAMO,KILOGRAMO
20250218,PIURA,PIURA,PIURA,200101,20250106,Haba verde serrana,2.43,6.4,Legumbres,KILOGRAMO,KILOGRAMO
20250218,PIURA,PIURA,PIURA,200101,20250106,Platano seda congo,1.45,3.7,Frutas,KILOGRAMO,KILOGRAMO
20250218,PIURA,PIURA,PIURA,200101,20250106,Vainita americana,2.38,5.25,Legumbres,KILOGRAMO,KILOGRAMO
20250218,PIURA,PIURA,PIURA,200101,20250106,Lenteja,6.1,8.85,Menestras,KILOGRAMO,KILOGRAMO
20250218,PIURA,PIURA,PIURA,200101,20250106,Uva red globe,4.63,6.5,Frutas,KILOGRAMO,KILOGRAMO
20250218,PIURA,PIURA,PIURA,200101,20250106,Huevos rosados,5.77,10.45,Carnes y huevos,KILOGRAMO,KILOGRAMO
20250218,PIURA,PIURA,PIURA,200101,20250106,Naranja valencia,1.85,2.6,Frutas,KILOGRAMO,KILOGRAMO
20250218,PIURA,PIURA,PIURA,200101,20250106,Limon sutil bolsa,2.8,4.05,Frutas,KILOGRAMO,KILOGRAMO
20250218,PIURA,PIURA,PIURA,200101,20250106,Melon coquito,2.63,3.05,Frutas,KILOGRAMO,KILOGRAMO
20250218,PIURA,PIURA,PIURA,200101,20250106,Pallar,8.75,10.35,Menestras,KILOGRAMO,KILOGRAMO
20250218,PIURA,PIURA,PIURA,200101,20250106,Pina criolla,2.05,2.3,Frutas,KILOGRAMO,KILOGRAMO
20250218,PIURA,PIURA,PIURA,200101,20250106,Zapallo macre,2.05,3.35,Hortalizas,KILOGRAMO,KILOGRAMO
20250218,PIURA,PIURA,PIURA,200101,20250106,Olluco largo,2.55,3.25,Tuberculos,KILOGRAMO,KILOGRAMO
20250218,PIURA,PIURA,PIURA,200101,20250106,Yuca blanca,1.82,4.15,Tuberculos,KILOGRAMO,KILOGRAMO
20250218,PIURA,PIURA,PIURA,200101,20250106,Palta fuerte,6.25,8.5,Frutas,KILOGRAMO,KILOGRAMO
20250218,PIURA,PIURA,PIURA,200101,20250106,Fideos nicolini tallarin,3.05,6.5,Agro-industriales,PAQUETE,KILOGRAMO
20250218,PIURA,PIURA,PIURA,200101,20250106,Manzana delicia,3.08,5.6,Frutas,KILOGRAMO,KILOGRAMO
20250218,PIURA,PIURA,PIURA,200101,20250106,Arroz extra,3.52,4.35,Cereales,SACO NORMAL,KILOGRAMO
20250218,PIURA,PIURA,PIURA,200101,20250106,Choclo (tipo cusco),3.92,6.65,Cereales,CIENTO,UNIDAD
20250218,PIURA,PIURA,PIURA,200101,20250106,Mango edward,1.13,2.35,Frutas,KILOGRAMO,KILOGRAMO
20250218,PIURA,PIURA,PIURA,200101,20250106,Azucar blanca nacional (granel),3.07,5.3,Agro-industriales,SACO NORMAL,KILOGRAMO
20250218,PIURA,PIURA,PIURA,200101,20250106,Papaya,1.25,1.65,Frutas,KILOGRAMO,KILOGRAMO
20250218,PIURA,PIURA,PIURA,200101,20250106,Leche evaporada (azul) 400 g,3.32,3.9,Agro-industriales,CAJA,LATA
20250218,PIURA,PIURA,PIURA,200101,20250106,Manzana israel,3.05,4.35,Frutas,KILOGRAMO,KILOGRAMO
20250218,PIURA,PIURA,PIURA,200101,20250106,Chirimoya cumbe,3.15,9.9,Frutas,CAJON CHICO,KILOGRAMO
20250218,PIURA,PIURA,PIURA,200101,20250106,Arroz superior,2.96,3.9,Cereales,SACO NORMAL,KILOGRAMO
20250218,PIURA,PIURA,PIURA,200101,20250106,Ajo criollo o napuri,7.82,12.35,Hortalizas,MALLA MEDIANA,KILOGRAMO
20250218,PIURA,PIURA,PIURA,200101,20250106,Azucar rubia nacional (granel),3,4.55,Agro-industriales,SACO NORMAL,KILOGRAMO
20250218,PIURA,PIURA,PIURA,200101,20250106,Zanahoria,1.62,3.4,Hortalizas,SACO MEDIANO,KILOGRAMO
20250218,PIURA,PIURA,PIURA,200101,20250106,Melocoton durazno huayco,4.78,8.35,Frutas,KILOGRAMO,KILOGRAMO
20250218,PIURA,PIURA,PIURA,200101,20250106,Arveja verde blanca serrana,3.2,5.65,Legumbres,MALLA MEDIANA,KILOGRAMO
20250218,PIURA,PIURA,PIURA,200101,20250106,Uva italia,5.13,10.35,Frutas,KILOGRAMO,KILOGRAMO
20250218,PIURA,PIURA,PIURA,200101,20250106,Papa canchan,1.78,2.4,Tuberculos,SACO GRANDE,KILOGRAMO
20250218,PIURA,PIURA,PIURA,200101,20250106,Papa amarilla,3.13,4.9,Tuberculos,SACO GRANDE,KILOGRAMO
20250218,PIURA,PIURA,PIURA,200101,20250106,Aceite clasico botella 900 ml,9.77,10.5,Agro-industriales,CAJA CHICA,LITRO
20250218,PIURA,PIURA,PIURA,200101,20250106,Cebolla cabeza roja,1.77,2.45,Hortalizas,SACO,KILOGRAMO
20250218,PIURA,PIURA,PIURA,200101,20250106,Camote morado,1.86,2.4,Tuberculos,SACO GRANDE,KILOGRAMO
20250218,PIURA,PIURA,PIURA,200101,20250106,Platano bellaco,1.21,3.2,Frutas,LITRO,LITRO
20250218,PIURA,PIURA,PIURA,200101,20250106,Carne de porcino (corte unico),15.65,20,Carnes y huevos,UNIDAD,KILOGRAMO
20250218,PIURA,PIURA,PIURA,200101,20250106,Leche fresca,3.25,3.9,Agro-industriales,LITRO,LITRO
20250218,PIURA,PIURA,PIURA,200101,20250106,Uva alfonso lavalett,4,7.4,Frutas,KILOGRAMO,KILOGRAMO
20250218,PIURA,PIURA,PIURA,200101,20250106,Aji escabeche,1.33,3.15,Hortalizas,KILOGRAMO,MALLA
20250218,PIURA,PIURA,PIURA,200101,20250106,Aji rocoto,1.95,3.4,Hortalizas,KILOGRAMO,KILOGRAMO
20250218,PIURA,PIURA,PIURA,200101,20250106,Carne fresca de vacuno,18.7,19.5,Carnes y huevos,KILOGRAMO,KILOGRAMO
20250218,PIURA,PIURA,PIURA,200101,20250106,Tomate,3.52,4.9,Hortalizas,KILOGRAMO,KILOGRAMO
20250218,PIURA,PIURA,PIURA,200101,20250106,Carne de pollo (eviscerado),9.5,10.9,Carnes y huevos,KILOGRAMO,KILOGRAMO
20250218,PIURA,PIURA,PIURA,200101,20250106,Sandia,2.05,2.15,Frutas,KILOGRAMO,KILOGRAMO
20250218,PIURA,PIURA,PIURA,200101,20250106,Frijol canario,6.09,9.9,Menestras,KILOGRAMO,KILOGRAMO
20250218,PIURA,PIURA,PIURA,200101,20241227,Platano seda congo,1.45,3.8,Frutas,KILOGRAMO,KILOGRAMO
20250218,PIURA,PIURA,PIURA,200101,20241227,Vainita americana,2.2,5.25,Legumbres,KILOGRAMO,KILOGRAMO
20250218,PIURA,PIURA,PIURA,200101,20241227,Lenteja,6.1,9,Menestras,KILOGRAMO,KILOGRAMO
20250218,PIURA,PIURA,PIURA,200101,20241227,Uva red globe,4.5,6.5,Frutas,KILOGRAMO,KILOGRAMO
20250218,PIURA,PIURA,PIURA,200101,20241227,Huevos rosados,5.77,10.45,Carnes y huevos,KILOGRAMO,KILOGRAMO
20250218,PIURA,PIURA,PIURA,200101,20241227,Naranja valencia,1.91,2.65,Frutas,KILOGRAMO,KILOGRAMO
20250218,PIURA,PIURA,PIURA,200101,20241227,Limon sutil bolsa,2.9,4,Frutas,KILOGRAMO,KILOGRAMO
20250218,PIURA,PIURA,PIURA,200101,20241227,Melon coquito,2.63,3.05,Frutas,KILOGRAMO,KILOGRAMO
20250218,PIURA,PIURA,PIURA,200101,20241227,Pallar,8.75,10.35,Menestras,KILOGRAMO,KILOGRAMO
20250218,PIURA,PIURA,PIURA,200101,20241227,Pina criolla,2.05,2.3,Frutas,KILOGRAMO,KILOGRAMO
20250218,PIURA,PIURA,PIURA,200101,20241227,Zapallo macre,2.13,3.35,Hortalizas,KILOGRAMO,KILOGRAMO
20250218,PIURA,PIURA,PIURA,200101,20241227,Olluco largo,2.55,3.4,Tuberculos,KILOGRAMO,KILOGRAMO
20250218,PIURA,PIURA,PIURA,200101,20241227,Yuca blanca,1.81,4.15,Tuberculos,KILOGRAMO,KILOGRAMO
20250218,PIURA,PIURA,PIURA,200101,20241227,Palta fuerte,6.7,8.65,Frutas,KILOGRAMO,KILOGRAMO
20250218,PIURA,PIURA,PIURA,200101,20241227,Fideos nicolini tallarin,3.15,6.5,Agro-industriales,PAQUETE,KILOGRAMO
20250218,PIURA,PIURA,PIURA,200101,20241227,Manzana delicia,2.98,5.5,Frutas,KILOGRAMO,KILOGRAMO
20250218,PIURA,PIURA,PIURA,200101,20241227,Arroz extra,3.7,4.35,Cereales,SACO NORMAL,KILOGRAMO
20250218,PIURA,PIURA,PIURA,200101,20241227,Choclo (tipo cusco),3.92,6.65,Cereales,CIENTO,UNIDAD
20250218,PIURA,PIURA,PIURA,200101,20241227,Mango edward,1.13,1.95,Frutas,KILOGRAMO,KILOGRAMO
20250218,PIURA,PIURA,PIURA,200101,20241227,Azucar blanca nacional (granel),3.02,5.3,Agro-industriales,SACO NORMAL,KILOGRAMO
20250218,PIURA,PIURA,PIURA,200101,20241227,Papaya,1.45,1.65,Frutas,KILOGRAMO,KILOGRAMO
20250218,PIURA,PIURA,PIURA,200101,20241227,Leche evaporada (azul) 400 g,3.36,3.9,Agro-industriales,CAJA,LATA
20250218,PIURA,PIURA,PIURA,200101,20241227,Manzana israel,3.03,4.15,Frutas,KILOGRAMO,KILOGRAMO
20250218,PIURA,PIURA,PIURA,200101,20241227,Chirimoya cumbe,3.4,10.05,Frutas,CAJON CHICO,KILOGRAMO
20250218,PIURA,PIURA,PIURA,200101,20241227,Arroz superior,3.05,3.8,Cereales,SACO NORMAL,KILOGRAMO
20250218,PIURA,PIURA,PIURA,200101,20241227,Ajo criollo o napuri,7.89,12.25,Hortalizas,MALLA MEDIANA,KILOGRAMO
20250218,PIURA,PIURA,PIURA,200101,20241227,Azucar rubia nacional (granel),3,4.7,Agro-industriales,SACO NORMAL,KILOGRAMO
20250218,PIURA,PIURA,PIURA,200101,20241227,Zanahoria,1.76,4.25,Hortalizas,SACO MEDIANO,KILOGRAMO
20250218,PIURA,PIURA,PIURA,200101,20241227,Melocoton durazno huayco,5,8.75,Frutas,KILOGRAMO,KILOGRAMO
20250218,PIURA,PIURA,PIURA,200101,20241227,Arveja verde blanca serrana,2.75,5.5,Legumbres,MALLA MEDIANA,KILOGRAMO
20250218,PIURA,PIURA,PIURA,200101,20241227,Uva italia,5.13,10.25,Frutas,KILOGRAMO,KILOGRAMO
20250218,PIURA,PIURA,PIURA,200101,20241227,Papa canchan,1.82,2.65,Tuberculos,SACO GRANDE,KILOGRAMO
20250218,PIURA,PIURA,PIURA,200101,20241227,Papa amarilla,3.22,5.05,Tuberculos,SACO GRANDE,KILOGRAMO
20250218,PIURA,PIURA,PIURA,200101,20241227,Aceite clasico botella 900 ml,9.68,11.28,Agro-industriales,CAJA CHICA,LITRO
20250218,PIURA,PIURA,PIURA,200101,20241227,Cebolla cabeza roja,1.77,2.45,Hortalizas,SACO,KILOGRAMO
20250218,PIURA,PIURA,PIURA,200101,20241227,Camote morado,2.11,3.1,Tuberculos,SACO GRANDE,KILOGRAMO
20250218,PIURA,PIURA,PIURA,200101,20241227,Platano bellaco,1.24,3.2,Frutas,LITRO,LITRO
20250218,PIURA,PIURA,PIURA,200101,20241227,Carne de porcino (corte unico),15.65,20,Carnes y huevos,UNIDAD,KILOGRAMO
20250218,PIURA,PIURA,PIURA,200101,20241227,Leche fresca,3.25,4,Agro-industriales,LITRO,LITRO
20250218,PIURA,PIURA,PIURA,200101,20241227,Uva alfonso lavalett,3.83,7.4,Frutas,KILOGRAMO,KILOGRAMO
20250218,PIURA,PIURA,PIURA,200101,20241227,Aji escabeche,1.33,3.15,Hortalizas,KILOGRAMO,MALLA
20250218,PIURA,PIURA,PIURA,200101,20241227,Aji rocoto,1.95,3.85,Hortalizas,KILOGRAMO,KILOGRAMO
20250218,PIURA,PIURA,PIURA,200101,20241227,Carne fresca de vacuno,18.85,22,Carnes y huevos,KILOGRAMO,KILOGRAMO
20250218,PIURA,PIURA,PIURA,200101,20241227,Tomate,3.52,4.95,Hortalizas,KILOGRAMO,KILOGRAMO
20250218,PIURA,PIURA,PIURA,200101,20241227,Carne de pollo (eviscerado),9.6,10.55,Carnes y huevos,KILOGRAMO,KILOGRAMO
20250218,PIURA,PIURA,PIURA,200101,20241227,Sandia,2.05,2.15,Frutas,KILOGRAMO,KILOGRAMO
20250218,PIURA,PIURA,PIURA,200101,20241227,Frijol canario,6.15,9.75,Menestras,KILOGRAMO,KILOGRAMO
20250218,PIURA,PIURA,PIURA,200101,20241227,Garbanzo,5.92,9.05,Menestras,KILOGRAMO,KILOGRAMO
20250218,PIURA,PIURA,PIURA,200101,20241227,Frijol castilla,4.34,6.65,Menestras,KILOGRAMO,KILOGRAMO
20250218,PIURA,PIURA,PIURA,200101,20241227,Haba verde serrana,2.39,6.4,Legumbres,KILOGRAMO,KILOGRAMO
20250218,PIURA,PIURA,PIURA,200101,20241223,Melon coquito,2.63,3.05,Frutas,KILOGRAMO,KILOGRAMO
20250218,PIURA,PIURA,PIURA,200101,20241223,Pallar,8.75,10.32,Menestras,KILOGRAMO,KILOGRAMO
20250218,PIURA,PIURA,PIURA,200101,20241223,Pina criolla,2.05,2.2,Frutas,KILOGRAMO,KILOGRAMO
20250218,PIURA,PIURA,PIURA,200101,20241223,Zapallo macre,2.08,3.35,Hortalizas,KILOGRAMO,KILOGRAMO
20250218,PIURA,PIURA,PIURA,200101,20241223,Olluco largo,2.7,3.25,Tuberculos,KILOGRAMO,KILOGRAMO
20250218,PIURA,PIURA,PIURA,200101,20241223,Yuca blanca,1.81,4.15,Tuberculos,KILOGRAMO,KILOGRAMO
20250218,PIURA,PIURA,PIURA,200101,20241223,Palta fuerte,6.7,8.65,Frutas,KILOGRAMO,KILOGRAMO
20250218,PIURA,PIURA,PIURA,200101,20241223,Fideos nicolini tallarin,3.15,6.5,Agro-industriales,PAQUETE,KILOGRAMO
20250218,PIURA,PIURA,PIURA,200101,20241223,Manzana delicia,3,5.7,Frutas,KILOGRAMO,KILOGRAMO
20250218,PIURA,PIURA,PIURA,200101,20241223,Arroz extra,3.7,4.55,Cereales,SACO NORMAL,KILOGRAMO
20250218,PIURA,PIURA,PIURA,200101,20241223,Choclo (tipo cusco),3.92,6.9,Cereales,CIENTO,UNIDAD
20250218,PIURA,PIURA,PIURA,200101,20241223,Mango edward,1.1,1.95,Frutas,KILOGRAMO,KILOGRAMO
20250218,PIURA,PIURA,PIURA,200101,20241223,Azucar blanca nacional (granel),3.03,5.3,Agro-industriales,SACO NORMAL,KILOGRAMO
20250218,PIURA,PIURA,PIURA,200101,20241223,Papaya,1.45,1.65,Frutas,KILOGRAMO,KILOGRAMO
20250218,PIURA,PIURA,PIURA,200101,20241223,Leche evaporada (azul) 400 g,3.34,3.9,Agro-industriales,CAJA,LATA
20250218,PIURA,PIURA,PIURA,200101,20241223,Manzana israel,3.05,4.4,Frutas,KILOGRAMO,KILOGRAMO
20250218,PIURA,PIURA,PIURA,200101,20241223,Chirimoya cumbe,3.25,10.05,Frutas,CAJON CHICO,KILOGRAMO
20250218,PIURA,PIURA,PIURA,200101,20241223,Arroz superior,3.04,3.8,Cereales,SACO NORMAL,KILOGRAMO
20250218,PIURA,PIURA,PIURA,200101,20241223,Ajo criollo o napuri,7.93,12.65,Hortalizas,MALLA MEDIANA,KILOGRAMO
20250218,PIURA,PIURA,PIURA,200101,20241223,Azucar rubia nacional (granel),3,4.55,Agro-industriales,SACO NORMAL,KILOGRAMO
20250218,PIURA,PIURA,PIURA,200101,20241223,Zanahoria,1.76,4.25,Hortalizas,SACO MEDIANO,KILOGRAMO
20250218,PIURA,PIURA,PIURA,200101,20241223,Melocoton durazno huayco,5.05,8.9,Frutas,KILOGRAMO,KILOGRAMO
20250218,PIURA,PIURA,PIURA,200101,20241223,Arveja verde blanca serrana,2.75,6.05,Legumbres,MALLA MEDIANA,KILOGRAMO
20250218,PIURA,PIURA,PIURA,200101,20241223,Uva italia,5.13,10.35,Frutas,KILOGRAMO,KILOGRAMO
20250218,PIURA,PIURA,PIURA,200101,20241223,Papa canchan,1.84,2.65,Tuberculos,SACO GRANDE,KILOGRAMO
20250218,PIURA,PIURA,PIURA,200101,20241223,Papa amarilla,3.28,4.9,Tuberculos,SACO GRANDE,KILOGRAMO
20250218,PIURA,PIURA,PIURA,200101,20241223,Aceite clasico botella 900 ml,9.68,11.83,Agro-industriales,CAJA CHICA,LITRO
20250218,PIURA,PIURA,PIURA,200101,20241223,Cebolla cabeza roja,1.77,2.45,Hortalizas,SACO,KILOGRAMO
20250218,PIURA,PIURA,PIURA,200101,20241223,Camote morado,1.89,3.25,Tuberculos,SACO GRANDE,KILOGRAMO
20250218,PIURA,PIURA,PIURA,200101,20241223,Platano bellaco,1.24,3.2,Frutas,LITRO,LITRO
20250218,PIURA,PIURA,PIURA,200101,20241223,Carne de porcino (corte unico),15.15,20,Carnes y huevos,UNIDAD,KILOGRAMO
20250218,PIURA,PIURA,PIURA,200101,20241223,Leche fresca,3.25,4,Agro-industriales,LITRO,LITRO
20250218,PIURA,PIURA,PIURA,200101,20241223,Uva alfonso lavalett,3.75,7.4,Frutas,KILOGRAMO,KILOGRAMO
20250218,PIURA,PIURA,PIURA,200101,20241223,Aji escabeche,1.33,3.16,Hortalizas,KILOGRAMO,MALLA
20250218,PIURA,PIURA,PIURA,200101,20241223,Aji rocoto,2.13,3.85,Hortalizas,KILOGRAMO,KILOGRAMO
20250218,PIURA,PIURA,PIURA,200101,20241223,Carne fresca de vacuno,18.5,19.5,Carnes y huevos,KILOGRAMO,KILOGRAMO
20250218,PIURA,PIURA,PIURA,200101,20241223,Tomate,3.52,5.15,Hortalizas,KILOGRAMO,KILOGRAMO
20250218,PIURA,PIURA,PIURA,200101,20241223,Carne de pollo (eviscerado),9.6,10.1,Carnes y huevos,KILOGRAMO,KILOGRAMO
20250218,PIURA,PIURA,PIURA,200101,20241223,Sandia,2.05,2.25,Frutas,KILOGRAMO,KILOGRAMO
20250218,PIURA,PIURA,PIURA,200101,20241223,Frijol canario,6.15,9.5,Menestras,KILOGRAMO,KILOGRAMO
20250218,PIURA,PIURA,PIURA,200101,20241223,Garbanzo,5.93,8.9,Menestras,KILOGRAMO,KILOGRAMO
20250218,PIURA,PIURA,PIURA,200101,20241223,Frijol castilla,4.33,6.7,Menestras,KILOGRAMO,KILOGRAMO
20250218,PIURA,PIURA,PIURA,200101,20241223,Haba verde serrana,2.45,6.4,Legumbres,KILOGRAMO,KILOGRAMO
20250218,PIURA,PIURA,PIURA,200101,20241223,Vainita americana,2.2,5.7,Legumbres,KILOGRAMO,KILOGRAMO
20250218,PIURA,PIURA,PIURA,200101,20241223,Lenteja,6.1,9,Menestras,KILOGRAMO,KILOGRAMO
20250218,PIURA,PIURA,PIURA,200101,20241223,Uva red globe,4.5,6.8,Frutas,KILOGRAMO,KILOGRAMO
20250218,PIURA,PIURA,PIURA,200101,20241223,Huevos rosados,5.77,10.45,Carnes y huevos,KILOGRAMO,KILOGRAMO
20250218,PIURA,PIURA,PIURA,200101,20241223,Naranja valencia,1.91,2.65,Frutas,KILOGRAMO,KILOGRAMO
20250218,PIURA,PIURA,PIURA,200101,20241223,Limon sutil bolsa,3,4.35,Frutas,KILOGRAMO,KILOGRAMO
20250218,PIURA,PIURA,PIURA,200101,20241223,Platano seda congo,1.41,3.8,Frutas,KILOGRAMO,KILOGRAMO
20250218,PIURA,PIURA,PIURA,200101,20241218,Fideos nicolini tallarin,3.35,6.5,Agro-industriales,PAQUETE,KILOGRAMO
20250218,PIURA,PIURA,PIURA,200101,20241218,Manzana delicia,3,6,Frutas,KILOGRAMO,KILOGRAMO
20250218,PIURA,PIURA,PIURA,200101,20241218,Arroz extra,3.65,4.55,Cereales,SACO NORMAL,KILOGRAMO
20250218,PIURA,PIURA,PIURA,200101,20241218,Choclo (tipo cusco),3.92,7.15,Cereales,CIENTO,UNIDAD
20250218,PIURA,PIURA,PIURA,200101,20241218,Mango edward,1.2,1.95,Frutas,KILOGRAMO,KILOGRAMO
20250218,PIURA,PIURA,PIURA,200101,20241218,Azucar blanca nacional (granel),3.08,5.35,Agro-industriales,SACO NORMAL,KILOGRAMO
20250218,PIURA,PIURA,PIURA,200101,20241218,Papaya,1.4,1.65,Frutas,KILOGRAMO,KILOGRAMO
20250218,PIURA,PIURA,PIURA,200101,20241218,Leche evaporada (azul) 400 g,3.36,4.05,Agro-industriales,CAJA,LATA
20250218,PIURA,PIURA,PIURA,200101,20241218,Manzana israel,3.1,4.4,Frutas,KILOGRAMO,KILOGRAMO
20250218,PIURA,PIURA,PIURA,200101,20241218,Chirimoya cumbe,3.25,10.05,Frutas,CAJON CHICO,KILOGRAMO
20250218,PIURA,PIURA,PIURA,200101,20241218,Arroz superior,3.04,3.8,Cereales,SACO NORMAL,KILOGRAMO
20250218,PIURA,PIURA,PIURA,200101,20241218,Ajo criollo o napuri,8.05,12.65,Hortalizas,MALLA MEDIANA,KILOGRAMO
20250218,PIURA,PIURA,PIURA,200101,20241218,Azucar rubia nacional (granel),3,4.55,Agro-industriales,SACO NORMAL,KILOGRAMO
20250218,PIURA,PIURA,PIURA,200101,20241218,Zanahoria,1.76,4.3,Hortalizas,SACO MEDIANO,KILOGRAMO
20250218,PIURA,PIURA,PIURA,200101,20241218,Melocoton durazno huayco,5.23,8.9,Frutas,KILOGRAMO,KILOGRAMO
20250218,PIURA,PIURA,PIURA,200101,20241218,Arveja verde blanca serrana,2.75,6.05,Legumbres,MALLA MEDIANA,KILOGRAMO
20250218,PIURA,PIURA,PIURA,200101,20241218,Uva italia,5.13,10.35,Frutas,KILOGRAMO,KILOGRAMO
20250218,PIURA,PIURA,PIURA,200101,20241218,Papa canchan,2.11,2.65,Tuberculos,SACO GRANDE,KILOGRAMO
20250218,PIURA,PIURA,PIURA,200101,20241218,Papa amarilla,3.22,5.1,Tuberculos,SACO GRANDE,KILOGRAMO
20250218,PIURA,PIURA,PIURA,200101,20241218,Aceite clasico botella 900 ml,9.72,11.83,Agro-industriales,CAJA CHICA,LITRO
20250218,PIURA,PIURA,PIURA,200101,20241218,Cebolla cabeza roja,1.74,2.5,Hortalizas,SACO,KILOGRAMO
20250218,PIURA,PIURA,PIURA,200101,20241218,Camote morado,1.88,3.35,Tuberculos,SACO GRANDE,KILOGRAMO
20250218,PIURA,PIURA,PIURA,200101,20241218,Platano bellaco,1.24,3.2,Frutas,LITRO,LITRO
20250218,PIURA,PIURA,PIURA,200101,20241218,Carne de porcino (corte unico),15.15,22.5,Carnes y huevos,UNIDAD,KILOGRAMO
20250218,PIURA,PIURA,PIURA,200101,20241218,Leche fresca,3.25,4,Agro-industriales,LITRO,LITRO
20250218,PIURA,PIURA,PIURA,200101,20241218,Uva alfonso lavalett,3.83,7.4,Frutas,KILOGRAMO,KILOGRAMO
20250218,PIURA,PIURA,PIURA,200101,20241218,Aji escabeche,1.33,3.08,Hortalizas,KILOGRAMO,MALLA
20250218,PIURA,PIURA,PIURA,200101,20241218,Aji rocoto,2.16,3.85,Hortalizas,KILOGRAMO,KILOGRAMO
20250218,PIURA,PIURA,PIURA,200101,20241218,Carne fresca de vacuno,18.55,22.5,Carnes y huevos,KILOGRAMO,KILOGRAMO
20250218,PIURA,PIURA,PIURA,200101,20241218,Tomate,3.48,5.1,Hortalizas,KILOGRAMO,KILOGRAMO
20250218,PIURA,PIURA,PIURA,200101,20241218,Carne de pollo (eviscerado),9.6,10.1,Carnes y huevos,KILOGRAMO,KILOGRAMO
20250218,PIURA,PIURA,PIURA,200101,20241218,Sandia,2.05,2.35,Frutas,KILOGRAMO,KILOGRAMO
20250218,PIURA,PIURA,PIURA,200101,20241218,Frijol canario,6.15,9.5,Menestras,KILOGRAMO,KILOGRAMO
20250218,PIURA,PIURA,PIURA,200101,20241218,Garbanzo,5.93,8.9,Menestras,KILOGRAMO,KILOGRAMO
20250218,PIURA,PIURA,PIURA,200101,20241218,Frijol castilla,4.34,6.65,Menestras,KILOGRAMO,KILOGRAMO
20250218,PIURA,PIURA,PIURA,200101,20241218,Haba verde serrana,2.47,6.55,Legumbres,KILOGRAMO,KILOGRAMO
20250218,PIURA,PIURA,PIURA,200101,20241218,Vainita americana,2.23,5.7,Legumbres,KILOGRAMO,KILOGRAMO
20250218,PIURA,PIURA,PIURA,200101,20241218,Lenteja,6.1,8.95,Menestras,KILOGRAMO,KILOGRAMO
20250218,PIURA,PIURA,PIURA,200101,20241218,Uva red globe,4.58,6.5,Frutas,KILOGRAMO,KILOGRAMO
20250218,PIURA,PIURA,PIURA,200101,20241218,Huevos rosados,5.75,10.1,Carnes y huevos,KILOGRAMO,KILOGRAMO
20250218,PIURA,PIURA,PIURA,200101,20241218,Naranja valencia,1.97,2.55,Frutas,KILOGRAMO,KILOGRAMO
20250218,PIURA,PIURA,PIURA,200101,20241218,Limon sutil bolsa,3.1,4.35,Frutas,KILOGRAMO,KILOGRAMO
20250218,PIURA,PIURA,PIURA,200101,20241218,Platano seda congo,1.48,3.8,Frutas,KILOGRAMO,KILOGRAMO
20250218,PIURA,PIURA,PIURA,200101,20241218,Melon coquito,2.58,3.1,Frutas,KILOGRAMO,KILOGRAMO
20250218,PIURA,PIURA,PIURA,200101,20241218,Pallar,8.55,10.32,Menestras,KILOGRAMO,KILOGRAMO
20250218,PIURA,PIURA,PIURA,200101,20241218,Pina criolla,2.05,2.2,Frutas,KILOGRAMO,KILOGRAMO
20250218,PIURA,PIURA,PIURA,200101,20241218,Zapallo macre,2.03,3.35,Hortalizas,KILOGRAMO,KILOGRAMO
20250218,PIURA,PIURA,PIURA,200101,20241218,Olluco largo,2.55,3.4,Tuberculos,KILOGRAMO,KILOGRAMO
20250218,PIURA,PIURA,PIURA,200101,20241218,Yuca blanca,1.81,4.3,Tuberculos,KILOGRAMO,KILOGRAMO
20250218,PIURA,PIURA,PIURA,200101,20241218,Palta fuerte,6.8,8.25,Frutas,KILOGRAMO,KILOGRAMO
20250218,PIURA,PIURA,PIURA,200101,20241216,Ajo criollo o napuri,8.16,12.65,Hortalizas,MALLA MEDIANA,KILOGRAMO
20250218,PIURA,PIURA,PIURA,200101,20241216,Azucar rubia nacional (granel),3,4.45,Agro-industriales,SACO NORMAL,KILOGRAMO
20250218,PIURA,PIURA,PIURA,200101,20241216,Zanahoria,1.75,4.45,Hortalizas,SACO MEDIANO,KILOGRAMO
20250218,PIURA,PIURA,PIURA,200101,20241216,Melocoton durazno huayco,5.05,9,Frutas,KILOGRAMO,KILOGRAMO
20250218,PIURA,PIURA,PIURA,200101,20241216,Arveja verde blanca serrana,2.87,6.15,Legumbres,MALLA MEDIANA,KILOGRAMO
20250218,PIURA,PIURA,PIURA,200101,20241216,Uva italia,5.13,10.35,Frutas,KILOGRAMO,KILOGRAMO
20250218,PIURA,PIURA,PIURA,200101,20241216,Papa canchan,1.86,2.65,Tuberculos,SACO GRANDE,KILOGRAMO
20250218,PIURA,PIURA,PIURA,200101,20241216,Papa amarilla,3.27,5.15,Tuberculos,SACO GRANDE,KILOGRAMO
20250218,PIURA,PIURA,PIURA,200101,20241216,Aceite clasico botella 900 ml,9.72,10.72,Agro-industriales,CAJA CHICA,LITRO
20250218,PIURA,PIURA,PIURA,200101,20241216,Cebolla cabeza roja,1.71,2.45,Hortalizas,SACO,KILOGRAMO
20250218,PIURA,PIURA,PIURA,200101,20241216,Camote morado,2.11,3.1,Tuberculos,SACO GRANDE,KILOGRAMO
20250218,PIURA,PIURA,PIURA,200101,20241216,Platano bellaco,1.24,3.2,Frutas,LITRO,LITRO
20250218,PIURA,PIURA,PIURA,200101,20241216,Carne de porcino (corte unico),15.25,22,Carnes y huevos,UNIDAD,KILOGRAMO
20250218,PIURA,PIURA,PIURA,200101,20241216,Leche fresca,3.25,4,Agro-industriales,LITRO,LITRO
20250218,PIURA,PIURA,PIURA,200101,20241216,Uva alfonso lavalett,3.83,7.4,Frutas,KILOGRAMO,KILOGRAMO
20250218,PIURA,PIURA,PIURA,200101,20241216,Aji escabeche,1.34,3.18,Hortalizas,KILOGRAMO,MALLA
20250218,PIURA,PIURA,PIURA,200101,20241216,Aji rocoto,2.13,4,Hortalizas,KILOGRAMO,KILOGRAMO
20250218,PIURA,PIURA,PIURA,200101,20241216,Carne fresca de vacuno,18.35,22,Carnes y huevos,KILOGRAMO,KILOGRAMO
20250218,PIURA,PIURA,PIURA,200101,20241216,Tomate,3.32,5.35,Hortalizas,KILOGRAMO,KILOGRAMO
20250218,PIURA,PIURA,PIURA,200101,20241216,Carne de pollo (eviscerado),9.7,10,Carnes y huevos,KILOGRAMO,KILOGRAMO
20250218,PIURA,PIURA,PIURA,200101,20241216,Sandia,2.05,2.35,Frutas,KILOGRAMO,KILOGRAMO
20250218,PIURA,PIURA,PIURA,200101,20241216,Frijol canario,6.08,9.5,Menestras,KILOGRAMO,KILOGRAMO
20250218,PIURA,PIURA,PIURA,200101,20241216,Garbanzo,5.92,8.8,Menestras,KILOGRAMO,KILOGRAMO
20250218,PIURA,PIURA,PIURA,200101,20241216,Frijol castilla,4.34,6.55,Menestras,KILOGRAMO,KILOGRAMO
20250218,PIURA,PIURA,PIURA,200101,20241216,Haba verde serrana,2.5,6.55,Legumbres,KILOGRAMO,KILOGRAMO
20250218,PIURA,PIURA,PIURA,200101,20241216,Vainita americana,2.21,5.7,Legumbres,KILOGRAMO,KILOGRAMO
20250218,PIURA,PIURA,PIURA,200101,20241216,Lenteja,6.1,8.9,Menestras,KILOGRAMO,KILOGRAMO
20250218,PIURA,PIURA,PIURA,200101,20241216,Uva red globe,4.58,6.35,Frutas,KILOGRAMO,KILOGRAMO
20250218,PIURA,PIURA,PIURA,200101,20241216,Huevos rosados,5.75,10.1,Carnes y huevos,KILOGRAMO,KILOGRAMO
20250218,PIURA,PIURA,PIURA,200101,20241216,Naranja valencia,1.97,2.55,Frutas,KILOGRAMO,KILOGRAMO
20250218,PIURA,PIURA,PIURA,200101,20241216,Limon sutil bolsa,3.12,4.35,Frutas,KILOGRAMO,KILOGRAMO
20250218,PIURA,PIURA,PIURA,200101,20241216,Platano seda congo,1.48,3.9,Frutas,KILOGRAMO,KILOGRAMO
20250218,PIURA,PIURA,PIURA,200101,20241216,Melon coquito,2.58,3.1,Frutas,KILOGRAMO,KILOGRAMO
20250218,PIURA,PIURA,PIURA,200101,20241216,Arroz extra,3.59,4.55,Cereales,SACO NORMAL,KILOGRAMO
20250218,PIURA,PIURA,PIURA,200101,20241216,Pallar,8.55,10.35,Menestras,KILOGRAMO,KILOGRAMO
20250218,PIURA,PIURA,PIURA,200101,20241216,Pina criolla,2.05,2.35,Frutas,KILOGRAMO,KILOGRAMO
20250218,PIURA,PIURA,PIURA,200101,20241216,Zapallo macre,2.03,3.35,Hortalizas,KILOGRAMO,KILOGRAMO
20250218,PIURA,PIURA,PIURA,200101,20241216,Olluco largo,2.55,3.4,Tuberculos,KILOGRAMO,KILOGRAMO
20250218,PIURA,PIURA,PIURA,200101,20241216,Yuca blanca,1.85,4.2,Tuberculos,KILOGRAMO,KILOGRAMO
20250218,PIURA,PIURA,PIURA,200101,20241216,Palta fuerte,6.8,8.65,Frutas,KILOGRAMO,KILOGRAMO
20250218,PIURA,PIURA,PIURA,200101,20241216,Manzana delicia,3,6.2,Frutas,KILOGRAMO,KILOGRAMO
20250218,PIURA,PIURA,PIURA,200101,20241216,Choclo (tipo cusco),3.92,7.4,Cereales,CIENTO,UNIDAD
20250218,PIURA,PIURA,PIURA,200101,20241216,Mango edward,1.23,1.95,Frutas,KILOGRAMO,KILOGRAMO
20250218,PIURA,PIURA,PIURA,200101,20241216,Azucar blanca nacional (granel),3.04,5.35,Agro-industriales,SACO NORMAL,KILOGRAMO
20250218,PIURA,PIURA,PIURA,200101,20241216,Papaya,1.25,1.65,Frutas,KILOGRAMO,KILOGRAMO
20250218,PIURA,PIURA,PIURA,200101,20241216,Leche evaporada (azul) 400 g,3.36,4.05,Agro-industriales,CAJA,LATA
20250218,PIURA,PIURA,PIURA,200101,20241216,Manzana israel,3.1,4.4,Frutas,KILOGRAMO,KILOGRAMO
20250218,PIURA,PIURA,PIURA,200101,20241216,Chirimoya cumbe,3.25,10.05,Frutas,CAJON CHICO,KILOGRAMO
20250218,PIURA,PIURA,PIURA,200101,20241216,Arroz superior,3.08,3.65,Cereales,SACO NORMAL,KILOGRAMO
20250218,PIURA,PIURA,PIURA,200101,20241216,Fideos nicolini tallarin,3.35,6.5,Agro-industriales,PAQUETE,KILOGRAMO
20250218,PIURA,PIURA,PIURA,200101,20241213,Papa amarilla,3.27,4.9,Tuberculos,SACO GRANDE,KILOGRAMO
20250218,PIURA,PIURA,PIURA,200101,20241213,Aceite clasico botella 900 ml,9.77,10.72,Agro-industriales,CAJA CHICA,LITRO
20250218,PIURA,PIURA,PIURA,200101,20241213,Cebolla cabeza roja,1.71,2.4,Hortalizas,SACO,KILOGRAMO
20250218,PIURA,PIURA,PIURA,200101,20241213,Camote morado,1.88,3.1,Tuberculos,SACO GRANDE,KILOGRAMO
20250218,PIURA,PIURA,PIURA,200101,20241213,Platano bellaco,1.21,3.2,Frutas,LITRO,LITRO
20250218,PIURA,PIURA,PIURA,200101,20241213,Carne de porcino (corte unico),15.35,19.35,Carnes y huevos,UNIDAD,KILOGRAMO
20250218,PIURA,PIURA,PIURA,200101,20241213,Leche fresca,3.25,4.1,Agro-industriales,LITRO,LITRO
20250218,PIURA,PIURA,PIURA,200101,20241213,Uva alfonso lavalett,3.83,7.4,Frutas,KILOGRAMO,KILOGRAMO
20250218,PIURA,PIURA,PIURA,200101,20241213,Aji escabeche,1.44,3.18,Hortalizas,KILOGRAMO,MALLA
20250218,PIURA,PIURA,PIURA,200101,20241213,Aji rocoto,2.13,4,Hortalizas,KILOGRAMO,KILOGRAMO
20250218,PIURA,PIURA,PIURA,200101,20241213,Carne fresca de vacuno,18.75,23.5,Carnes y huevos,KILOGRAMO,KILOGRAMO
20250218,PIURA,PIURA,PIURA,200101,20241213,Tomate,3.39,5.15,Hortalizas,KILOGRAMO,KILOGRAMO
20250218,PIURA,PIURA,PIURA,200101,20241213,Carne de pollo (eviscerado),9.65,10.05,Carnes y huevos,KILOGRAMO,KILOGRAMO
20250218,PIURA,PIURA,PIURA,200101,20241213,Sandia,2.05,2.35,Frutas,KILOGRAMO,KILOGRAMO
20250218,PIURA,PIURA,PIURA,200101,20241213,Frijol canario,6.12,9.5,Menestras,KILOGRAMO,KILOGRAMO
20250218,PIURA,PIURA,PIURA,200101,20241213,Garbanzo,5.86,8.8,Menestras,KILOGRAMO,KILOGRAMO
20250218,PIURA,PIURA,PIURA,200101,20241213,Frijol castilla,4.33,6.35,Menestras,KILOGRAMO,KILOGRAMO
20250218,PIURA,PIURA,PIURA,200101,20241213,Haba verde serrana,2.57,6.4,Legumbres,KILOGRAMO,KILOGRAMO
20250218,PIURA,PIURA,PIURA,200101,20241213,Vainita americana,2.24,5.7,Legumbres,KILOGRAMO,KILOGRAMO
20250218,PIURA,PIURA,PIURA,200101,20241213,Lenteja,6.1,8.9,Menestras,KILOGRAMO,KILOGRAMO
20250218,PIURA,PIURA,PIURA,200101,20241213,Uva red globe,4.54,6.3,Frutas,KILOGRAMO,KILOGRAMO
20250218,PIURA,PIURA,PIURA,200101,20241213,Huevos rosados,5.75,10.1,Carnes y huevos,KILOGRAMO,KILOGRAMO
20250218,PIURA,PIURA,PIURA,200101,20241213,Naranja valencia,1.88,2.45,Frutas,KILOGRAMO,KILOGRAMO
20250218,PIURA,PIURA,PIURA,200101,20241213,Limon sutil bolsa,3.12,4.1,Frutas,KILOGRAMO,KILOGRAMO
20250218,PIURA,PIURA,PIURA,200101,20241213,Platano seda congo,1.48,4,Frutas,KILOGRAMO,KILOGRAMO
20250218,PIURA,PIURA,PIURA,200101,20241213,Melon coquito,2.5,3.05,Frutas,KILOGRAMO,KILOGRAMO
20250218,PIURA,PIURA,PIURA,200101,20241213,Arroz extra,3.46,4.35,Cereales,SACO NORMAL,KILOGRAMO
20250218,PIURA,PIURA,PIURA,200101,20241213,Pallar,8.4,10.25,Menestras,KILOGRAMO,KILOGRAMO
20250218,PIURA,PIURA,PIURA,200101,20241213,Pina criolla,2.05,2.35,Frutas,KILOGRAMO,KILOGRAMO
20250218,PIURA,PIURA,PIURA,200101,20241213,Zapallo macre,2.03,3.35,Hortalizas,KILOGRAMO,KILOGRAMO
20250218,PIURA,PIURA,PIURA,200101,20241213,Olluco largo,2.55,3.35,Tuberculos,KILOGRAMO,KILOGRAMO
20250218,PIURA,PIURA,PIURA,200101,20241213,Yuca blanca,1.88,4.2,Tuberculos,KILOGRAMO,KILOGRAMO
20250218,PIURA,PIURA,PIURA,200101,20241213,Palta fuerte,7.15,8.4,Frutas,KILOGRAMO,KILOGRAMO
20250218,PIURA,PIURA,PIURA,200101,20241213,Manzana delicia,2.93,6.2,Frutas,KILOGRAMO,KILOGRAMO
20250218,PIURA,PIURA,PIURA,200101,20241213,Choclo (tipo cusco),3.86,7.25,Cereales,CIENTO,UNIDAD
20250218,PIURA,PIURA,PIURA,200101,20241213,Mango edward,1.33,2.05,Frutas,KILOGRAMO,KILOGRAMO
20250218,PIURA,PIURA,PIURA,200101,20241213,Azucar blanca nacional (granel),3.14,5.3,Agro-industriales,SACO NORMAL,KILOGRAMO
20250218,PIURA,PIURA,PIURA,200101,20241213,Papaya,1.25,1.65,Frutas,KILOGRAMO,KILOGRAMO
20250218,PIURA,PIURA,PIURA,200101,20241213,Leche evaporada (azul) 400 g,3.38,4.05,Agro-industriales,CAJA,LATA
20250218,PIURA,PIURA,PIURA,200101,20241213,Manzana israel,3.03,4.45,Frutas,KILOGRAMO,KILOGRAMO
20250218,PIURA,PIURA,PIURA,200101,20241213,Chirimoya cumbe,3.25,10.05,Frutas,CAJON CHICO,KILOGRAMO
20250218,PIURA,PIURA,PIURA,200101,20241213,Arroz superior,3.08,3.65,Cereales,SACO NORMAL,KILOGRAMO
20250218,PIURA,PIURA,PIURA,200101,20241213,Fideos nicolini tallarin,3.35,6.35,Agro-industriales,PAQUETE,KILOGRAMO
20250218,PIURA,PIURA,PIURA,200101,20241213,Ajo criollo o napuri,8.52,12.9,Hortalizas,MALLA MEDIANA,KILOGRAMO
20250218,PIURA,PIURA,PIURA,200101,20241213,Azucar rubia nacional (granel),3.05,4.3,Agro-industriales,SACO NORMAL,KILOGRAMO
20250218,PIURA,PIURA,PIURA,200101,20241213,Zanahoria,1.75,4.45,Hortalizas,SACO MEDIANO,KILOGRAMO
20250218,PIURA,PIURA,PIURA,200101,20241213,Melocoton durazno huayco,5.05,9,Frutas,KILOGRAMO,KILOGRAMO
20250218,PIURA,PIURA,PIURA,200101,20241213,Arveja verde blanca serrana,2.95,6.15,Legumbres,MALLA MEDIANA,KILOGRAMO
20250218,PIURA,PIURA,PIURA,200101,20241213,Uva italia,5.13,10.4,Frutas,KILOGRAMO,KILOGRAMO
20250218,PIURA,PIURA,PIURA,200101,20241213,Papa canchan,1.89,2.65,Tuberculos,SACO GRANDE,KILOGRAMO
20250218,PIURA,PIURA,PIURA,200101,20241211,Uva alfonso lavalett,4.04,7.4,Frutas,KILOGRAMO,KILOGRAMO
20250218,PIURA,PIURA,PIURA,200101,20241211,Aji escabeche,1.55,3.08,Hortalizas,KILOGRAMO,MALLA
20250218,PIURA,PIURA,PIURA,200101,20241211,Aji rocoto,2.13,4,Hortalizas,KILOGRAMO,KILOGRAMO
20250218,PIURA,PIURA,PIURA,200101,20241211,Carne fresca de vacuno,18.75,24,Carnes y huevos,KILOGRAMO,KILOGRAMO
20250218,PIURA,PIURA,PIURA,200101,20241211,Tomate,3.57,5.05,Hortalizas,KILOGRAMO,KILOGRAMO
20250218,PIURA,PIURA,PIURA,200101,20241211,Carne de pollo (eviscerado),9.4,10.65,Carnes y huevos,KILOGRAMO,KILOGRAMO
20250218,PIURA,PIURA,PIURA,200101,20241211,Sandia,2.05,2.35,Frutas,KILOGRAMO,KILOGRAMO
20250218,PIURA,PIURA,PIURA,200101,20241211,Frijol canario,6.16,9.5,Menestras,KILOGRAMO,KILOGRAMO
20250218,PIURA,PIURA,PIURA,200101,20241211,Garbanzo,5.86,8.8,Menestras,KILOGRAMO,KILOGRAMO
20250218,PIURA,PIURA,PIURA,200101,20241211,Frijol castilla,4.34,6.45,Menestras,KILOGRAMO,KILOGRAMO
20250218,PIURA,PIURA,PIURA,200101,20241211,Haba verde serrana,2.61,6.4,Legumbres,KILOGRAMO,KILOGRAMO
20250218,PIURA,PIURA,PIURA,200101,20241211,Vainita americana,2.26,5.65,Legumbres,KILOGRAMO,KILOGRAMO
20250218,PIURA,PIURA,PIURA,200101,20241211,Lenteja,6.1,8.9,Menestras,KILOGRAMO,KILOGRAMO
20250218,PIURA,PIURA,PIURA,200101,20241211,Uva red globe,4.54,6.3,Frutas,KILOGRAMO,KILOGRAMO
20250218,PIURA,PIURA,PIURA,200101,20241211,Huevos rosados,6.35,10.35,Carnes y huevos,KILOGRAMO,KILOGRAMO
20250218,PIURA,PIURA,PIURA,200101,20241211,Naranja valencia,1.88,2.45,Frutas,KILOGRAMO,KILOGRAMO
20250218,PIURA,PIURA,PIURA,200101,20241211,Limon sutil bolsa,3.12,4.15,Frutas,KILOGRAMO,KILOGRAMO
20250218,PIURA,PIURA,PIURA,200101,20241211,Platano seda congo,1.45,4,Frutas,KILOGRAMO,KILOGRAMO
20250218,PIURA,PIURA,PIURA,200101,20241211,Melon coquito,2.5,2.95,Frutas,KILOGRAMO,KILOGRAMO
20250218,PIURA,PIURA,PIURA,200101,20241211,Arroz extra,3.46,4.18,Cereales,SACO NORMAL,KILOGRAMO
20250218,PIURA,PIURA,PIURA,200101,20241211,Pallar,8.45,10.25,Menestras,KILOGRAMO,KILOGRAMO
20250218,PIURA,PIURA,PIURA,200101,20241211,Pina criolla,2.05,2.35,Frutas,KILOGRAMO,KILOGRAMO
20250218,PIURA,PIURA,PIURA,200101,20241211,Zapallo macre,2.03,3.15,Hortalizas,KILOGRAMO,KILOGRAMO
20250218,PIURA,PIURA,PIURA,200101,20241211,Olluco largo,2.55,3.35,Tuberculos,KILOGRAMO,KILOGRAMO
20250218,PIURA,PIURA,PIURA,200101,20241211,Yuca blanca,1.88,4.2,Tuberculos,KILOGRAMO,KILOGRAMO
20250218,PIURA,PIURA,PIURA,200101,20241211,Palta fuerte,7.15,8.4,Frutas,KILOGRAMO,KILOGRAMO
20250218,PIURA,PIURA,PIURA,200101,20241211,Choclo (tipo cusco),3.96,7.25,Cereales,CIENTO,UNIDAD
20250218,PIURA,PIURA,PIURA,200101,20241211,Mango edward,1.33,1.95,Frutas,KILOGRAMO,KILOGRAMO
20250218,PIURA,PIURA,PIURA,200101,20241211,Azucar blanca nacional (granel),3.1,5.3,Agro-industriales,SACO NORMAL,KILOGRAMO
20250218,PIURA,PIURA,PIURA,200101,20241211,Papaya,1.25,1.75,Frutas,KILOGRAMO,KILOGRAMO
20250218,PIURA,PIURA,PIURA,200101,20241211,Leche evaporada (azul) 400 g,3.45,4.05,Agro-industriales,CAJA,LATA
20250218,PIURA,PIURA,PIURA,200101,20241211,Manzana israel,3.13,4.45,Frutas,KILOGRAMO,KILOGRAMO
20250218,PIURA,PIURA,PIURA,200101,20241211,Chirimoya cumbe,3.15,10.75,Frutas,CAJON CHICO,KILOGRAMO
20250218,PIURA,PIURA,PIURA,200101,20241211,Arroz superior,3.11,3.65,Cereales,SACO NORMAL,KILOGRAMO
20250218,PIURA,PIURA,PIURA,200101,20241211,Fideos nicolini tallarin,3.35,6.35,Agro-industriales,PAQUETE,KILOGRAMO
20250218,PIURA,PIURA,PIURA,200101,20241211,Manzana delicia,2.93,6.15,Frutas,KILOGRAMO,KILOGRAMO
20250218,PIURA,PIURA,PIURA,200101,20241211,Ajo criollo o napuri,8.52,12.9,Hortalizas,MALLA MEDIANA,KILOGRAMO
20250218,PIURA,PIURA,PIURA,200101,20241211,Azucar rubia nacional (granel),3,4.2,Agro-industriales,SACO NORMAL,KILOGRAMO
20250218,PIURA,PIURA,PIURA,200101,20241211,Zanahoria,1.75,4.3,Hortalizas,SACO MEDIANO,KILOGRAMO
20250218,PIURA,PIURA,PIURA,200101,20241211,Melocoton durazno huayco,5.13,9,Frutas,KILOGRAMO,KILOGRAMO
20250218,PIURA,PIURA,PIURA,200101,20241211,Arveja verde blanca serrana,3,6.15,Legumbres,MALLA MEDIANA,KILOGRAMO
20250218,PIURA,PIURA,PIURA,200101,20241211,Uva italia,5.13,10.4,Frutas,KILOGRAMO,KILOGRAMO
20250218,PIURA,PIURA,PIURA,200101,20241211,Papa canchan,1.9,2.65,Tuberculos,SACO GRANDE,KILOGRAMO
20250218,PIURA,PIURA,PIURA,200101,20241211,Papa amarilla,3.32,4.9,Tuberculos,SACO GRANDE,KILOGRAMO
20250218,PIURA,PIURA,PIURA,200101,20241211,Aceite clasico botella 900 ml,9.77,11.06,Agro-industriales,CAJA CHICA,LITRO
20250218,PIURA,PIURA,PIURA,200101,20241211,Cebolla cabeza roja,1.71,2.45,Hortalizas,SACO,KILOGRAMO
20250218,PIURA,PIURA,PIURA,200101,20241211,Camote morado,1.88,3.1,Tuberculos,SACO GRANDE,KILOGRAMO
20250218,PIURA,PIURA,PIURA,200101,20241211,Platano bellaco,1.21,3.35,Frutas,LITRO,LITRO
20250218,PIURA,PIURA,PIURA,200101,20241211,Carne de porcino (corte unico),15.3,19.35,Carnes y huevos,UNIDAD,KILOGRAMO
20250218,PIURA,PIURA,PIURA,200101,20241211,Leche fresca,3.1,4.25,Agro-industriales,LITRO,LITRO
20250218,PIURA,PIURA,PIURA,200101,20241204,Carne fresca de vacuno,18.75,24,Carnes y huevos,KILOGRAMO,KILOGRAMO
20250218,PIURA,PIURA,PIURA,200101,20241204,Tomate,3.57,5.05,Hortalizas,KILOGRAMO,KILOGRAMO
20250218,PIURA,PIURA,PIURA,200101,20241204,Carne de pollo (eviscerado),8.9,10.65,Carnes y huevos,KILOGRAMO,KILOGRAMO
20250218,PIURA,PIURA,PIURA,200101,20241204,Sandia,2.05,2.35,Frutas,KILOGRAMO,KILOGRAMO
20250218,PIURA,PIURA,PIURA,200101,20241204,Frijol canario,6.16,9.5,Menestras,KILOGRAMO,KILOGRAMO
20250218,PIURA,PIURA,PIURA,200101,20241204,Garbanzo,5.89,8.8,Menestras,KILOGRAMO,KILOGRAMO
20250218,PIURA,PIURA,PIURA,200101,20241204,Frijol castilla,4.35,6.45,Menestras,KILOGRAMO,KILOGRAMO
20250218,PIURA,PIURA,PIURA,200101,20241204,Haba verde serrana,2.61,6.4,Legumbres,KILOGRAMO,KILOGRAMO
20250218,PIURA,PIURA,PIURA,200101,20241204,Vainita americana,2.26,5.65,Legumbres,KILOGRAMO,KILOGRAMO
20250218,PIURA,PIURA,PIURA,200101,20241204,Lenteja,6.1,8.9,Menestras,KILOGRAMO,KILOGRAMO
20250218,PIURA,PIURA,PIURA,200101,20241204,Uva red globe,4.54,6.3,Frutas,KILOGRAMO,KILOGRAMO
20250218,PIURA,PIURA,PIURA,200101,20241204,Huevos rosados,6.35,10.35,Carnes y huevos,KILOGRAMO,KILOGRAMO
20250218,PIURA,PIURA,PIURA,200101,20241204,Naranja valencia,1.88,2.45,Frutas,KILOGRAMO,KILOGRAMO
20250218,PIURA,PIURA,PIURA,200101,20241204,Limon sutil bolsa,3.15,4.15,Frutas,KILOGRAMO,KILOGRAMO
20250218,PIURA,PIURA,PIURA,200101,20241204,Platano seda congo,1.45,4.05,Frutas,KILOGRAMO,KILOGRAMO
20250218,PIURA,PIURA,PIURA,200101,20241204,Melon coquito,2.67,3.05,Frutas,KILOGRAMO,KILOGRAMO
20250218,PIURA,PIURA,PIURA,200101,20241204,Arroz extra,3.45,4.18,Cereales,SACO NORMAL,KILOGRAMO
20250218,PIURA,PIURA,PIURA,200101,20241204,Pallar,8.45,10.35,Menestras,KILOGRAMO,KILOGRAMO
20250218,PIURA,PIURA,PIURA,200101,20241204,Pina criolla,2.05,2.35,Frutas,KILOGRAMO,KILOGRAMO
20250218,PIURA,PIURA,PIURA,200101,20241204,Zapallo macre,2.02,3.15,Hortalizas,KILOGRAMO,KILOGRAMO
20250218,PIURA,PIURA,PIURA,200101,20241204,Olluco largo,2.55,3.35,Tuberculos,KILOGRAMO,KILOGRAMO
20250218,PIURA,PIURA,PIURA,200101,20241204,Yuca blanca,1.88,4.2,Tuberculos,KILOGRAMO,KILOGRAMO
20250218,PIURA,PIURA,PIURA,200101,20241204,Palta fuerte,7.15,8.55,Frutas,KILOGRAMO,KILOGRAMO
20250218,PIURA,PIURA,PIURA,200101,20241204,Choclo (tipo cusco),3.96,7.25,Cereales,CIENTO,UNIDAD
20250218,PIURA,PIURA,PIURA,200101,20241204,Mango edward,1.73,2.05,Frutas,KILOGRAMO,KILOGRAMO
20250218,PIURA,PIURA,PIURA,200101,20241204,Azucar blanca nacional (granel),3.1,5.3,Agro-industriales,SACO NORMAL,KILOGRAMO
20250218,PIURA,PIURA,PIURA,200101,20241204,Papaya,1.25,1.75,Frutas,KILOGRAMO,KILOGRAMO
20250218,PIURA,PIURA,PIURA,200101,20241204,Leche evaporada (azul) 400 g,3.45,4.05,Agro-industriales,CAJA,LATA
20250218,PIURA,PIURA,PIURA,200101,20241204,Manzana israel,3.13,4.45,Frutas,KILOGRAMO,KILOGRAMO
20250218,PIURA,PIURA,PIURA,200101,20241204,Chirimoya cumbe,0,0,Frutas,CAJON CHICO,KILOGRAMO
20250218,PIURA,PIURA,PIURA,200101,20241204,Arroz superior,3.11,3.65,Cereales,SACO NORMAL,KILOGRAMO
20250218,PIURA,PIURA,PIURA,200101,20241204,Fideos nicolini tallarin,3.35,6.35,Agro-industriales,PAQUETE,KILOGRAMO
20250218,PIURA,PIURA,PIURA,200101,20241204,Manzana delicia,3.03,6.15,Frutas,KILOGRAMO,KILOGRAMO
20250218,PIURA,PIURA,PIURA,200101,20241204,Azucar rubia nacional (granel),2.99,4.2,Agro-industriales,SACO NORMAL,KILOGRAMO
20250218,PIURA,PIURA,PIURA,200101,20241204,Zanahoria,1.75,4.3,Hortalizas,SACO MEDIANO,KILOGRAMO
20250218,PIURA,PIURA,PIURA,200101,20241204,Melocoton durazno huayco,5.13,9,Frutas,KILOGRAMO,KILOGRAMO
20250218,PIURA,PIURA,PIURA,200101,20241204,Arveja verde blanca serrana,3,6.15,Legumbres,MALLA MEDIANA,KILOGRAMO
20250218,PIURA,PIURA,PIURA,200101,20241204,Uva italia,5.13,10.4,Frutas,KILOGRAMO,KILOGRAMO
20250218,PIURA,PIURA,PIURA,200101,20241204,Papa canchan,1.9,2.65,Tuberculos,SACO GRANDE,KILOGRAMO
20250218,PIURA,PIURA,PIURA,200101,20241204,Ajo criollo o napuri,8.52,12.9,Hortalizas,MALLA MEDIANA,KILOGRAMO
20250218,PIURA,PIURA,PIURA,200101,20241204,Papa amarilla,3.32,4.9,Tuberculos,SACO GRANDE,KILOGRAMO
20250218,PIURA,PIURA,PIURA,200101,20241204,Aceite clasico botella 900 ml,9.72,11.06,Agro-industriales,CAJA CHICA,LITRO
20250218,PIURA,PIURA,PIURA,200101,20241204,Cebolla cabeza roja,1.71,2.45,Hortalizas,SACO,KILOGRAMO
20250218,PIURA,PIURA,PIURA,200101,20241204,Camote morado,1.87,3.1,Tuberculos,SACO GRANDE,KILOGRAMO
20250218,PIURA,PIURA,PIURA,200101,20241204,Platano bellaco,1.26,3.65,Frutas,LITRO,LITRO
20250218,PIURA,PIURA,PIURA,200101,20241204,Carne de porcino (corte unico),15.3,19.35,Carnes y huevos,UNIDAD,KILOGRAMO
20250218,PIURA,PIURA,PIURA,200101,20241204,Leche fresca,3.1,4.25,Agro-industriales,LITRO,LITRO
20250218,PIURA,PIURA,PIURA,200101,20241204,Aji escabeche,1.51,3.08,Hortalizas,KILOGRAMO,MALLA
20250218,PIURA,PIURA,PIURA,200101,20241204,Aji rocoto,2.13,4.05,Hortalizas,KILOGRAMO,KILOGRAMO
20250218,PIURA,PIURA,PIURA,200101,20241204,Uva alfonso lavalett,4.04,7.4,Frutas,KILOGRAMO,KILOGRAMO
20250218,PIURA,PIURA,PIURA,200101,20241108,Garbanzo,6.06,9.1,Menestras,KILOGRAMO,KILOGRAMO
20250218,PIURA,PIURA,PIURA,200101,20241108,Frijol castilla,4.44,6.95,Menestras,KILOGRAMO,KILOGRAMO
20250218,PIURA,PIURA,PIURA,200101,20241108,Haba verde serrana,2.68,6.2,Legumbres,KILOGRAMO,KILOGRAMO
20250218,PIURA,PIURA,PIURA,200101,20241108,Vainita americana,2.43,5.65,Legumbres,KILOGRAMO,KILOGRAMO
20250218,PIURA,PIURA,PIURA,200101,20241108,Lenteja,6.18,9.05,Menestras,KILOGRAMO,KILOGRAMO
20250218,PIURA,PIURA,PIURA,200101,20241108,Uva red globe,4.67,6.7,Frutas,KILOGRAMO,KILOGRAMO
20250218,PIURA,PIURA,PIURA,200101,20241108,Huevos rosados,6.56,10.2,Carnes y huevos,KILOGRAMO,KILOGRAMO
20250218,PIURA,PIURA,PIURA,200101,20241108,Naranja valencia,1.88,2.45,Frutas,KILOGRAMO,KILOGRAMO
20250218,PIURA,PIURA,PIURA,200101,20241108,Limon sutil bolsa,3.2,4.35,Frutas,KILOGRAMO,KILOGRAMO
20250218,PIURA,PIURA,PIURA,200101,20241108,Platano seda congo,1.48,4.05,Frutas,KILOGRAMO,KILOGRAMO
20250218,PIURA,PIURA,PIURA,200101,20241108,Melon coquito,2.71,3.1,Frutas,KILOGRAMO,KILOGRAMO
20250218,PIURA,PIURA,PIURA,200101,20241108,Arroz extra,2.93,4.31,Cereales,SACO NORMAL,KILOGRAMO
20250218,PIURA,PIURA,PIURA,200101,20241108,Pallar,8.45,10.25,Menestras,KILOGRAMO,KILOGRAMO
20250218,PIURA,PIURA,PIURA,200101,20241108,Pina criolla,2.05,2.35,Frutas,KILOGRAMO,KILOGRAMO
20250218,PIURA,PIURA,PIURA,200101,20241108,Zapallo macre,2.05,3.25,Hortalizas,KILOGRAMO,KILOGRAMO
20250218,PIURA,PIURA,PIURA,200101,20241108,Olluco largo,2.75,3.95,Tuberculos,KILOGRAMO,KILOGRAMO
20250218,PIURA,PIURA,PIURA,200101,20241108,Yuca blanca,2.02,4.2,Tuberculos,KILOGRAMO,KILOGRAMO
20250218,PIURA,PIURA,PIURA,200101,20241108,Palta fuerte,7.3,8.85,Frutas,KILOGRAMO,KILOGRAMO
20250218,PIURA,PIURA,PIURA,200101,20241108,Choclo (tipo cusco),4,7.45,Cereales,CIENTO,UNIDAD
20250218,PIURA,PIURA,PIURA,200101,20241108,Mango edward,3.57,7.5,Frutas,KILOGRAMO,KILOGRAMO
20250218,PIURA,PIURA,PIURA,200101,20241108,Azucar blanca nacional (granel),3.19,5.35,Agro-industriales,SACO NORMAL,KILOGRAMO
20250218,PIURA,PIURA,PIURA,200101,20241108,Papaya,1.45,1.75,Frutas,KILOGRAMO,KILOGRAMO
20250218,PIURA,PIURA,PIURA,200101,20241108,Leche evaporada (azul) 400 g,3.18,3.65,Agro-industriales,CAJA,LATA
20250218,PIURA,PIURA,PIURA,200101,20241108,Manzana israel,3.33,4.6,Frutas,KILOGRAMO,KILOGRAMO
20250218,PIURA,PIURA,PIURA,200101,20241108,Chirimoya cumbe,3.55,10.75,Frutas,CAJON CHICO,KILOGRAMO
20250218,PIURA,PIURA,PIURA,200101,20241108,Arroz superior,2.82,3.75,Cereales,SACO NORMAL,KILOGRAMO
20250218,PIURA,PIURA,PIURA,200101,20241108,Fideos nicolini tallarin,3.4,6.45,Agro-industriales,PAQUETE,KILOGRAMO
20250218,PIURA,PIURA,PIURA,200101,20241108,Manzana delicia,3.45,6.35,Frutas,KILOGRAMO,KILOGRAMO
20250218,PIURA,PIURA,PIURA,200101,20241108,Azucar rubia nacional (granel),3.04,4.65,Agro-industriales,SACO NORMAL,KILOGRAMO
20250218,PIURA,PIURA,PIURA,200101,20241108,Zanahoria,1.88,4.3,Hortalizas,SACO MEDIANO,KILOGRAMO
20250218,PIURA,PIURA,PIURA,200101,20241108,Melocoton durazno huayco,5.28,9.45,Frutas,KILOGRAMO,KILOGRAMO
20250218,PIURA,PIURA,PIURA,200101,20241108,Arveja verde blanca serrana,3.3,5.9,Legumbres,MALLA MEDIANA,KILOGRAMO
20250218,PIURA,PIURA,PIURA,200101,20241108,Uva italia,5.42,10.25,Frutas,KILOGRAMO,KILOGRAMO
20250218,PIURA,PIURA,PIURA,200101,20241108,Papa canchan,1.98,2.7,Tuberculos,SACO GRANDE,KILOGRAMO
20250218,PIURA,PIURA,PIURA,200101,20241108,Ajo criollo o napuri,11.2,15,Hortalizas,MALLA MEDIANA,KILOGRAMO
20250218,PIURA,PIURA,PIURA,200101,20241108,Papa amarilla,3.19,5.35,Tuberculos,SACO GRANDE,KILOGRAMO
20250218,PIURA,PIURA,PIURA,200101,20241108,Aceite clasico botella 900 ml,9.81,11.11,Agro-industriales,CAJA CHICA,LITRO
20250218,PIURA,PIURA,PIURA,200101,20241108,Cebolla cabeza roja,1.85,3,Hortalizas,SACO,KILOGRAMO
20250218,PIURA,PIURA,PIURA,200101,20241108,Camote morado,1.95,2.8,Tuberculos,SACO GRANDE,KILOGRAMO
20250218,PIURA,PIURA,PIURA,200101,20241108,Platano bellaco,1.26,3.65,Frutas,LITRO,LITRO
20250218,PIURA,PIURA,PIURA,200101,20241108,Carne de porcino (corte unico),13.65,18.9,Carnes y huevos,UNIDAD,KILOGRAMO
20250218,PIURA,PIURA,PIURA,200101,20241108,Leche fresca,10,12.95,Agro-industriales,LITRO,LITRO
20250218,PIURA,PIURA,PIURA,200101,20241108,Aji escabeche,1.53,3.25,Hortalizas,KILOGRAMO,MALLA
20250218,PIURA,PIURA,PIURA,200101,20241108,Carne de pollo (eviscerado),9.1,9.95,Carnes y huevos,KILOGRAMO,KILOGRAMO
20250218,PIURA,PIURA,PIURA,200101,20241108,Aji rocoto,2.15,4.4,Hortalizas,KILOGRAMO,KILOGRAMO
20250218,PIURA,PIURA,PIURA,200101,20241108,Uva alfonso lavalett,4.63,7.5,Frutas,KILOGRAMO,KILOGRAMO
20250218,PIURA,PIURA,PIURA,200101,20241108,Carne fresca de vacuno,17.8,21.75,Carnes y huevos,KILOGRAMO,KILOGRAMO
20250218,PIURA,PIURA,PIURA,200101,20241108,Tomate,3.57,4,Hortalizas,KILOGRAMO,KILOGRAMO
20250218,PIURA,PIURA,PIURA,200101,20241108,Sandia,2.05,2.35,Frutas,KILOGRAMO,KILOGRAMO
20250218,PIURA,PIURA,PIURA,200101,20241108,Frijol canario,6.81,9.5,Menestras,KILOGRAMO,KILOGRAMO
20250218,PIURA,PIURA,PIURA,200101,20241104,Vainita americana,2.41,5.7,Legumbres,KILOGRAMO,KILOGRAMO
20250218,PIURA,PIURA,PIURA,200101,20241104,Lenteja,6.27,9.05,Menestras,KILOGRAMO,KILOGRAMO
20250218,PIURA,PIURA,PIURA,200101,20241104,Uva red globe,4.67,6.75,Frutas,KILOGRAMO,KILOGRAMO
20250218,PIURA,PIURA,PIURA,200101,20241104,Huevos rosados,6.6,10.35,Carnes y huevos,KILOGRAMO,KILOGRAMO
20250218,PIURA,PIURA,PIURA,200101,20241104,Naranja valencia,1.82,2.45,Frutas,KILOGRAMO,KILOGRAMO
20250218,PIURA,PIURA,PIURA,200101,20241104,Limon sutil bolsa,3.21,4.25,Frutas,KILOGRAMO,KILOGRAMO
20250218,PIURA,PIURA,PIURA,200101,20241104,Platano seda congo,1.48,4.05,Frutas,KILOGRAMO,KILOGRAMO
20250218,PIURA,PIURA,PIURA,200101,20241104,Melon coquito,2.63,3.1,Frutas,KILOGRAMO,KILOGRAMO
20250218,PIURA,PIURA,PIURA,200101,20241104,Arroz extra,2.98,4.36,Cereales,SACO NORMAL,KILOGRAMO
20250218,PIURA,PIURA,PIURA,200101,20241104,Pallar,8.45,10.3,Menestras,KILOGRAMO,KILOGRAMO
20250218,PIURA,PIURA,PIURA,200101,20241104,Pina criolla,2.05,2.35,Frutas,KILOGRAMO,KILOGRAMO
20250218,PIURA,PIURA,PIURA,200101,20241104,Zapallo macre,2.05,3.2,Hortalizas,KILOGRAMO,KILOGRAMO
20250218,PIURA,PIURA,PIURA,200101,20241104,Olluco largo,2.75,3.95,Tuberculos,KILOGRAMO,KILOGRAMO
20250218,PIURA,PIURA,PIURA,200101,20241104,Yuca blanca,2.02,4.35,Tuberculos,KILOGRAMO,KILOGRAMO
20250218,PIURA,PIURA,PIURA,200101,20241104,Palta fuerte,7.35,8.85,Frutas,KILOGRAMO,KILOGRAMO
20250218,PIURA,PIURA,PIURA,200101,20241104,Choclo (tipo cusco),4,7.45,Cereales,CIENTO,UNIDAD
20250218,PIURA,PIURA,PIURA,200101,20241104,Mango edward,4.3,8.2,Frutas,KILOGRAMO,KILOGRAMO
20250218,PIURA,PIURA,PIURA,200101,20241104,Azucar blanca nacional (granel),3.22,5.35,Agro-industriales,SACO NORMAL,KILOGRAMO
20250218,PIURA,PIURA,PIURA,200101,20241104,Papaya,1.45,1.75,Frutas,KILOGRAMO,KILOGRAMO
20250218,PIURA,PIURA,PIURA,200101,20241104,Leche evaporada (azul) 400 g,3.18,3.65,Agro-industriales,CAJA,LATA
20250218,PIURA,PIURA,PIURA,200101,20241104,Manzana israel,3.25,4.6,Frutas,KILOGRAMO,KILOGRAMO
20250218,PIURA,PIURA,PIURA,200101,20241104,Chirimoya cumbe,3.7,10.75,Frutas,CAJON CHICO,KILOGRAMO
20250218,PIURA,PIURA,PIURA,200101,20241104,Arroz superior,2.82,3.75,Cereales,SACO NORMAL,KILOGRAMO
20250218,PIURA,PIURA,PIURA,200101,20241104,Fideos nicolini tallarin,3.4,6.45,Agro-industriales,PAQUETE,KILOGRAMO
20250218,PIURA,PIURA,PIURA,200101,20241104,Manzana delicia,3.35,6.35,Frutas,KILOGRAMO,KILOGRAMO
20250218,PIURA,PIURA,PIURA,200101,20241104,Azucar rubia nacional (granel),3.03,4.85,Agro-industriales,SACO NORMAL,KILOGRAMO
20250218,PIURA,PIURA,PIURA,200101,20241104,Zanahoria,1.87,4.35,Hortalizas,SACO MEDIANO,KILOGRAMO
20250218,PIURA,PIURA,PIURA,200101,20241104,Melocoton durazno huayco,5.28,9.4,Frutas,KILOGRAMO,KILOGRAMO
20250218,PIURA,PIURA,PIURA,200101,20241104,Arveja verde blanca serrana,3.28,5.9,Legumbres,MALLA MEDIANA,KILOGRAMO
20250218,PIURA,PIURA,PIURA,200101,20241104,Uva italia,5.54,10.25,Frutas,KILOGRAMO,KILOGRAMO
20250218,PIURA,PIURA,PIURA,200101,20241104,Papa canchan,1.97,2.7,Tuberculos,SACO GRANDE,KILOGRAMO
20250218,PIURA,PIURA,PIURA,200101,20241104,Ajo criollo o napuri,11.4,14.5,Hortalizas,MALLA MEDIANA,KILOGRAMO
20250218,PIURA,PIURA,PIURA,200101,20241104,Papa amarilla,3.22,5.35,Tuberculos,SACO GRANDE,KILOGRAMO
20250218,PIURA,PIURA,PIURA,200101,20241104,Aceite clasico botella 900 ml,9.77,11.11,Agro-industriales,CAJA CHICA,LITRO
20250218,PIURA,PIURA,PIURA,200101,20241104,Cebolla cabeza roja,1.85,3,Hortalizas,SACO,KILOGRAMO
20250218,PIURA,PIURA,PIURA,200101,20241104,Camote morado,1.98,2.85,Tuberculos,SACO GRANDE,KILOGRAMO
20250218,PIURA,PIURA,PIURA,200101,20241104,Platano bellaco,1.29,3.65,Frutas,LITRO,LITRO
20250218,PIURA,PIURA,PIURA,200101,20241104,Carne de porcino (corte unico),13.65,18.9,Carnes y huevos,UNIDAD,KILOGRAMO
20250218,PIURA,PIURA,PIURA,200101,20241104,Leche fresca,9.9,13,Agro-industriales,LITRO,LITRO
20250218,PIURA,PIURA,PIURA,200101,20241104,Aji escabeche,1.56,3.53,Hortalizas,KILOGRAMO,MALLA
20250218,PIURA,PIURA,PIURA,200101,20241104,Carne de pollo (eviscerado),9.1,9.95,Carnes y huevos,KILOGRAMO,KILOGRAMO
20250218,PIURA,PIURA,PIURA,200101,20241104,Aji rocoto,2.15,4.4,Hortalizas,KILOGRAMO,KILOGRAMO
20250218,PIURA,PIURA,PIURA,200101,20241104,Uva alfonso lavalett,4.54,7.5,Frutas,KILOGRAMO,KILOGRAMO
20250218,PIURA,PIURA,PIURA,200101,20241104,Carne fresca de vacuno,17.98,21.75,Carnes y huevos,KILOGRAMO,KILOGRAMO
20250218,PIURA,PIURA,PIURA,200101,20241104,Tomate,3.57,4,Hortalizas,KILOGRAMO,KILOGRAMO
20250218,PIURA,PIURA,PIURA,200101,20241104,Sandia,2.05,2.3,Frutas,KILOGRAMO,KILOGRAMO
20250218,PIURA,PIURA,PIURA,200101,20241104,Frijol canario,6.85,9.5,Menestras,KILOGRAMO,KILOGRAMO
20250218,PIURA,PIURA,PIURA,200101,20241104,Garbanzo,6.06,9.05,Menestras,KILOGRAMO,KILOGRAMO
20250218,PIURA,PIURA,PIURA,200101,20241104,Frijol castilla,4.54,7.1,Menestras,KILOGRAMO,KILOGRAMO
20250218,PIURA,PIURA,PIURA,200101,20241104,Haba verde serrana,2.69,6.2,Legumbres,KILOGRAMO,KILOGRAMO
20250218,PIURA,PIURA,PIURA,200101,20241016,Melon coquito,2.58,3.1,Frutas,KILOGRAMO,KILOGRAMO
20250218,PIURA,PIURA,PIURA,200101,20241016,Arroz extra,2.82,4.36,Cereales,SACO NORMAL,KILOGRAMO
20250218,PIURA,PIURA,PIURA,200101,20241016,Pallar,8.55,10.5,Menestras,KILOGRAMO,KILOGRAMO
20250218,PIURA,PIURA,PIURA,200101,20241016,Pina criolla,2.05,2.35,Frutas,KILOGRAMO,KILOGRAMO
20250218,PIURA,PIURA,PIURA,200101,20241016,Zapallo macre,2,3.2,Hortalizas,KILOGRAMO,KILOGRAMO
20250218,PIURA,PIURA,PIURA,200101,20241016,Olluco largo,2.75,4.05,Tuberculos,KILOGRAMO,KILOGRAMO
20250218,PIURA,PIURA,PIURA,200101,20241016,Yuca blanca,2.02,4.37,Tuberculos,KILOGRAMO,KILOGRAMO
20250218,PIURA,PIURA,PIURA,200101,20241016,Palta fuerte,7.5,8.85,Frutas,KILOGRAMO,KILOGRAMO
20250218,PIURA,PIURA,PIURA,200101,20241016,Choclo (tipo cusco),4,7.4,Cereales,CIENTO,UNIDAD
20250218,PIURA,PIURA,PIURA,200101,20241016,Mango edward,5.13,8.2,Frutas,KILOGRAMO,KILOGRAMO
20250218,PIURA,PIURA,PIURA,200101,20241016,Azucar blanca nacional (granel),3.21,5.1,Agro-industriales,SACO NORMAL,KILOGRAMO
20250218,PIURA,PIURA,PIURA,200101,20241016,Papaya,1.35,1.7,Frutas,KILOGRAMO,KILOGRAMO
20250218,PIURA,PIURA,PIURA,200101,20241016,Leche evaporada (azul) 400 g,3.18,3.65,Agro-industriales,CAJA,LATA
20250218,PIURA,PIURA,PIURA,200101,20241016,Manzana israel,3.33,4.6,Frutas,KILOGRAMO,KILOGRAMO
20250218,PIURA,PIURA,PIURA,200101,20241016,Chirimoya cumbe,3.85,10.75,Frutas,CAJON CHICO,KILOGRAMO
20250218,PIURA,PIURA,PIURA,200101,20241016,Arroz superior,2.69,3.65,Cereales,SACO NORMAL,KILOGRAMO
20250218,PIURA,PIURA,PIURA,200101,20241016,Fideos nicolini tallarin,3.2,6.35,Agro-industriales,PAQUETE,KILOGRAMO
20250218,PIURA,PIURA,PIURA,200101,20241016,Manzana delicia,3.58,6.4,Frutas,KILOGRAMO,KILOGRAMO
20250218,PIURA,PIURA,PIURA,200101,20241016,Azucar rubia nacional (granel),3.09,4.85,Agro-industriales,SACO NORMAL,KILOGRAMO
20250218,PIURA,PIURA,PIURA,200101,20241016,Zanahoria,1.89,4.35,Hortalizas,SACO MEDIANO,KILOGRAMO
20250218,PIURA,PIURA,PIURA,200101,20241016,Melocoton durazno huayco,5.18,9.35,Frutas,KILOGRAMO,KILOGRAMO
20250218,PIURA,PIURA,PIURA,200101,20241016,Arveja verde blanca serrana,3.28,6.25,Legumbres,MALLA MEDIANA,KILOGRAMO
20250218,PIURA,PIURA,PIURA,200101,20241016,Uva italia,5.71,10.35,Frutas,KILOGRAMO,KILOGRAMO
20250218,PIURA,PIURA,PIURA,200101,20241016,Papa canchan,1.97,2.75,Tuberculos,SACO GRANDE,KILOGRAMO
20250218,PIURA,PIURA,PIURA,200101,20241016,Ajo criollo o napuri,13.87,18.25,Hortalizas,MALLA MEDIANA,KILOGRAMO
20250218,PIURA,PIURA,PIURA,200101,20241016,Papa amarilla,3.21,5.35,Tuberculos,SACO GRANDE,KILOGRAMO
20250218,PIURA,PIURA,PIURA,200101,20241016,Aceite clasico botella 900 ml,9.77,11,Agro-industriales,CAJA CHICA,LITRO
20250218,PIURA,PIURA,PIURA,200101,20241016,Cebolla cabeza roja,1.99,3.25,Hortalizas,SACO,KILOGRAMO
20250218,PIURA,PIURA,PIURA,200101,20241016,Camote morado,2.03,2.95,Tuberculos,SACO GRANDE,KILOGRAMO
20250218,PIURA,PIURA,PIURA,200101,20241016,Platano bellaco,1.33,3.55,Frutas,LITRO,LITRO
20250218,PIURA,PIURA,PIURA,200101,20241016,Carne de porcino (corte unico),14.1,18.85,Carnes y huevos,UNIDAD,KILOGRAMO
20250218,PIURA,PIURA,PIURA,200101,20241016,Leche fresca,9.7,13,Agro-industriales,LITRO,LITRO
20250218,PIURA,PIURA,PIURA,200101,20241016,Carne de pollo (eviscerado),9.05,9.95,Carnes y huevos,KILOGRAMO,KILOGRAMO
20250218,PIURA,PIURA,PIURA,200101,20241016,Aji rocoto,2.15,4.42,Hortalizas,KILOGRAMO,KILOGRAMO
20250218,PIURA,PIURA,PIURA,200101,20241016,Uva alfonso lavalett,4.46,7.5,Frutas,KILOGRAMO,KILOGRAMO
20250218,PIURA,PIURA,PIURA,200101,20241016,Aji escabeche,1.58,3.53,Hortalizas,KILOGRAMO,MALLA
20250218,PIURA,PIURA,PIURA,200101,20241016,Carne fresca de vacuno,17.98,22.75,Carnes y huevos,KILOGRAMO,KILOGRAMO
20250218,PIURA,PIURA,PIURA,200101,20241016,Tomate,3.64,4.2,Hortalizas,KILOGRAMO,KILOGRAMO
20250218,PIURA,PIURA,PIURA,200101,20241016,Sandia,2.05,2.3,Frutas,KILOGRAMO,KILOGRAMO
20250218,PIURA,PIURA,PIURA,200101,20241016,Frijol canario,7.04,9.5,Menestras,KILOGRAMO,KILOGRAMO
20250218,PIURA,PIURA,PIURA,200101,20241016,Garbanzo,6.07,9,Menestras,KILOGRAMO,KILOGRAMO
20250218,PIURA,PIURA,PIURA,200101,20241016,Frijol castilla,4.6,7.35,Menestras,KILOGRAMO,KILOGRAMO
20250218,PIURA,PIURA,PIURA,200101,20241016,Haba verde serrana,2.69,6.19,Legumbres,KILOGRAMO,KILOGRAMO
20250218,PIURA,PIURA,PIURA,200101,20241016,Lenteja,6.35,9.05,Menestras,KILOGRAMO,KILOGRAMO
20250218,PIURA,PIURA,PIURA,200101,20241016,Uva red globe,4.71,6.75,Frutas,KILOGRAMO,KILOGRAMO
20250218,PIURA,PIURA,PIURA,200101,20241016,Huevos rosados,6.67,10.35,Carnes y huevos,KILOGRAMO,KILOGRAMO
20250218,PIURA,PIURA,PIURA,200101,20241016,Naranja valencia,1.68,2.45,Frutas,KILOGRAMO,KILOGRAMO
20250218,PIURA,PIURA,PIURA,200101,20241016,Limon sutil bolsa,3.01,3.9,Frutas,KILOGRAMO,KILOGRAMO
20250218,PIURA,PIURA,PIURA,200101,20241016,Platano seda congo,1.43,4.05,Frutas,KILOGRAMO,KILOGRAMO
20250218,PIURA,PIURA,PIURA,200101,20241016,Vainita americana,2.46,6.1,Legumbres,KILOGRAMO,KILOGRAMO
20250218,PIURA,PIURA,PIURA,200101,20241014,Choclo (tipo cusco),4,7.4,Cereales,CIENTO,UNIDAD
20250218,PIURA,PIURA,PIURA,200101,20241014,Mango edward,5.13,8.2,Frutas,KILOGRAMO,KILOGRAMO
20250218,PIURA,PIURA,PIURA,200101,20241014,Azucar blanca nacional (granel),3.2,5.35,Agro-industriales,SACO NORMAL,KILOGRAMO
20250218,PIURA,PIURA,PIURA,200101,20241014,Papaya,1.35,1.7,Frutas,KILOGRAMO,KILOGRAMO
20250218,PIURA,PIURA,PIURA,200101,20241014,Leche evaporada (azul) 400 g,3.18,3.65,Agro-industriales,CAJA,LATA
20250218,PIURA,PIURA,PIURA,200101,20241014,Manzana israel,3.38,4.6,Frutas,KILOGRAMO,KILOGRAMO
20250218,PIURA,PIURA,PIURA,200101,20241014,Chirimoya cumbe,3.85,10.75,Frutas,CAJON CHICO,KILOGRAMO
20250218,PIURA,PIURA,PIURA,200101,20241014,Arroz superior,2.69,3.65,Cereales,SACO NORMAL,KILOGRAMO
20250218,PIURA,PIURA,PIURA,200101,20241014,Fideos nicolini tallarin,3.2,6.35,Agro-industriales,PAQUETE,KILOGRAMO
20250218,PIURA,PIURA,PIURA,200101,20241014,Manzana delicia,3.63,6.25,Frutas,KILOGRAMO,KILOGRAMO
20250218,PIURA,PIURA,PIURA,200101,20241014,Azucar rubia nacional (granel),3.08,5.15,Agro-industriales,SACO NORMAL,KILOGRAMO
20250218,PIURA,PIURA,PIURA,200101,20241014,Zanahoria,1.88,4.35,Hortalizas,SACO MEDIANO,KILOGRAMO
20250218,PIURA,PIURA,PIURA,200101,20241014,Melocoton durazno huayco,5.05,9.6,Frutas,KILOGRAMO,KILOGRAMO
20250218,PIURA,PIURA,PIURA,200101,20241014,Arveja verde blanca serrana,3.28,6.25,Legumbres,MALLA MEDIANA,KILOGRAMO
20250218,PIURA,PIURA,PIURA,200101,20241014,Uva italia,5.71,10.35,Frutas,KILOGRAMO,KILOGRAMO
20250218,PIURA,PIURA,PIURA,200101,20241014,Papa canchan,1.97,2.7,Tuberculos,SACO GRANDE,KILOGRAMO
20250218,PIURA,PIURA,PIURA,200101,20241014,Ajo criollo o napuri,13.85,18.75,Hortalizas,MALLA MEDIANA,KILOGRAMO
20250218,PIURA,PIURA,PIURA,200101,20241014,Papa amarilla,3.21,5.25,Tuberculos,SACO GRANDE,KILOGRAMO
20250218,PIURA,PIURA,PIURA,200101,20241014,Aceite clasico botella 900 ml,9.72,11,Agro-industriales,CAJA CHICA,LITRO
20250218,PIURA,PIURA,PIURA,200101,20241014,Cebolla cabeza roja,1.97,3.45,Hortalizas,SACO,KILOGRAMO
20250218,PIURA,PIURA,PIURA,200101,20241014,Camote morado,1.97,2.95,Tuberculos,SACO GRANDE,KILOGRAMO
20250218,PIURA,PIURA,PIURA,200101,20241014,Platano bellaco,1.29,3.55,Frutas,LITRO,LITRO
20250218,PIURA,PIURA,PIURA,200101,20241014,Carne de porcino (corte unico),14.05,18.85,Carnes y huevos,UNIDAD,KILOGRAMO
20250218,PIURA,PIURA,PIURA,200101,20241014,Leche fresca,9.65,13,Agro-industriales,LITRO,LITRO
20250218,PIURA,PIURA,PIURA,200101,20241014,Carne de pollo (eviscerado),9.05,9.95,Carnes y huevos,KILOGRAMO,KILOGRAMO
20250218,PIURA,PIURA,PIURA,200101,20241014,Aji rocoto,2.15,4.42,Hortalizas,KILOGRAMO,KILOGRAMO
20250218,PIURA,PIURA,PIURA,200101,20241014,Uva alfonso lavalett,4.42,7.5,Frutas,KILOGRAMO,KILOGRAMO
20250218,PIURA,PIURA,PIURA,200101,20241014,Aji escabeche,1.58,3.53,Hortalizas,KILOGRAMO,MALLA
20250218,PIURA,PIURA,PIURA,200101,20241014,Carne fresca de vacuno,17.98,22.75,Carnes y huevos,KILOGRAMO,KILOGRAMO
20250218,PIURA,PIURA,PIURA,200101,20241014,Tomate,3.64,4.2,Hortalizas,KILOGRAMO,KILOGRAMO
20250218,PIURA,PIURA,PIURA,200101,20241014,Sandia,2.05,2.3,Frutas,KILOGRAMO,KILOGRAMO
20250218,PIURA,PIURA,PIURA,200101,20241014,Frijol canario,6.37,12,Menestras,KILOGRAMO,KILOGRAMO
20250218,PIURA,PIURA,PIURA,200101,20241014,Frijol castilla,4.66,9,Menestras,KILOGRAMO,KILOGRAMO
20250218,PIURA,PIURA,PIURA,200101,20241014,Haba verde serrana,2.71,6.19,Legumbres,KILOGRAMO,KILOGRAMO
20250218,PIURA,PIURA,PIURA,200101,20241014,Garbanzo,6.1,11.8,Menestras,KILOGRAMO,KILOGRAMO
20250218,PIURA,PIURA,PIURA,200101,20241014,Lenteja,6.35,9.75,Menestras,KILOGRAMO,KILOGRAMO
20250218,PIURA,PIURA,PIURA,200101,20241014,Uva red globe,4.67,6.75,Frutas,KILOGRAMO,KILOGRAMO
20250218,PIURA,PIURA,PIURA,200101,20241014,Huevos rosados,6.6,10.35,Carnes y huevos,KILOGRAMO,KILOGRAMO
20250218,PIURA,PIURA,PIURA,200101,20241014,Naranja valencia,1.68,2.45,Frutas,KILOGRAMO,KILOGRAMO
20250218,PIURA,PIURA,PIURA,200101,20241014,Limon sutil bolsa,2.92,4.55,Frutas,KILOGRAMO,KILOGRAMO
20250218,PIURA,PIURA,PIURA,200101,20241014,Platano seda congo,1.43,4,Frutas,KILOGRAMO,KILOGRAMO
20250218,PIURA,PIURA,PIURA,200101,20241014,Vainita americana,2.46,6.05,Legumbres,KILOGRAMO,KILOGRAMO
20250218,PIURA,PIURA,PIURA,200101,20241014,Melon coquito,2.83,3.1,Frutas,KILOGRAMO,KILOGRAMO
20250218,PIURA,PIURA,PIURA,200101,20241014,Arroz extra,2.82,4.36,Cereales,SACO NORMAL,KILOGRAMO
20250218,PIURA,PIURA,PIURA,200101,20241014,Pallar,8.45,10.5,Menestras,KILOGRAMO,KILOGRAMO
20250218,PIURA,PIURA,PIURA,200101,20241014,Pina criolla,2.05,2.35,Frutas,KILOGRAMO,KILOGRAMO
20250218,PIURA,PIURA,PIURA,200101,20241014,Zapallo macre,2,3.2,Hortalizas,KILOGRAMO,KILOGRAMO
20250218,PIURA,PIURA,PIURA,200101,20241014,Olluco largo,2.75,4.05,Tuberculos,KILOGRAMO,KILOGRAMO
20250218,PIURA,PIURA,PIURA,200101,20241014,Yuca blanca,2.02,4.27,Tuberculos,KILOGRAMO,KILOGRAMO
20250218,PIURA,PIURA,PIURA,200101,20241014,Palta fuerte,8,8.85,Frutas,KILOGRAMO,KILOGRAMO
20250218,PIURA,PIURA,PIURA,200101,20241011,Azucar rubia nacional (granel),3.07,5.15,Agro-industriales,SACO NORMAL,KILOGRAMO
20250218,PIURA,PIURA,PIURA,200101,20241011,Zanahoria,1.88,4.35,Hortalizas,SACO MEDIANO,KILOGRAMO
20250218,PIURA,PIURA,PIURA,200101,20241011,Melocoton durazno huayco,5.1,9.6,Frutas,KILOGRAMO,KILOGRAMO
20250218,PIURA,PIURA,PIURA,200101,20241011,Arveja verde blanca serrana,3.25,6.25,Legumbres,MALLA MEDIANA,KILOGRAMO
20250218,PIURA,PIURA,PIURA,200101,20241011,Uva italia,5.71,10.4,Frutas,KILOGRAMO,KILOGRAMO
20250218,PIURA,PIURA,PIURA,200101,20241011,Papa canchan,1.96,2.7,Tuberculos,SACO GRANDE,KILOGRAMO
20250218,PIURA,PIURA,PIURA,200101,20241011,Ajo criollo o napuri,13.69,18.5,Hortalizas,MALLA MEDIANA,KILOGRAMO
20250218,PIURA,PIURA,PIURA,200101,20241011,Papa amarilla,3.22,5.35,Tuberculos,SACO GRANDE,KILOGRAMO
20250218,PIURA,PIURA,PIURA,200101,20241011,Aceite clasico botella 900 ml,9.72,11,Agro-industriales,CAJA CHICA,LITRO
20250218,PIURA,PIURA,PIURA,200101,20241011,Cebolla cabeza roja,1.97,3.3,Hortalizas,SACO,KILOGRAMO
20250218,PIURA,PIURA,PIURA,200101,20241011,Camote morado,1.97,2.95,Tuberculos,SACO GRANDE,KILOGRAMO
20250218,PIURA,PIURA,PIURA,200101,20241011,Platano bellaco,1.28,3.55,Frutas,LITRO,LITRO
20250218,PIURA,PIURA,PIURA,200101,20241011,Carne de porcino (corte unico),14.05,18.85,Carnes y huevos,UNIDAD,KILOGRAMO
20250218,PIURA,PIURA,PIURA,200101,20241011,Leche fresca,8.85,11,Agro-industriales,LITRO,LITRO
20250218,PIURA,PIURA,PIURA,200101,20241011,Carne de pollo (eviscerado),9.05,9.95,Carnes y huevos,KILOGRAMO,KILOGRAMO
20250218,PIURA,PIURA,PIURA,200101,20241011,Aji rocoto,2.15,4.42,Hortalizas,KILOGRAMO,KILOGRAMO
20250218,PIURA,PIURA,PIURA,200101,20241011,Uva alfonso lavalett,4.42,7.5,Frutas,KILOGRAMO,KILOGRAMO
20250218,PIURA,PIURA,PIURA,200101,20241011,Aji escabeche,1.56,3.54,Hortalizas,KILOGRAMO,MALLA
20250218,PIURA,PIURA,PIURA,200101,20241011,Carne fresca de vacuno,18.05,22.75,Carnes y huevos,KILOGRAMO,KILOGRAMO
20250218,PIURA,PIURA,PIURA,200101,20241011,Tomate,4.23,4.65,Hortalizas,KILOGRAMO,KILOGRAMO
20250218,PIURA,PIURA,PIURA,200101,20241011,Sandia,2.05,2.3,Frutas,KILOGRAMO,KILOGRAMO
20250218,PIURA,PIURA,PIURA,200101,20241011,Frijol canario,6.39,12,Menestras,KILOGRAMO,KILOGRAMO
20250218,PIURA,PIURA,PIURA,200101,20241011,Frijol castilla,4.68,8.75,Menestras,KILOGRAMO,KILOGRAMO
20250218,PIURA,PIURA,PIURA,200101,20241011,Haba verde serrana,2.71,6.19,Legumbres,KILOGRAMO,KILOGRAMO
20250218,PIURA,PIURA,PIURA,200101,20241011,Garbanzo,6.12,11.75,Menestras,KILOGRAMO,KILOGRAMO
20250218,PIURA,PIURA,PIURA,200101,20241011,Lenteja,6.35,9.75,Menestras,KILOGRAMO,KILOGRAMO
20250218,PIURA,PIURA,PIURA,200101,20241011,Uva red globe,4.63,6.75,Frutas,KILOGRAMO,KILOGRAMO
20250218,PIURA,PIURA,PIURA,200101,20241011,Huevos rosados,6.6,10.35,Carnes y huevos,KILOGRAMO,KILOGRAMO
20250218,PIURA,PIURA,PIURA,200101,20241011,Naranja valencia,1.68,2.4,Frutas,KILOGRAMO,KILOGRAMO
20250218,PIURA,PIURA,PIURA,200101,20241011,Limon sutil bolsa,3.01,4.25,Frutas,KILOGRAMO,KILOGRAMO
20250218,PIURA,PIURA,PIURA,200101,20241011,Platano seda congo,1.42,4,Frutas,KILOGRAMO,KILOGRAMO
20250218,PIURA,PIURA,PIURA,200101,20241011,Vainita americana,2.46,5.95,Legumbres,KILOGRAMO,KILOGRAMO
20250218,PIURA,PIURA,PIURA,200101,20241011,Melon coquito,2.79,3.1,Frutas,KILOGRAMO,KILOGRAMO
20250218,PIURA,PIURA,PIURA,200101,20241011,Arroz extra,2.82,4.36,Cereales,SACO NORMAL,KILOGRAMO
20250218,PIURA,PIURA,PIURA,200101,20241011,Pallar,8.7,10.5,Menestras,KILOGRAMO,KILOGRAMO
20250218,PIURA,PIURA,PIURA,200101,20241011,Mango edward,5.17,7.8,Frutas,KILOGRAMO,KILOGRAMO
20250218,PIURA,PIURA,PIURA,200101,20241011,Pina criolla,2.05,2.35,Frutas,KILOGRAMO,KILOGRAMO
20250218,PIURA,PIURA,PIURA,200101,20241011,Zapallo macre,1.93,3.2,Hortalizas,KILOGRAMO,KILOGRAMO
20250218,PIURA,PIURA,PIURA,200101,20241011,Olluco largo,2.75,4.05,Tuberculos,KILOGRAMO,KILOGRAMO
20250218,PIURA,PIURA,PIURA,200101,20241011,Yuca blanca,2.02,4.3,Tuberculos,KILOGRAMO,KILOGRAMO
20250218,PIURA,PIURA,PIURA,200101,20241011,Palta fuerte,8.05,8.85,Frutas,KILOGRAMO,KILOGRAMO
20250218,PIURA,PIURA,PIURA,200101,20241011,Choclo (tipo cusco),4.24,7.65,Cereales,CIENTO,UNIDAD
20250218,PIURA,PIURA,PIURA,200101,20241011,Azucar blanca nacional (granel),3.17,5.35,Agro-industriales,SACO NORMAL,KILOGRAMO
20250218,PIURA,PIURA,PIURA,200101,20241011,Papaya,1.35,1.7,Frutas,KILOGRAMO,KILOGRAMO
20250218,PIURA,PIURA,PIURA,200101,20241011,Leche evaporada (azul) 400 g,3.18,3.65,Agro-industriales,CAJA,LATA
20250218,PIURA,PIURA,PIURA,200101,20241011,Manzana israel,3.38,4.6,Frutas,KILOGRAMO,KILOGRAMO
20250218,PIURA,PIURA,PIURA,200101,20241011,Chirimoya cumbe,3.85,10.75,Frutas,CAJON CHICO,KILOGRAMO
20250218,PIURA,PIURA,PIURA,200101,20241011,Arroz superior,2.66,3.65,Cereales,SACO NORMAL,KILOGRAMO
20250218,PIURA,PIURA,PIURA,200101,20241011,Fideos nicolini tallarin,3.2,6.35,Agro-industriales,PAQUETE,KILOGRAMO
20250218,PIURA,PIURA,PIURA,200101,20241011,Manzana delicia,3.7,6.25,Frutas,KILOGRAMO,KILOGRAMO
20250218,PIURA,PIURA,PIURA,200101,20241009,Papa amarilla,3.22,5.35,Tuberculos,SACO GRANDE,KILOGRAMO
20250218,PIURA,PIURA,PIURA,200101,20241009,Aceite clasico botella 900 ml,9.77,11.2,Agro-industriales,CAJA CHICA,LITRO
20250218,PIURA,PIURA,PIURA,200101,20241009,Cebolla cabeza roja,2.16,3.3,Hortalizas,SACO,KILOGRAMO
20250218,PIURA,PIURA,PIURA,200101,20241009,Camote morado,1.97,2.95,Tuberculos,SACO GRANDE,KILOGRAMO
20250218,PIURA,PIURA,PIURA,200101,20241009,Platano bellaco,1.28,3.55,Frutas,LITRO,LITRO
20250218,PIURA,PIURA,PIURA,200101,20241009,Carne de porcino (corte unico),14,20.1,Carnes y huevos,UNIDAD,KILOGRAMO
20250218,PIURA,PIURA,PIURA,200101,20241009,Leche fresca,8.85,11,Agro-industriales,LITRO,LITRO
20250218,PIURA,PIURA,PIURA,200101,20241009,Carne de pollo (eviscerado),9.05,10.65,Carnes y huevos,KILOGRAMO,KILOGRAMO
20250218,PIURA,PIURA,PIURA,200101,20241009,Aji rocoto,2.15,4.42,Hortalizas,KILOGRAMO,KILOGRAMO
20250218,PIURA,PIURA,PIURA,200101,20241009,Uva alfonso lavalett,4.42,7.5,Frutas,KILOGRAMO,KILOGRAMO
20250218,PIURA,PIURA,PIURA,200101,20241009,Aji escabeche,1.53,3.54,Hortalizas,KILOGRAMO,MALLA
20250218,PIURA,PIURA,PIURA,200101,20241009,Carne fresca de vacuno,17.95,22.75,Carnes y huevos,KILOGRAMO,KILOGRAMO
20250218,PIURA,PIURA,PIURA,200101,20241009,Tomate,4.23,4.65,Hortalizas,KILOGRAMO,KILOGRAMO
20250218,PIURA,PIURA,PIURA,200101,20241009,Sandia,2.05,2.3,Frutas,KILOGRAMO,KILOGRAMO
20250218,PIURA,PIURA,PIURA,200101,20241009,Frijol canario,6.44,12,Menestras,KILOGRAMO,KILOGRAMO
20250218,PIURA,PIURA,PIURA,200101,20241009,Frijol castilla,4.68,8.9,Menestras,KILOGRAMO,KILOGRAMO
20250218,PIURA,PIURA,PIURA,200101,20241009,Haba verde serrana,2.75,6.19,Legumbres,KILOGRAMO,KILOGRAMO
20250218,PIURA,PIURA,PIURA,200101,20241009,Garbanzo,6.17,11.75,Menestras,KILOGRAMO,KILOGRAMO
20250218,PIURA,PIURA,PIURA,200101,20241009,Lenteja,6.35,9.8,Menestras,KILOGRAMO,KILOGRAMO
20250218,PIURA,PIURA,PIURA,200101,20241009,Uva red globe,4.63,6.75,Frutas,KILOGRAMO,KILOGRAMO
20250218,PIURA,PIURA,PIURA,200101,20241009,Huevos rosados,6.56,10.35,Carnes y huevos,KILOGRAMO,KILOGRAMO
20250218,PIURA,PIURA,PIURA,200101,20241009,Naranja valencia,1.68,2.4,Frutas,KILOGRAMO,KILOGRAMO
20250218,PIURA,PIURA,PIURA,200101,20241009,Limon sutil bolsa,3.11,4.05,Frutas,KILOGRAMO,KILOGRAMO
20250218,PIURA,PIURA,PIURA,200101,20241009,Platano seda congo,1.42,4,Frutas,KILOGRAMO,KILOGRAMO
20250218,PIURA,PIURA,PIURA,200101,20241009,Vainita americana,2.46,5.95,Legumbres,KILOGRAMO,KILOGRAMO
20250218,PIURA,PIURA,PIURA,200101,20241009,Arroz extra,2.83,4.36,Cereales,SACO NORMAL,KILOGRAMO
20250218,PIURA,PIURA,PIURA,200101,20241009,Pallar,8.7,10.5,Menestras,KILOGRAMO,KILOGRAMO
20250218,PIURA,PIURA,PIURA,200101,20241009,Mango edward,5.37,8,Frutas,KILOGRAMO,KILOGRAMO
20250218,PIURA,PIURA,PIURA,200101,20241009,Pina criolla,2.05,2.35,Frutas,KILOGRAMO,KILOGRAMO
20250218,PIURA,PIURA,PIURA,200101,20241009,Zapallo macre,1.93,3.2,Hortalizas,KILOGRAMO,KILOGRAMO
20250218,PIURA,PIURA,PIURA,200101,20241009,Olluco largo,2.75,4.05,Tuberculos,KILOGRAMO,KILOGRAMO
20250218,PIURA,PIURA,PIURA,200101,20241009,Yuca blanca,2.09,4.3,Tuberculos,KILOGRAMO,KILOGRAMO
20250218,PIURA,PIURA,PIURA,200101,20241009,Palta fuerte,8.25,8.85,Frutas,KILOGRAMO,KILOGRAMO
20250218,PIURA,PIURA,PIURA,200101,20241009,Melon coquito,2.79,3.1,Frutas,KILOGRAMO,KILOGRAMO
20250218,PIURA,PIURA,PIURA,200101,20241009,Azucar rubia nacional (granel),3.14,5.15,Agro-industriales,SACO NORMAL,KILOGRAMO
20250218,PIURA,PIURA,PIURA,200101,20241009,Choclo (tipo cusco),4.24,7.65,Cereales,CIENTO,UNIDAD
20250218,PIURA,PIURA,PIURA,200101,20241009,Azucar blanca nacional (granel),3.21,5.4,Agro-industriales,SACO NORMAL,KILOGRAMO
20250218,PIURA,PIURA,PIURA,200101,20241009,Papaya,1.35,1.7,Frutas,KILOGRAMO,KILOGRAMO
20250218,PIURA,PIURA,PIURA,200101,20241009,Leche evaporada (azul) 400 g,3.18,3.65,Agro-industriales,CAJA,LATA
20250218,PIURA,PIURA,PIURA,200101,20241009,Manzana israel,3.33,4.6,Frutas,KILOGRAMO,KILOGRAMO
20250218,PIURA,PIURA,PIURA,200101,20241009,Chirimoya cumbe,3.85,10.75,Frutas,CAJON CHICO,KILOGRAMO
20250218,PIURA,PIURA,PIURA,200101,20241009,Arroz superior,2.66,3.65,Cereales,SACO NORMAL,KILOGRAMO
20250218,PIURA,PIURA,PIURA,200101,20241009,Fideos nicolini tallarin,3.2,6.35,Agro-industriales,PAQUETE,KILOGRAMO
20250218,PIURA,PIURA,PIURA,200101,20241009,Manzana delicia,3.7,6.25,Frutas,KILOGRAMO,KILOGRAMO
20250218,PIURA,PIURA,PIURA,200101,20241009,Zanahoria,1.88,4.35,Hortalizas,SACO MEDIANO,KILOGRAMO
20250218,PIURA,PIURA,PIURA,200101,20241009,Melocoton durazno huayco,5,8.95,Frutas,KILOGRAMO,KILOGRAMO
20250218,PIURA,PIURA,PIURA,200101,20241009,Arveja verde blanca serrana,3.57,6.25,Legumbres,MALLA MEDIANA,KILOGRAMO
20250218,PIURA,PIURA,PIURA,200101,20241009,Uva italia,5.71,10.4,Frutas,KILOGRAMO,KILOGRAMO
20250218,PIURA,PIURA,PIURA,200101,20241009,Papa canchan,2.07,2.7,Tuberculos,SACO GRANDE,KILOGRAMO
20250218,PIURA,PIURA,PIURA,200101,20241009,Ajo criollo o napuri,13.57,17.75,Hortalizas,MALLA MEDIANA,KILOGRAMO
20250218,PIURA,PIURA,PIURA,200101,20241004,Carne de pollo (eviscerado),9,10.9,Carnes y huevos,KILOGRAMO,KILOGRAMO
20250218,PIURA,PIURA,PIURA,200101,20241004,Aji rocoto,2.15,4.45,Hortalizas,KILOGRAMO,KILOGRAMO
20250218,PIURA,PIURA,PIURA,200101,20241004,Uva alfonso lavalett,4.42,7.5,Frutas,KILOGRAMO,KILOGRAMO
20250218,PIURA,PIURA,PIURA,200101,20241004,Aji escabeche,1.53,3.54,Hortalizas,KILOGRAMO,MALLA
20250218,PIURA,PIURA,PIURA,200101,20241004,Carne fresca de vacuno,17.9,22.75,Carnes y huevos,KILOGRAMO,KILOGRAMO
20250218,PIURA,PIURA,PIURA,200101,20241004,Tomate,4.23,4.65,Hortalizas,KILOGRAMO,KILOGRAMO
20250218,PIURA,PIURA,PIURA,200101,20241004,Sandia,2.05,2.3,Frutas,KILOGRAMO,KILOGRAMO
20250218,PIURA,PIURA,PIURA,200101,20241004,Frijol canario,6.42,12,Menestras,KILOGRAMO,KILOGRAMO
20250218,PIURA,PIURA,PIURA,200101,20241004,Frijol castilla,4.64,8.6,Menestras,KILOGRAMO,KILOGRAMO
20250218,PIURA,PIURA,PIURA,200101,20241004,Haba verde serrana,2.73,6.18,Legumbres,KILOGRAMO,KILOGRAMO
20250218,PIURA,PIURA,PIURA,200101,20241004,Garbanzo,6.17,11.75,Menestras,KILOGRAMO,KILOGRAMO
20250218,PIURA,PIURA,PIURA,200101,20241004,Lenteja,6.35,9.8,Menestras,KILOGRAMO,KILOGRAMO
20250218,PIURA,PIURA,PIURA,200101,20241004,Uva red globe,4.63,6.75,Frutas,KILOGRAMO,KILOGRAMO
20250218,PIURA,PIURA,PIURA,200101,20241004,Huevos rosados,6.54,10.35,Carnes y huevos,KILOGRAMO,KILOGRAMO
20250218,PIURA,PIURA,PIURA,200101,20241004,Naranja valencia,1.68,2.4,Frutas,KILOGRAMO,KILOGRAMO
20250218,PIURA,PIURA,PIURA,200101,20241004,Limon sutil bolsa,3.11,4,Frutas,KILOGRAMO,KILOGRAMO
20250218,PIURA,PIURA,PIURA,200101,20241004,Platano seda congo,1.42,3.95,Frutas,KILOGRAMO,KILOGRAMO
20250218,PIURA,PIURA,PIURA,200101,20241004,Vainita americana,2.46,5.95,Legumbres,KILOGRAMO,KILOGRAMO
20250218,PIURA,PIURA,PIURA,200101,20241004,Arroz extra,2.8,4.35,Cereales,SACO NORMAL,KILOGRAMO
20250218,PIURA,PIURA,PIURA,200101,20241004,Pallar,8.35,10.45,Menestras,KILOGRAMO,KILOGRAMO
20250218,PIURA,PIURA,PIURA,200101,20241004,Mango edward,6.13,8.5,Frutas,KILOGRAMO,KILOGRAMO
20250218,PIURA,PIURA,PIURA,200101,20241004,Pina criolla,2.05,2.35,Frutas,KILOGRAMO,KILOGRAMO
20250218,PIURA,PIURA,PIURA,200101,20241004,Zapallo macre,1.93,3.2,Hortalizas,KILOGRAMO,KILOGRAMO
20250218,PIURA,PIURA,PIURA,200101,20241004,Olluco largo,2.85,4.05,Tuberculos,KILOGRAMO,KILOGRAMO
20250218,PIURA,PIURA,PIURA,200101,20241004,Yuca blanca,2.09,4.3,Tuberculos,KILOGRAMO,KILOGRAMO
20250218,PIURA,PIURA,PIURA,200101,20241004,Palta fuerte,8.15,8.65,Frutas,KILOGRAMO,KILOGRAMO
20250218,PIURA,PIURA,PIURA,200101,20241004,Melon coquito,2.79,3.1,Frutas,KILOGRAMO,KILOGRAMO
20250218,PIURA,PIURA,PIURA,200101,20241004,Azucar rubia nacional (granel),3.15,5.15,Agro-industriales,SACO NORMAL,KILOGRAMO
20250218,PIURA,PIURA,PIURA,200101,20241004,Choclo (tipo cusco),4.24,7.65,Cereales,CIENTO,UNIDAD
20250218,PIURA,PIURA,PIURA,200101,20241004,Azucar blanca nacional (granel),3.23,5.4,Agro-industriales,SACO NORMAL,KILOGRAMO
20250218,PIURA,PIURA,PIURA,200101,20241004,Papaya,1.35,1.7,Frutas,KILOGRAMO,KILOGRAMO
20250218,PIURA,PIURA,PIURA,200101,20241004,Leche evaporada (azul) 400 g,3.18,3.65,Agro-industriales,CAJA,LATA
20250218,PIURA,PIURA,PIURA,200101,20241004,Manzana israel,3.4,4.6,Frutas,KILOGRAMO,KILOGRAMO
20250218,PIURA,PIURA,PIURA,200101,20241004,Chirimoya cumbe,3.85,10.75,Frutas,CAJON CHICO,KILOGRAMO
20250218,PIURA,PIURA,PIURA,200101,20241004,Arroz superior,2.65,3.65,Cereales,SACO NORMAL,KILOGRAMO
20250218,PIURA,PIURA,PIURA,200101,20241004,Fideos nicolini tallarin,3.2,6.35,Agro-industriales,PAQUETE,KILOGRAMO
20250218,PIURA,PIURA,PIURA,200101,20241004,Manzana delicia,3.7,6.25,Frutas,KILOGRAMO,KILOGRAMO
20250218,PIURA,PIURA,PIURA,200101,20241004,Zanahoria,1.88,4.35,Hortalizas,SACO MEDIANO,KILOGRAMO
20250218,PIURA,PIURA,PIURA,200101,20241004,Melocoton durazno huayco,5,8.95,Frutas,KILOGRAMO,KILOGRAMO
20250218,PIURA,PIURA,PIURA,200101,20241004,Arveja verde blanca serrana,3.57,6.25,Legumbres,MALLA MEDIANA,KILOGRAMO
20250218,PIURA,PIURA,PIURA,200101,20241004,Uva italia,5.83,10.4,Frutas,KILOGRAMO,KILOGRAMO
20250218,PIURA,PIURA,PIURA,200101,20241004,Papa canchan,2.07,2.7,Tuberculos,SACO GRANDE,KILOGRAMO
20250218,PIURA,PIURA,PIURA,200101,20241004,Ajo criollo o napuri,13.37,17.75,Hortalizas,MALLA MEDIANA,KILOGRAMO
20250218,PIURA,PIURA,PIURA,200101,20241004,Papa amarilla,3.13,5.35,Tuberculos,SACO GRANDE,KILOGRAMO
20250218,PIURA,PIURA,PIURA,200101,20241004,Aceite clasico botella 900 ml,9.77,11,Agro-industriales,CAJA CHICA,LITRO
20250218,PIURA,PIURA,PIURA,200101,20241004,Cebolla cabeza roja,2.14,3.3,Hortalizas,SACO,KILOGRAMO
20250218,PIURA,PIURA,PIURA,200101,20241004,Camote morado,1.97,2.9,Tuberculos,SACO GRANDE,KILOGRAMO
20250218,PIURA,PIURA,PIURA,200101,20241004,Platano bellaco,1.28,3.55,Frutas,LITRO,LITRO
20250218,PIURA,PIURA,PIURA,200101,20241004,Carne de porcino (corte unico),14.05,20.1,Carnes y huevos,UNIDAD,KILOGRAMO
20250218,PIURA,PIURA,PIURA,200101,20241004,Leche fresca,8.75,11,Agro-industriales,LITRO,LITRO
20250218,PIURA,PIURA,PIURA,200101,20240916,Carne fresca de vacuno,19,23.5,Carnes y huevos,KILOGRAMO,KILOGRAMO
20250218,PIURA,PIURA,PIURA,200101,20240916,Tomate,4.23,4.65,Hortalizas,KILOGRAMO,KILOGRAMO
20250218,PIURA,PIURA,PIURA,200101,20240916,Sandia,2.05,2.3,Frutas,KILOGRAMO,KILOGRAMO
20250218,PIURA,PIURA,PIURA,200101,20240916,Frijol canario,6.4,11.6,Menestras,KILOGRAMO,KILOGRAMO
20250218,PIURA,PIURA,PIURA,200101,20240916,Frijol castilla,4.69,8.55,Menestras,KILOGRAMO,KILOGRAMO
20250218,PIURA,PIURA,PIURA,200101,20240916,Haba verde serrana,2.73,6.2,Legumbres,KILOGRAMO,KILOGRAMO
20250218,PIURA,PIURA,PIURA,200101,20240916,Garbanzo,6.17,12,Menestras,KILOGRAMO,KILOGRAMO
20250218,PIURA,PIURA,PIURA,200101,20240916,Lenteja,6.35,9.9,Menestras,KILOGRAMO,KILOGRAMO
20250218,PIURA,PIURA,PIURA,200101,20240916,Uva red globe,4.83,6.65,Frutas,KILOGRAMO,KILOGRAMO
20250218,PIURA,PIURA,PIURA,200101,20240916,Huevos rosados,6.54,10.35,Carnes y huevos,KILOGRAMO,KILOGRAMO
20250218,PIURA,PIURA,PIURA,200101,20240916,Naranja valencia,1.59,2.1,Frutas,KILOGRAMO,KILOGRAMO
20250218,PIURA,PIURA,PIURA,200101,20240916,Limon sutil bolsa,2.94,4.15,Frutas,KILOGRAMO,KILOGRAMO
20250218,PIURA,PIURA,PIURA,200101,20240916,Platano seda congo,1.5,3.35,Frutas,KILOGRAMO,KILOGRAMO
20250218,PIURA,PIURA,PIURA,200101,20240916,Vainita americana,2.54,6.05,Legumbres,KILOGRAMO,KILOGRAMO
20250218,PIURA,PIURA,PIURA,200101,20240916,Arroz extra,2.75,4.3,Cereales,SACO NORMAL,KILOGRAMO
20250218,PIURA,PIURA,PIURA,200101,20240916,Pallar,8.3,10.45,Menestras,KILOGRAMO,KILOGRAMO
20250218,PIURA,PIURA,PIURA,200101,20240916,Mango edward,5.97,9,Frutas,KILOGRAMO,KILOGRAMO
20250218,PIURA,PIURA,PIURA,200101,20240916,Pina criolla,2.15,2.35,Frutas,KILOGRAMO,KILOGRAMO
20250218,PIURA,PIURA,PIURA,200101,20240916,Zapallo macre,1.93,3.4,Hortalizas,KILOGRAMO,KILOGRAMO
20250218,PIURA,PIURA,PIURA,200101,20240916,Olluco largo,2.7,4.05,Tuberculos,KILOGRAMO,KILOGRAMO
20250218,PIURA,PIURA,PIURA,200101,20240916,Yuca blanca,2.12,4.3,Tuberculos,KILOGRAMO,KILOGRAMO
20250218,PIURA,PIURA,PIURA,200101,20240916,Palta fuerte,8.35,8.5,Frutas,KILOGRAMO,KILOGRAMO
20250218,PIURA,PIURA,PIURA,200101,20240916,Azucar rubia nacional (granel),3.12,4.75,Agro-industriales,SACO NORMAL,KILOGRAMO
20250218,PIURA,PIURA,PIURA,200101,20240916,Choclo (tipo cusco),4.24,8.05,Cereales,CIENTO,UNIDAD
20250218,PIURA,PIURA,PIURA,200101,20240916,Azucar blanca nacional (granel),3.27,5.4,Agro-industriales,SACO NORMAL,KILOGRAMO
20250218,PIURA,PIURA,PIURA,200101,20240916,Papaya,1.3,1.9,Frutas,KILOGRAMO,KILOGRAMO
20250218,PIURA,PIURA,PIURA,200101,20240916,Leche evaporada (azul) 400 g,3.18,3.65,Agro-industriales,CAJA,LATA
20250218,PIURA,PIURA,PIURA,200101,20240916,Manzana israel,3.33,4.6,Frutas,KILOGRAMO,KILOGRAMO
20250218,PIURA,PIURA,PIURA,200101,20240916,Chirimoya cumbe,3.75,10.75,Frutas,CAJON CHICO,KILOGRAMO
20250218,PIURA,PIURA,PIURA,200101,20240916,Arroz superior,2.66,3.55,Cereales,SACO NORMAL,KILOGRAMO
20250218,PIURA,PIURA,PIURA,200101,20240916,Fideos nicolini tallarin,3.2,6.35,Agro-industriales,PAQUETE,KILOGRAMO
20250218,PIURA,PIURA,PIURA,200101,20240916,Manzana delicia,3.58,6.35,Frutas,KILOGRAMO,KILOGRAMO
20250218,PIURA,PIURA,PIURA,200101,20240916,Zanahoria,1.93,4.35,Hortalizas,SACO MEDIANO,KILOGRAMO
20250218,PIURA,PIURA,PIURA,200101,20240916,Melocoton durazno huayco,5.05,8.55,Frutas,KILOGRAMO,KILOGRAMO
20250218,PIURA,PIURA,PIURA,200101,20240916,Arveja verde blanca serrana,3.6,6.1,Legumbres,MALLA MEDIANA,KILOGRAMO
20250218,PIURA,PIURA,PIURA,200101,20240916,Uva italia,5.63,10.1,Frutas,KILOGRAMO,KILOGRAMO
20250218,PIURA,PIURA,PIURA,200101,20240916,Papa canchan,1.96,2.65,Tuberculos,SACO GRANDE,KILOGRAMO
20250218,PIURA,PIURA,PIURA,200101,20240916,Ajo criollo o napuri,13.39,15.5,Hortalizas,MALLA MEDIANA,KILOGRAMO
20250218,PIURA,PIURA,PIURA,200101,20240916,Papa amarilla,3.17,5.35,Tuberculos,SACO GRANDE,KILOGRAMO
20250218,PIURA,PIURA,PIURA,200101,20240916,Aceite clasico botella 900 ml,9.63,12.44,Agro-industriales,CAJA CHICA,LITRO
20250218,PIURA,PIURA,PIURA,200101,20240916,Cebolla cabeza roja,2.07,3.9,Hortalizas,SACO,KILOGRAMO
20250218,PIURA,PIURA,PIURA,200101,20240916,Camote morado,1.79,2.9,Tuberculos,SACO GRANDE,KILOGRAMO
20250218,PIURA,PIURA,PIURA,200101,20240916,Platano bellaco,1.28,3.15,Frutas,LITRO,LITRO
20250218,PIURA,PIURA,PIURA,200101,20240916,Carne de porcino (corte unico),14,20.1,Carnes y huevos,UNIDAD,KILOGRAMO
20250218,PIURA,PIURA,PIURA,200101,20240916,Leche fresca,9,11,Agro-industriales,LITRO,LITRO
20250218,PIURA,PIURA,PIURA,200101,20240916,Carne de pollo (eviscerado),9.1,10.9,Carnes y huevos,KILOGRAMO,KILOGRAMO
20250218,PIURA,PIURA,PIURA,200101,20240916,Aji rocoto,2.75,4.5,Hortalizas,KILOGRAMO,KILOGRAMO
20250218,PIURA,PIURA,PIURA,200101,20240916,Uva alfonso lavalett,4.13,7.55,Frutas,KILOGRAMO,KILOGRAMO
20250218,PIURA,PIURA,PIURA,200101,20240916,Aji escabeche,1.53,3.55,Hortalizas,KILOGRAMO,MALLA
20250218,PIURA,PIURA,PIURA,200101,20240913,Frijol castilla,4.63,8.6,Menestras,KILOGRAMO,KILOGRAMO
20250218,PIURA,PIURA,PIURA,200101,20240913,Haba verde serrana,2.75,6.15,Legumbres,KILOGRAMO,KILOGRAMO
20250218,PIURA,PIURA,PIURA,200101,20240913,Garbanzo,6.17,12,Menestras,KILOGRAMO,KILOGRAMO
20250218,PIURA,PIURA,PIURA,200101,20240913,Lenteja,6.35,9.9,Menestras,KILOGRAMO,KILOGRAMO
20250218,PIURA,PIURA,PIURA,200101,20240913,Uva red globe,4.83,6.35,Frutas,KILOGRAMO,KILOGRAMO
20250218,PIURA,PIURA,PIURA,200101,20240913,Huevos rosados,6.5,10.35,Carnes y huevos,KILOGRAMO,KILOGRAMO
20250218,PIURA,PIURA,PIURA,200101,20240913,Naranja valencia,1.59,2.1,Frutas,KILOGRAMO,KILOGRAMO
20250218,PIURA,PIURA,PIURA,200101,20240913,Limon sutil bolsa,2.91,5.3,Frutas,KILOGRAMO,KILOGRAMO
20250218,PIURA,PIURA,PIURA,200101,20240913,Platano seda congo,1.57,3.35,Frutas,KILOGRAMO,KILOGRAMO
20250218,PIURA,PIURA,PIURA,200101,20240913,Vainita americana,2.54,6.05,Legumbres,KILOGRAMO,KILOGRAMO
20250218,PIURA,PIURA,PIURA,200101,20240913,Arroz extra,2.75,4.3,Cereales,SACO NORMAL,KILOGRAMO
20250218,PIURA,PIURA,PIURA,200101,20240913,Pallar,8.3,10.45,Menestras,KILOGRAMO,KILOGRAMO
20250218,PIURA,PIURA,PIURA,200101,20240913,Mango edward,5.97,8,Frutas,KILOGRAMO,KILOGRAMO
20250218,PIURA,PIURA,PIURA,200101,20240913,Pina criolla,2.15,2.35,Frutas,KILOGRAMO,KILOGRAMO
20250218,PIURA,PIURA,PIURA,200101,20240913,Zapallo macre,1.93,3.4,Hortalizas,KILOGRAMO,KILOGRAMO
20250218,PIURA,PIURA,PIURA,200101,20240913,Olluco largo,2.7,4.05,Tuberculos,KILOGRAMO,KILOGRAMO
20250218,PIURA,PIURA,PIURA,200101,20240913,Yuca blanca,2.12,4.2,Tuberculos,KILOGRAMO,KILOGRAMO
20250218,PIURA,PIURA,PIURA,200101,20240913,Palta fuerte,8.35,8.5,Frutas,KILOGRAMO,KILOGRAMO
20250218,PIURA,PIURA,PIURA,200101,20240913,Azucar rubia nacional (granel),3.14,4.75,Agro-industriales,SACO NORMAL,KILOGRAMO
20250218,PIURA,PIURA,PIURA,200101,20240913,Choclo (tipo cusco),4.24,8.15,Cereales,CIENTO,UNIDAD
20250218,PIURA,PIURA,PIURA,200101,20240913,Azucar blanca nacional (granel),3.27,5.4,Agro-industriales,SACO NORMAL,KILOGRAMO
20250218,PIURA,PIURA,PIURA,200101,20240913,Papaya,1.3,1.9,Frutas,KILOGRAMO,KILOGRAMO
20250218,PIURA,PIURA,PIURA,200101,20240913,Leche evaporada (azul) 400 g,3.18,3.6,Agro-industriales,CAJA,LATA
20250218,PIURA,PIURA,PIURA,200101,20240913,Manzana israel,3.38,4.8,Frutas,KILOGRAMO,KILOGRAMO
20250218,PIURA,PIURA,PIURA,200101,20240913,Chirimoya cumbe,3.7,10.75,Frutas,CAJON CHICO,KILOGRAMO
20250218,PIURA,PIURA,PIURA,200101,20240913,Arroz superior,2.58,3.65,Cereales,SACO NORMAL,KILOGRAMO
20250218,PIURA,PIURA,PIURA,200101,20240913,Fideos nicolini tallarin,3.2,6.35,Agro-industriales,PAQUETE,KILOGRAMO
20250218,PIURA,PIURA,PIURA,200101,20240913,Manzana delicia,3.8,6.35,Frutas,KILOGRAMO,KILOGRAMO
20250218,PIURA,PIURA,PIURA,200101,20240913,Zanahoria,1.98,4.35,Hortalizas,SACO MEDIANO,KILOGRAMO
20250218,PIURA,PIURA,PIURA,200101,20240913,Melocoton durazno huayco,5.05,8.55,Frutas,KILOGRAMO,KILOGRAMO
20250218,PIURA,PIURA,PIURA,200101,20240913,Arveja verde blanca serrana,3.6,6.1,Legumbres,MALLA MEDIANA,KILOGRAMO
20250218,PIURA,PIURA,PIURA,200101,20240913,Uva italia,5.63,10.65,Frutas,KILOGRAMO,KILOGRAMO
20250218,PIURA,PIURA,PIURA,200101,20240913,Papa canchan,1.96,2.65,Tuberculos,SACO GRANDE,KILOGRAMO
20250218,PIURA,PIURA,PIURA,200101,20240913,Ajo criollo o napuri,13.53,15.5,Hortalizas,MALLA MEDIANA,KILOGRAMO
20250218,PIURA,PIURA,PIURA,200101,20240913,Aceite clasico botella 900 ml,9.68,12.44,Agro-industriales,CAJA CHICA,LITRO
20250218,PIURA,PIURA,PIURA,200101,20240913,Cebolla cabeza roja,2.07,3.75,Hortalizas,SACO,KILOGRAMO
20250218,PIURA,PIURA,PIURA,200101,20240913,Camote morado,1.32,2.9,Tuberculos,SACO GRANDE,KILOGRAMO
20250218,PIURA,PIURA,PIURA,200101,20240913,Platano bellaco,1.28,3.15,Frutas,LITRO,LITRO
20250218,PIURA,PIURA,PIURA,200101,20240913,Carne de porcino (corte unico),14.9,20.1,Carnes y huevos,UNIDAD,KILOGRAMO
20250218,PIURA,PIURA,PIURA,200101,20240913,Leche fresca,8.7,11,Agro-industriales,LITRO,LITRO
20250218,PIURA,PIURA,PIURA,200101,20240913,Papa amarilla,3.18,5.2,Tuberculos,SACO GRANDE,KILOGRAMO
20250218,PIURA,PIURA,PIURA,200101,20240913,Carne de pollo (eviscerado),9.9,10.9,Carnes y huevos,KILOGRAMO,KILOGRAMO
20250218,PIURA,PIURA,PIURA,200101,20240913,Aji rocoto,2.85,4.5,Hortalizas,KILOGRAMO,KILOGRAMO
20250218,PIURA,PIURA,PIURA,200101,20240913,Uva alfonso lavalett,4.17,7.95,Frutas,KILOGRAMO,KILOGRAMO
20250218,PIURA,PIURA,PIURA,200101,20240913,Aji escabeche,1.56,3.65,Hortalizas,KILOGRAMO,MALLA
20250218,PIURA,PIURA,PIURA,200101,20240913,Carne fresca de vacuno,18.5,23.5,Carnes y huevos,KILOGRAMO,KILOGRAMO
20250218,PIURA,PIURA,PIURA,200101,20240913,Tomate,4.16,4.95,Hortalizas,KILOGRAMO,KILOGRAMO
20250218,PIURA,PIURA,PIURA,200101,20240913,Sandia,2.05,2.3,Frutas,KILOGRAMO,KILOGRAMO
20250218,PIURA,PIURA,PIURA,200101,20240913,Frijol canario,6.4,11.75,Menestras,KILOGRAMO,KILOGRAMO
20250218,PIURA,PIURA,PIURA,200101,20240911,Lenteja,6.35,9.9,Menestras,KILOGRAMO,KILOGRAMO
20250218,PIURA,PIURA,PIURA,200101,20240911,Uva red globe,4.83,6.35,Frutas,KILOGRAMO,KILOGRAMO
20250218,PIURA,PIURA,PIURA,200101,20240911,Huevos rosados,6.5,10.35,Carnes y huevos,KILOGRAMO,KILOGRAMO
20250218,PIURA,PIURA,PIURA,200101,20240911,Naranja valencia,1.59,2.1,Frutas,KILOGRAMO,KILOGRAMO
20250218,PIURA,PIURA,PIURA,200101,20240911,Limon sutil bolsa,2.91,5.3,Frutas,KILOGRAMO,KILOGRAMO
20250218,PIURA,PIURA,PIURA,200101,20240911,Platano seda congo,1.57,3.35,Frutas,KILOGRAMO,KILOGRAMO
20250218,PIURA,PIURA,PIURA,200101,20240911,Vainita americana,2.54,6.05,Legumbres,KILOGRAMO,KILOGRAMO
20250218,PIURA,PIURA,PIURA,200101,20240911,Arroz extra,2.75,4.3,Cereales,SACO NORMAL,KILOGRAMO
20250218,PIURA,PIURA,PIURA,200101,20240911,Pallar,8.3,10.45,Menestras,KILOGRAMO,KILOGRAMO
20250218,PIURA,PIURA,PIURA,200101,20240911,Mango edward,5.97,8,Frutas,KILOGRAMO,KILOGRAMO
20250218,PIURA,PIURA,PIURA,200101,20240911,Pina criolla,2.15,2.35,Frutas,KILOGRAMO,KILOGRAMO
20250218,PIURA,PIURA,PIURA,200101,20240911,Zapallo macre,1.93,3.4,Hortalizas,KILOGRAMO,KILOGRAMO
20250218,PIURA,PIURA,PIURA,200101,20240911,Olluco largo,2.7,4.05,Tuberculos,KILOGRAMO,KILOGRAMO
20250218,PIURA,PIURA,PIURA,200101,20240911,Yuca blanca,2.12,4.2,Tuberculos,KILOGRAMO,KILOGRAMO
20250218,PIURA,PIURA,PIURA,200101,20240911,Palta fuerte,8.35,8.5,Frutas,KILOGRAMO,KILOGRAMO
20250218,PIURA,PIURA,PIURA,200101,20240911,Azucar rubia nacional (granel),3.14,4.75,Agro-industriales,SACO NORMAL,KILOGRAMO
20250218,PIURA,PIURA,PIURA,200101,20240911,Choclo (tipo cusco),4.24,8.15,Cereales,CIENTO,UNIDAD
20250218,PIURA,PIURA,PIURA,200101,20240911,Azucar blanca nacional (granel),3.27,5.4,Agro-industriales,SACO NORMAL,KILOGRAMO
20250218,PIURA,PIURA,PIURA,200101,20240911,Papaya,1.3,1.9,Frutas,KILOGRAMO,KILOGRAMO
20250218,PIURA,PIURA,PIURA,200101,20240911,Leche evaporada (azul) 400 g,3.18,3.6,Agro-industriales,CAJA,LATA
20250218,PIURA,PIURA,PIURA,200101,20240911,Manzana israel,3.38,4.8,Frutas,KILOGRAMO,KILOGRAMO
20250218,PIURA,PIURA,PIURA,200101,20240911,Chirimoya cumbe,3.7,10.75,Frutas,CAJON CHICO,KILOGRAMO
20250218,PIURA,PIURA,PIURA,200101,20240911,Arroz superior,2.58,3.65,Cereales,SACO NORMAL,KILOGRAMO
20250218,PIURA,PIURA,PIURA,200101,20240911,Fideos nicolini tallarin,3.2,6.35,Agro-industriales,PAQUETE,KILOGRAMO
20250218,PIURA,PIURA,PIURA,200101,20240911,Manzana delicia,3.8,6.35,Frutas,KILOGRAMO,KILOGRAMO
20250218,PIURA,PIURA,PIURA,200101,20240911,Zanahoria,1.98,4.35,Hortalizas,SACO MEDIANO,KILOGRAMO
20250218,PIURA,PIURA,PIURA,200101,20240911,Melocoton durazno huayco,5.05,8.55,Frutas,KILOGRAMO,KILOGRAMO
20250218,PIURA,PIURA,PIURA,200101,20240911,Arveja verde blanca serrana,3.6,6.1,Legumbres,MALLA MEDIANA,KILOGRAMO
20250218,PIURA,PIURA,PIURA,200101,20240911,Uva italia,5.63,10.65,Frutas,KILOGRAMO,KILOGRAMO
20250218,PIURA,PIURA,PIURA,200101,20240911,Papa canchan,1.96,2.65,Tuberculos,SACO GRANDE,KILOGRAMO
20250218,PIURA,PIURA,PIURA,200101,20240911,Ajo criollo o napuri,13.53,15.5,Hortalizas,MALLA MEDIANA,KILOGRAMO
20250218,PIURA,PIURA,PIURA,200101,20240911,Melon coquito,2.67,3.75,Frutas,KILOGRAMO,KILOGRAMO
20250218,PIURA,PIURA,PIURA,200101,20240911,Aceite clasico botella 900 ml,9.68,12.44,Agro-industriales,CAJA CHICA,LITRO
20250218,PIURA,PIURA,PIURA,200101,20240911,Cebolla cabeza roja,2.07,3.75,Hortalizas,SACO,KILOGRAMO
20250218,PIURA,PIURA,PIURA,200101,20240911,Camote morado,1.32,2.9,Tuberculos,SACO GRANDE,KILOGRAMO
20250218,PIURA,PIURA,PIURA,200101,20240911,Platano bellaco,1.28,3.15,Frutas,LITRO,LITRO
20250218,PIURA,PIURA,PIURA,200101,20240911,Carne de porcino (corte unico),14.9,20.1,Carnes y huevos,UNIDAD,KILOGRAMO
20250218,PIURA,PIURA,PIURA,200101,20240911,Leche fresca,8.7,11,Agro-industriales,LITRO,LITRO
20250218,PIURA,PIURA,PIURA,200101,20240911,Papa amarilla,3.18,5.2,Tuberculos,SACO GRANDE,KILOGRAMO
20250218,PIURA,PIURA,PIURA,200101,20240911,Carne de pollo (eviscerado),9.9,10.9,Carnes y huevos,KILOGRAMO,KILOGRAMO
20250218,PIURA,PIURA,PIURA,200101,20240911,Aji rocoto,2.85,4.5,Hortalizas,KILOGRAMO,KILOGRAMO
20250218,PIURA,PIURA,PIURA,200101,20240911,Uva alfonso lavalett,4.17,7.95,Frutas,KILOGRAMO,KILOGRAMO
20250218,PIURA,PIURA,PIURA,200101,20240911,Aji escabeche,1.56,3.65,Hortalizas,KILOGRAMO,MALLA
20250218,PIURA,PIURA,PIURA,200101,20240911,Tomate,4.16,4.95,Hortalizas,KILOGRAMO,KILOGRAMO
20250218,PIURA,PIURA,PIURA,200101,20240911,Frijol castilla,4.63,8.6,Menestras,KILOGRAMO,KILOGRAMO
20250218,PIURA,PIURA,PIURA,200101,20240911,Sandia,2.05,2.3,Frutas,KILOGRAMO,KILOGRAMO
20250218,PIURA,PIURA,PIURA,200101,20240911,Frijol canario,6.4,11.75,Menestras,KILOGRAMO,KILOGRAMO
20250218,PIURA,PIURA,PIURA,200101,20240911,Carne fresca de vacuno,18.5,23.5,Carnes y huevos,KILOGRAMO,KILOGRAMO
20250218,PIURA,PIURA,PIURA,200101,20240911,Haba verde serrana,2.75,6.15,Legumbres,KILOGRAMO,KILOGRAMO
20250218,PIURA,PIURA,PIURA,200101,20240911,Garbanzo,6.17,12,Menestras,KILOGRAMO,KILOGRAMO
20250218,PIURA,PIURA,PIURA,200101,20240906,Arroz extra,2.79,4.45,Cereales,SACO NORMAL,KILOGRAMO
20250218,PIURA,PIURA,PIURA,200101,20240906,Pallar,8.3,10.45,Menestras,KILOGRAMO,KILOGRAMO
20250218,PIURA,PIURA,PIURA,200101,20240906,Mango edward,5.53,8,Frutas,KILOGRAMO,KILOGRAMO
20250218,PIURA,PIURA,PIURA,200101,20240906,Pina criolla,2.15,3.05,Frutas,KILOGRAMO,KILOGRAMO
20250218,PIURA,PIURA,PIURA,200101,20240906,Zapallo macre,1.92,3.4,Hortalizas,KILOGRAMO,KILOGRAMO
20250218,PIURA,PIURA,PIURA,200101,20240906,Olluco largo,2.95,5.05,Tuberculos,KILOGRAMO,KILOGRAMO
20250218,PIURA,PIURA,PIURA,200101,20240906,Yuca blanca,2.13,4.45,Tuberculos,KILOGRAMO,KILOGRAMO
20250218,PIURA,PIURA,PIURA,200101,20240906,Palta fuerte,8.4,9,Frutas,KILOGRAMO,KILOGRAMO
20250218,PIURA,PIURA,PIURA,200101,20240906,Azucar rubia nacional (granel),3.19,4.75,Agro-industriales,SACO NORMAL,KILOGRAMO
20250218,PIURA,PIURA,PIURA,200101,20240906,Choclo (tipo cusco),4.32,10.2,Cereales,CIENTO,UNIDAD
20250218,PIURA,PIURA,PIURA,200101,20240906,Azucar blanca nacional (granel),3.28,5.4,Agro-industriales,SACO NORMAL,KILOGRAMO
20250218,PIURA,PIURA,PIURA,200101,20240906,Papaya,1.3,1.9,Frutas,KILOGRAMO,KILOGRAMO
20250218,PIURA,PIURA,PIURA,200101,20240906,Leche evaporada (azul) 400 g,3.18,3.65,Agro-industriales,CAJA,LATA
20250218,PIURA,PIURA,PIURA,200101,20240906,Manzana israel,3.4,4.8,Frutas,KILOGRAMO,KILOGRAMO
20250218,PIURA,PIURA,PIURA,200101,20240906,Chirimoya cumbe,3.85,10.75,Frutas,CAJON CHICO,KILOGRAMO
20250218,PIURA,PIURA,PIURA,200101,20240906,Arroz superior,2.61,3.65,Cereales,SACO NORMAL,KILOGRAMO
20250218,PIURA,PIURA,PIURA,200101,20240906,Fideos nicolini tallarin,3.35,6.3,Agro-industriales,PAQUETE,KILOGRAMO
20250218,PIURA,PIURA,PIURA,200101,20240906,Manzana delicia,3.78,6.45,Frutas,KILOGRAMO,KILOGRAMO
20250218,PIURA,PIURA,PIURA,200101,20240906,Zanahoria,2.08,4.45,Hortalizas,SACO MEDIANO,KILOGRAMO
20250218,PIURA,PIURA,PIURA,200101,20240906,Melocoton durazno huayco,5.08,8.9,Frutas,KILOGRAMO,KILOGRAMO
20250218,PIURA,PIURA,PIURA,200101,20240906,Arveja verde blanca serrana,3.53,6.4,Legumbres,MALLA MEDIANA,KILOGRAMO
20250218,PIURA,PIURA,PIURA,200101,20240906,Uva italia,5.88,11.05,Frutas,KILOGRAMO,KILOGRAMO
20250218,PIURA,PIURA,PIURA,200101,20240906,Papa canchan,2.12,3.05,Tuberculos,SACO GRANDE,KILOGRAMO
20250218,PIURA,PIURA,PIURA,200101,20240906,Ajo criollo o napuri,14.09,19.5,Hortalizas,MALLA MEDIANA,KILOGRAMO
20250218,PIURA,PIURA,PIURA,200101,20240906,Melon coquito,2.67,3.75,Frutas,KILOGRAMO,KILOGRAMO
20250218,PIURA,PIURA,PIURA,200101,20240906,Aceite clasico botella 900 ml,9.68,12.44,Agro-industriales,CAJA CHICA,LITRO
20250218,PIURA,PIURA,PIURA,200101,20240906,Cebolla cabeza roja,2.1,3.75,Hortalizas,SACO,KILOGRAMO
20250218,PIURA,PIURA,PIURA,200101,20240906,Camote morado,1.38,3.75,Tuberculos,SACO GRANDE,KILOGRAMO
20250218,PIURA,PIURA,PIURA,200101,20240906,Platano bellaco,1.33,3.4,Frutas,LITRO,LITRO
20250218,PIURA,PIURA,PIURA,200101,20240906,Carne de porcino (corte unico),15.06,18.85,Carnes y huevos,UNIDAD,KILOGRAMO
20250218,PIURA,PIURA,PIURA,200101,20240906,Leche fresca,7.85,9.9,Agro-industriales,LITRO,LITRO
20250218,PIURA,PIURA,PIURA,200101,20240906,Papa amarilla,3.22,5.6,Tuberculos,SACO GRANDE,KILOGRAMO
20250218,PIURA,PIURA,PIURA,200101,20240906,Carne de pollo (eviscerado),9,10.9,Carnes y huevos,KILOGRAMO,KILOGRAMO
20250218,PIURA,PIURA,PIURA,200101,20240906,Aji rocoto,3,4.6,Hortalizas,KILOGRAMO,KILOGRAMO
20250218,PIURA,PIURA,PIURA,200101,20240906,Uva alfonso lavalett,4.46,7.95,Frutas,KILOGRAMO,KILOGRAMO
20250218,PIURA,PIURA,PIURA,200101,20240906,Aji escabeche,2.61,3.65,Hortalizas,KILOGRAMO,MALLA
20250218,PIURA,PIURA,PIURA,200101,20240906,Tomate,4.23,4.9,Hortalizas,KILOGRAMO,KILOGRAMO
20250218,PIURA,PIURA,PIURA,200101,20240906,Frijol castilla,4.63,8.5,Menestras,KILOGRAMO,KILOGRAMO
20250218,PIURA,PIURA,PIURA,200101,20240906,Sandia,2.5,3.45,Frutas,KILOGRAMO,KILOGRAMO
20250218,PIURA,PIURA,PIURA,200101,20240906,Frijol canario,6.47,11.75,Menestras,KILOGRAMO,KILOGRAMO
20250218,PIURA,PIURA,PIURA,200101,20240906,Carne fresca de vacuno,20,22.25,Carnes y huevos,KILOGRAMO,KILOGRAMO
20250218,PIURA,PIURA,PIURA,200101,20240906,Haba verde serrana,2.76,6.05,Legumbres,KILOGRAMO,KILOGRAMO
20250218,PIURA,PIURA,PIURA,200101,20240906,Garbanzo,6.17,12.15,Menestras,KILOGRAMO,KILOGRAMO
20250218,PIURA,PIURA,PIURA,200101,20240906,Lenteja,6.35,9.8,Menestras,KILOGRAMO,KILOGRAMO
20250218,PIURA,PIURA,PIURA,200101,20240906,Uva red globe,4.83,6.35,Frutas,KILOGRAMO,KILOGRAMO
20250218,PIURA,PIURA,PIURA,200101,20240906,Huevos rosados,6.6,10.35,Carnes y huevos,KILOGRAMO,KILOGRAMO
20250218,PIURA,PIURA,PIURA,200101,20240906,Naranja valencia,1.59,1.9,Frutas,KILOGRAMO,KILOGRAMO
20250218,PIURA,PIURA,PIURA,200101,20240906,Limon sutil bolsa,2.79,5,Frutas,KILOGRAMO,KILOGRAMO
20250218,PIURA,PIURA,PIURA,200101,20240906,Platano seda congo,1.71,3.6,Frutas,KILOGRAMO,KILOGRAMO
20250218,PIURA,PIURA,PIURA,200101,20240906,Vainita americana,2.71,6.05,Legumbres,KILOGRAMO,KILOGRAMO
20250218,PIURA,PIURA,PIURA,200101,20240902,Azucar rubia nacional (granel),3.15,4.85,Agro-industriales,SACO NORMAL,KILOGRAMO
20250218,PIURA,PIURA,PIURA,200101,20240902,Choclo (tipo cusco),4.34,10.15,Cereales,CIENTO,UNIDAD
20250218,PIURA,PIURA,PIURA,200101,20240902,Azucar blanca nacional (granel),3.34,5.35,Agro-industriales,SACO NORMAL,KILOGRAMO
20250218,PIURA,PIURA,PIURA,200101,20240902,Papaya,1.3,1.9,Frutas,KILOGRAMO,KILOGRAMO
20250218,PIURA,PIURA,PIURA,200101,20240902,Leche evaporada (azul) 400 g,3.08,3.55,Agro-industriales,CAJA,LATA
20250218,PIURA,PIURA,PIURA,200101,20240902,Manzana israel,3.38,5.05,Frutas,KILOGRAMO,KILOGRAMO
20250218,PIURA,PIURA,PIURA,200101,20240902,Chirimoya cumbe,5,11.5,Frutas,CAJON CHICO,KILOGRAMO
20250218,PIURA,PIURA,PIURA,200101,20240902,Arroz superior,2.62,3.55,Cereales,SACO NORMAL,KILOGRAMO
20250218,PIURA,PIURA,PIURA,200101,20240902,Fideos nicolini tallarin,3.35,6.3,Agro-industriales,PAQUETE,KILOGRAMO
20250218,PIURA,PIURA,PIURA,200101,20240902,Manzana delicia,3.7,6.5,Frutas,KILOGRAMO,KILOGRAMO
20250218,PIURA,PIURA,PIURA,200101,20240902,Zanahoria,2.12,4.45,Hortalizas,SACO MEDIANO,KILOGRAMO
20250218,PIURA,PIURA,PIURA,200101,20240902,Melocoton durazno huayco,5,8.85,Frutas,KILOGRAMO,KILOGRAMO
20250218,PIURA,PIURA,PIURA,200101,20240902,Arveja verde blanca serrana,3.53,6.4,Legumbres,MALLA MEDIANA,KILOGRAMO
20250218,PIURA,PIURA,PIURA,200101,20240902,Uva italia,6.04,9.35,Frutas,KILOGRAMO,KILOGRAMO
20250218,PIURA,PIURA,PIURA,200101,20240902,Papa canchan,2.12,2.95,Tuberculos,SACO GRANDE,KILOGRAMO
20250218,PIURA,PIURA,PIURA,200101,20240902,Ajo criollo o napuri,13.85,19.5,Hortalizas,MALLA MEDIANA,KILOGRAMO
20250218,PIURA,PIURA,PIURA,200101,20240902,Melon coquito,2.5,3.75,Frutas,KILOGRAMO,KILOGRAMO
20250218,PIURA,PIURA,PIURA,200101,20240902,Cebolla cabeza roja,2.05,4.05,Hortalizas,SACO,KILOGRAMO
20250218,PIURA,PIURA,PIURA,200101,20240902,Camote morado,1.4,3.75,Tuberculos,SACO GRANDE,KILOGRAMO
20250218,PIURA,PIURA,PIURA,200101,20240902,Platano bellaco,1.23,3.45,Frutas,LITRO,LITRO
20250218,PIURA,PIURA,PIURA,200101,20240902,Carne de porcino (corte unico),15,19.5,Carnes y huevos,UNIDAD,KILOGRAMO
20250218,PIURA,PIURA,PIURA,200101,20240902,Leche fresca,7.41,8.9,Agro-industriales,LITRO,LITRO
20250218,PIURA,PIURA,PIURA,200101,20240902,Papa amarilla,3.33,5.65,Tuberculos,SACO GRANDE,KILOGRAMO
20250218,PIURA,PIURA,PIURA,200101,20240902,Aceite clasico botella 900 ml,9.77,12.61,Agro-industriales,CAJA CHICA,LITRO
20250218,PIURA,PIURA,PIURA,200101,20240902,Carne de pollo (eviscerado),9.4,10.9,Carnes y huevos,KILOGRAMO,KILOGRAMO
20250218,PIURA,PIURA,PIURA,200101,20240902,Aji rocoto,3.3,4.4,Hortalizas,KILOGRAMO,KILOGRAMO
20250218,PIURA,PIURA,PIURA,200101,20240902,Uva alfonso lavalett,4.46,8.15,Frutas,KILOGRAMO,KILOGRAMO
20250218,PIURA,PIURA,PIURA,200101,20240902,Aji escabeche,2.11,4.8,Hortalizas,KILOGRAMO,MALLA
20250218,PIURA,PIURA,PIURA,200101,20240902,Tomate,4.23,4.95,Hortalizas,KILOGRAMO,KILOGRAMO
20250218,PIURA,PIURA,PIURA,200101,20240902,Frijol castilla,4.53,8.6,Menestras,KILOGRAMO,KILOGRAMO
20250218,PIURA,PIURA,PIURA,200101,20240902,Sandia,2.65,3.45,Frutas,KILOGRAMO,KILOGRAMO
20250218,PIURA,PIURA,PIURA,200101,20240902,Frijol canario,7.44,11.75,Menestras,KILOGRAMO,KILOGRAMO
20250218,PIURA,PIURA,PIURA,200101,20240902,Carne fresca de vacuno,19.5,22.5,Carnes y huevos,KILOGRAMO,KILOGRAMO
20250218,PIURA,PIURA,PIURA,200101,20240902,Haba verde serrana,2.91,7,Legumbres,KILOGRAMO,KILOGRAMO
20250218,PIURA,PIURA,PIURA,200101,20240902,Garbanzo,6.18,12.15,Menestras,KILOGRAMO,KILOGRAMO
20250218,PIURA,PIURA,PIURA,200101,20240902,Lenteja,6.35,9.85,Menestras,KILOGRAMO,KILOGRAMO
20250218,PIURA,PIURA,PIURA,200101,20240902,Uva red globe,4.79,6.35,Frutas,KILOGRAMO,KILOGRAMO
20250218,PIURA,PIURA,PIURA,200101,20240902,Huevos rosados,6.58,9.3,Carnes y huevos,KILOGRAMO,KILOGRAMO
20250218,PIURA,PIURA,PIURA,200101,20240902,Naranja valencia,1.38,2.2,Frutas,KILOGRAMO,KILOGRAMO
20250218,PIURA,PIURA,PIURA,200101,20240902,Limon sutil bolsa,2.71,4.8,Frutas,KILOGRAMO,KILOGRAMO
20250218,PIURA,PIURA,PIURA,200101,20240902,Platano seda congo,1.82,3.55,Frutas,KILOGRAMO,KILOGRAMO
20250218,PIURA,PIURA,PIURA,200101,20240902,Vainita americana,2.62,6,Legumbres,KILOGRAMO,KILOGRAMO
20250218,PIURA,PIURA,PIURA,200101,20240902,Pallar,8.15,10.5,Menestras,KILOGRAMO,KILOGRAMO
20250218,PIURA,PIURA,PIURA,200101,20240902,Mango edward,5.53,8,Frutas,KILOGRAMO,KILOGRAMO
20250218,PIURA,PIURA,PIURA,200101,20240902,Pina criolla,2.15,3.05,Frutas,KILOGRAMO,KILOGRAMO
20250218,PIURA,PIURA,PIURA,200101,20240902,Zapallo macre,1.88,3.4,Hortalizas,KILOGRAMO,KILOGRAMO
20250218,PIURA,PIURA,PIURA,200101,20240902,Olluco largo,3.05,4.9,Tuberculos,KILOGRAMO,KILOGRAMO
20250218,PIURA,PIURA,PIURA,200101,20240902,Yuca blanca,2.18,4.4,Tuberculos,KILOGRAMO,KILOGRAMO
20250218,PIURA,PIURA,PIURA,200101,20240902,Palta fuerte,8.35,8.9,Frutas,KILOGRAMO,KILOGRAMO
20250218,PIURA,PIURA,PIURA,200101,20240902,Arroz extra,2.8,4.45,Cereales,SACO NORMAL,KILOGRAMO
20250218,PIURA,PIURA,PIURA,200101,20240828,Zanahoria,2.12,4.35,Hortalizas,SACO MEDIANO,KILOGRAMO
20250218,PIURA,PIURA,PIURA,200101,20240828,Melocoton durazno huayco,4.83,8.85,Frutas,KILOGRAMO,KILOGRAMO
20250218,PIURA,PIURA,PIURA,200101,20240828,Arveja verde blanca serrana,3.48,6.4,Legumbres,MALLA MEDIANA,KILOGRAMO
20250218,PIURA,PIURA,PIURA,200101,20240828,Uva italia,5.96,11.25,Frutas,KILOGRAMO,KILOGRAMO
20250218,PIURA,PIURA,PIURA,200101,20240828,Papa canchan,2.12,2.95,Tuberculos,SACO GRANDE,KILOGRAMO
20250218,PIURA,PIURA,PIURA,200101,20240828,Ajo criollo o napuri,13.64,21,Hortalizas,MALLA MEDIANA,KILOGRAMO
20250218,PIURA,PIURA,PIURA,200101,20240828,Melon coquito,2.92,3.7,Frutas,KILOGRAMO,KILOGRAMO
20250218,PIURA,PIURA,PIURA,200101,20240828,Cebolla cabeza roja,2.16,4.3,Hortalizas,SACO,KILOGRAMO
20250218,PIURA,PIURA,PIURA,200101,20240828,Camote morado,1.4,3,Tuberculos,SACO GRANDE,KILOGRAMO
20250218,PIURA,PIURA,PIURA,200101,20240828,Platano bellaco,1.23,3.45,Frutas,LITRO,LITRO
20250218,PIURA,PIURA,PIURA,200101,20240828,Carne de porcino (corte unico),15,19.5,Carnes y huevos,UNIDAD,KILOGRAMO
20250218,PIURA,PIURA,PIURA,200101,20240828,Leche fresca,7.45,9.9,Agro-industriales,LITRO,LITRO
20250218,PIURA,PIURA,PIURA,200101,20240828,Papa amarilla,3.25,5.65,Tuberculos,SACO GRANDE,KILOGRAMO
20250218,PIURA,PIURA,PIURA,200101,20240828,Aceite clasico botella 900 ml,9.91,12.61,Agro-industriales,CAJA CHICA,LITRO
20250218,PIURA,PIURA,PIURA,200101,20240828,Carne de pollo (eviscerado),9.6,10.9,Carnes y huevos,KILOGRAMO,KILOGRAMO
20250218,PIURA,PIURA,PIURA,200101,20240828,Aji rocoto,3.3,4.4,Hortalizas,KILOGRAMO,KILOGRAMO
20250218,PIURA,PIURA,PIURA,200101,20240828,Uva alfonso lavalett,4.5,8.15,Frutas,KILOGRAMO,KILOGRAMO
20250218,PIURA,PIURA,PIURA,200101,20240828,Aji escabeche,1.54,5.35,Hortalizas,KILOGRAMO,MALLA
20250218,PIURA,PIURA,PIURA,200101,20240828,Tomate,4.23,4.95,Hortalizas,KILOGRAMO,KILOGRAMO
20250218,PIURA,PIURA,PIURA,200101,20240828,Frijol castilla,4.55,10.85,Menestras,KILOGRAMO,KILOGRAMO
20250218,PIURA,PIURA,PIURA,200101,20240828,Sandia,2.65,3.45,Frutas,KILOGRAMO,KILOGRAMO
20250218,PIURA,PIURA,PIURA,200101,20240828,Frijol canario,6.39,11.6,Menestras,KILOGRAMO,KILOGRAMO
20250218,PIURA,PIURA,PIURA,200101,20240828,Carne fresca de vacuno,17.4,20.5,Carnes y huevos,KILOGRAMO,KILOGRAMO
20250218,PIURA,PIURA,PIURA,200101,20240828,Haba verde serrana,2.88,7.1,Legumbres,KILOGRAMO,KILOGRAMO
20250218,PIURA,PIURA,PIURA,200101,20240828,Garbanzo,6.18,12.15,Menestras,KILOGRAMO,KILOGRAMO
20250218,PIURA,PIURA,PIURA,200101,20240828,Uva red globe,4.79,6.1,Frutas,KILOGRAMO,KILOGRAMO
20250218,PIURA,PIURA,PIURA,200101,20240828,Huevos rosados,6.58,10.35,Carnes y huevos,KILOGRAMO,KILOGRAMO
20250218,PIURA,PIURA,PIURA,200101,20240828,Naranja valencia,1.38,1.9,Frutas,KILOGRAMO,KILOGRAMO
20250218,PIURA,PIURA,PIURA,200101,20240828,Limon sutil bolsa,2.64,5.9,Frutas,KILOGRAMO,KILOGRAMO
20250218,PIURA,PIURA,PIURA,200101,20240828,Platano seda congo,1.82,3.35,Frutas,KILOGRAMO,KILOGRAMO
20250218,PIURA,PIURA,PIURA,200101,20240828,Vainita americana,2.61,6,Legumbres,KILOGRAMO,KILOGRAMO
20250218,PIURA,PIURA,PIURA,200101,20240828,Lenteja,6.35,9.85,Menestras,KILOGRAMO,KILOGRAMO
20250218,PIURA,PIURA,PIURA,200101,20240828,Pallar,8,10.5,Menestras,KILOGRAMO,KILOGRAMO
20250218,PIURA,PIURA,PIURA,200101,20240828,Pina criolla,2.35,3,Frutas,KILOGRAMO,KILOGRAMO
20250218,PIURA,PIURA,PIURA,200101,20240828,Zapallo macre,1.87,3.4,Hortalizas,KILOGRAMO,KILOGRAMO
20250218,PIURA,PIURA,PIURA,200101,20240828,Olluco largo,3.35,5.1,Tuberculos,KILOGRAMO,KILOGRAMO
20250218,PIURA,PIURA,PIURA,200101,20240828,Yuca blanca,2.14,4.4,Tuberculos,KILOGRAMO,KILOGRAMO
20250218,PIURA,PIURA,PIURA,200101,20240828,Palta fuerte,8,8.55,Frutas,KILOGRAMO,KILOGRAMO
20250218,PIURA,PIURA,PIURA,200101,20240828,Arroz extra,2.81,4.45,Cereales,SACO NORMAL,KILOGRAMO
20250218,PIURA,PIURA,PIURA,200101,20240828,Azucar rubia nacional (granel),3.13,5.6,Agro-industriales,SACO NORMAL,KILOGRAMO
20250218,PIURA,PIURA,PIURA,200101,20240828,Choclo (tipo cusco),4.34,10.2,Cereales,CIENTO,UNIDAD
20250218,PIURA,PIURA,PIURA,200101,20240828,Azucar blanca nacional (granel),3.3,6.25,Agro-industriales,SACO NORMAL,KILOGRAMO
20250218,PIURA,PIURA,PIURA,200101,20240828,Papaya,1.3,1.9,Frutas,KILOGRAMO,KILOGRAMO
20250218,PIURA,PIURA,PIURA,200101,20240828,Leche evaporada (azul) 400 g,3.08,3.55,Agro-industriales,CAJA,LATA
20250218,PIURA,PIURA,PIURA,200101,20240828,Manzana israel,3.38,5.05,Frutas,KILOGRAMO,KILOGRAMO
20250218,PIURA,PIURA,PIURA,200101,20240828,Chirimoya cumbe,5,11.5,Frutas,CAJON CHICO,KILOGRAMO
20250218,PIURA,PIURA,PIURA,200101,20240828,Arroz superior,2.62,3.55,Cereales,SACO NORMAL,KILOGRAMO
20250218,PIURA,PIURA,PIURA,200101,20240828,Fideos nicolini tallarin,3.45,6.3,Agro-industriales,PAQUETE,KILOGRAMO
20250218,PIURA,PIURA,PIURA,200101,20240828,Manzana delicia,3.7,6.5,Frutas,KILOGRAMO,KILOGRAMO
20250218,PIURA,PIURA,PIURA,200101,20240823,Cebolla cabeza roja,2.19,4.3,Hortalizas,SACO,KILOGRAMO
20250218,PIURA,PIURA,PIURA,200101,20240823,Camote morado,1.4,3,Tuberculos,SACO GRANDE,KILOGRAMO
20250218,PIURA,PIURA,PIURA,200101,20240823,Platano bellaco,1.23,3.45,Frutas,LITRO,LITRO
20250218,PIURA,PIURA,PIURA,200101,20240823,Carne de porcino (corte unico),15.1,19.5,Carnes y huevos,UNIDAD,KILOGRAMO
20250218,PIURA,PIURA,PIURA,200101,20240823,Leche fresca,7.45,9.35,Agro-industriales,LITRO,LITRO
20250218,PIURA,PIURA,PIURA,200101,20240823,Papa amarilla,3.25,6,Tuberculos,SACO GRANDE,KILOGRAMO
20250218,PIURA,PIURA,PIURA,200101,20240823,Aceite clasico botella 900 ml,9.91,12.61,Agro-industriales,CAJA CHICA,LITRO
20250218,PIURA,PIURA,PIURA,200101,20240823,Carne de pollo (eviscerado),9.6,10.9,Carnes y huevos,KILOGRAMO,KILOGRAMO
20250218,PIURA,PIURA,PIURA,200101,20240823,Aji rocoto,3.65,5.15,Hortalizas,KILOGRAMO,KILOGRAMO
20250218,PIURA,PIURA,PIURA,200101,20240823,Uva alfonso lavalett,4.71,9.05,Frutas,KILOGRAMO,KILOGRAMO
20250218,PIURA,PIURA,PIURA,200101,20240823,Aji escabeche,1.61,5,Hortalizas,KILOGRAMO,MALLA
20250218,PIURA,PIURA,PIURA,200101,20240823,Tomate,4.32,5.15,Hortalizas,KILOGRAMO,KILOGRAMO
20250218,PIURA,PIURA,PIURA,200101,20240823,Frijol castilla,4.55,11,Menestras,KILOGRAMO,KILOGRAMO
20250218,PIURA,PIURA,PIURA,200101,20240823,Sandia,2.65,3.55,Frutas,KILOGRAMO,KILOGRAMO
20250218,PIURA,PIURA,PIURA,200101,20240823,Frijol canario,6.17,11.65,Menestras,KILOGRAMO,KILOGRAMO
20250218,PIURA,PIURA,PIURA,200101,20240823,Carne fresca de vacuno,17.4,21.5,Carnes y huevos,KILOGRAMO,KILOGRAMO
20250218,PIURA,PIURA,PIURA,200101,20240823,Haba verde serrana,2.88,7.2,Legumbres,KILOGRAMO,KILOGRAMO
20250218,PIURA,PIURA,PIURA,200101,20240823,Garbanzo,6.18,12.15,Menestras,KILOGRAMO,KILOGRAMO
20250218,PIURA,PIURA,PIURA,200101,20240823,Uva red globe,4.79,7.2,Frutas,KILOGRAMO,KILOGRAMO
20250218,PIURA,PIURA,PIURA,200101,20240823,Huevos rosados,6.58,10.25,Carnes y huevos,KILOGRAMO,KILOGRAMO
20250218,PIURA,PIURA,PIURA,200101,20240823,Naranja valencia,1.38,1.9,Frutas,KILOGRAMO,KILOGRAMO
20250218,PIURA,PIURA,PIURA,200101,20240823,Limon sutil bolsa,2.58,5.45,Frutas,KILOGRAMO,KILOGRAMO
20250218,PIURA,PIURA,PIURA,200101,20240823,Platano seda congo,1.82,3.35,Frutas,KILOGRAMO,KILOGRAMO
20250218,PIURA,PIURA,PIURA,200101,20240823,Vainita americana,2.61,6,Legumbres,KILOGRAMO,KILOGRAMO
20250218,PIURA,PIURA,PIURA,200101,20240823,Lenteja,6.35,9.85,Menestras,KILOGRAMO,KILOGRAMO
20250218,PIURA,PIURA,PIURA,200101,20240823,Pina criolla,2.35,3.45,Frutas,KILOGRAMO,KILOGRAMO
20250218,PIURA,PIURA,PIURA,200101,20240823,Zapallo macre,1.92,3.4,Hortalizas,KILOGRAMO,KILOGRAMO
20250218,PIURA,PIURA,PIURA,200101,20240823,Olluco largo,3.15,5.05,Tuberculos,KILOGRAMO,KILOGRAMO
20250218,PIURA,PIURA,PIURA,200101,20240823,Yuca blanca,2.13,4.4,Tuberculos,KILOGRAMO,KILOGRAMO
20250218,PIURA,PIURA,PIURA,200101,20240823,Palta fuerte,8,8.35,Frutas,KILOGRAMO,KILOGRAMO
20250218,PIURA,PIURA,PIURA,200101,20240823,Arroz extra,2.89,4.55,Cereales,SACO NORMAL,KILOGRAMO
20250218,PIURA,PIURA,PIURA,200101,20240823,Pallar,8,10.5,Menestras,KILOGRAMO,KILOGRAMO
20250218,PIURA,PIURA,PIURA,200101,20240823,Azucar rubia nacional (granel),3.22,5.6,Agro-industriales,SACO NORMAL,KILOGRAMO
20250218,PIURA,PIURA,PIURA,200101,20240823,Choclo (tipo cusco),4.34,10.25,Cereales,CIENTO,UNIDAD
20250218,PIURA,PIURA,PIURA,200101,20240823,Melocoton durazno huayco,4.58,9.15,Frutas,KILOGRAMO,KILOGRAMO
20250218,PIURA,PIURA,PIURA,200101,20240823,Azucar blanca nacional (granel),3.4,6.7,Agro-industriales,SACO NORMAL,KILOGRAMO
20250218,PIURA,PIURA,PIURA,200101,20240823,Papaya,2.13,3.9,Frutas,KILOGRAMO,KILOGRAMO
20250218,PIURA,PIURA,PIURA,200101,20240823,Leche evaporada (azul) 400 g,3.14,3.55,Agro-industriales,CAJA,LATA
20250218,PIURA,PIURA,PIURA,200101,20240823,Manzana israel,3.38,5.05,Frutas,KILOGRAMO,KILOGRAMO
20250218,PIURA,PIURA,PIURA,200101,20240823,Chirimoya cumbe,4.85,11.5,Frutas,CAJON CHICO,KILOGRAMO
20250218,PIURA,PIURA,PIURA,200101,20240823,Arroz superior,2.73,3.6,Cereales,SACO NORMAL,KILOGRAMO
20250218,PIURA,PIURA,PIURA,200101,20240823,Fideos nicolini tallarin,3.45,6.5,Agro-industriales,PAQUETE,KILOGRAMO
20250218,PIURA,PIURA,PIURA,200101,20240823,Manzana delicia,3.78,6.55,Frutas,KILOGRAMO,KILOGRAMO
20250218,PIURA,PIURA,PIURA,200101,20240823,Zanahoria,2.12,4.35,Hortalizas,SACO MEDIANO,KILOGRAMO
20250218,PIURA,PIURA,PIURA,200101,20240823,Arveja verde blanca serrana,3.48,6.25,Legumbres,MALLA MEDIANA,KILOGRAMO
20250218,PIURA,PIURA,PIURA,200101,20240823,Uva italia,5.79,11.25,Frutas,KILOGRAMO,KILOGRAMO
20250218,PIURA,PIURA,PIURA,200101,20240823,Papa canchan,2.1,2.95,Tuberculos,SACO GRANDE,KILOGRAMO
20250218,PIURA,PIURA,PIURA,200101,20240823,Ajo criollo o napuri,13.87,23.5,Hortalizas,MALLA MEDIANA,KILOGRAMO
20250218,PIURA,PIURA,PIURA,200101,20240823,Melon coquito,3.13,3.65,Frutas,KILOGRAMO,KILOGRAMO
20250218,PIURA,PIURA,PIURA,200101,20240816,Carne de pollo (eviscerado),9.65,10.9,Carnes y huevos,KILOGRAMO,KILOGRAMO
20250218,PIURA,PIURA,PIURA,200101,20240816,Aji rocoto,3.65,5.15,Hortalizas,KILOGRAMO,KILOGRAMO
20250218,PIURA,PIURA,PIURA,200101,20240816,Uva alfonso lavalett,4.75,9,Frutas,KILOGRAMO,KILOGRAMO
20250218,PIURA,PIURA,PIURA,200101,20240816,Aji escabeche,1.64,4.9,Hortalizas,KILOGRAMO,MALLA
20250218,PIURA,PIURA,PIURA,200101,20240816,Tomate,4.25,5.1,Hortalizas,KILOGRAMO,KILOGRAMO
20250218,PIURA,PIURA,PIURA,200101,20240816,Frijol castilla,4.57,10.9,Menestras,KILOGRAMO,KILOGRAMO
20250218,PIURA,PIURA,PIURA,200101,20240816,Sandia,2.55,3.55,Frutas,KILOGRAMO,KILOGRAMO
20250218,PIURA,PIURA,PIURA,200101,20240816,Frijol canario,6.17,11.65,Menestras,KILOGRAMO,KILOGRAMO
20250218,PIURA,PIURA,PIURA,200101,20240816,Carne fresca de vacuno,17.35,21.5,Carnes y huevos,KILOGRAMO,KILOGRAMO
20250218,PIURA,PIURA,PIURA,200101,20240816,Haba verde serrana,2.88,7.35,Legumbres,KILOGRAMO,KILOGRAMO
20250218,PIURA,PIURA,PIURA,200101,20240816,Garbanzo,6.13,12.15,Menestras,KILOGRAMO,KILOGRAMO
20250218,PIURA,PIURA,PIURA,200101,20240816,Uva red globe,4.75,6.95,Frutas,KILOGRAMO,KILOGRAMO
20250218,PIURA,PIURA,PIURA,200101,20240816,Huevos rosados,6.69,10.25,Carnes y huevos,KILOGRAMO,KILOGRAMO
20250218,PIURA,PIURA,PIURA,200101,20240816,Naranja valencia,3.09,6,Frutas,KILOGRAMO,KILOGRAMO
20250218,PIURA,PIURA,PIURA,200101,20240816,Limon sutil bolsa,2.48,5.25,Frutas,KILOGRAMO,KILOGRAMO
20250218,PIURA,PIURA,PIURA,200101,20240816,Platano seda congo,1.79,3.35,Frutas,KILOGRAMO,KILOGRAMO
20250218,PIURA,PIURA,PIURA,200101,20240816,Vainita americana,2.63,5.85,Legumbres,KILOGRAMO,KILOGRAMO
20250218,PIURA,PIURA,PIURA,200101,20240816,Lenteja,6.1,9.85,Menestras,KILOGRAMO,KILOGRAMO
20250218,PIURA,PIURA,PIURA,200101,20240816,Pina criolla,2.35,3.45,Frutas,KILOGRAMO,KILOGRAMO
20250218,PIURA,PIURA,PIURA,200101,20240816,Zapallo macre,1.8,3.4,Hortalizas,KILOGRAMO,KILOGRAMO
20250218,PIURA,PIURA,PIURA,200101,20240816,Olluco largo,3.25,5.05,Tuberculos,KILOGRAMO,KILOGRAMO
20250218,PIURA,PIURA,PIURA,200101,20240816,Yuca blanca,2.17,4.4,Tuberculos,KILOGRAMO,KILOGRAMO
20250218,PIURA,PIURA,PIURA,200101,20240816,Palta fuerte,7.8,8.35,Frutas,KILOGRAMO,KILOGRAMO
20250218,PIURA,PIURA,PIURA,200101,20240816,Arroz extra,2.89,4.4,Cereales,SACO NORMAL,KILOGRAMO
20250218,PIURA,PIURA,PIURA,200101,20240816,Pallar,8,10.5,Menestras,KILOGRAMO,KILOGRAMO
20250218,PIURA,PIURA,PIURA,200101,20240816,Azucar rubia nacional (granel),3.22,5.4,Agro-industriales,SACO NORMAL,KILOGRAMO
20250218,PIURA,PIURA,PIURA,200101,20240816,Choclo (tipo cusco),4.28,10.5,Cereales,CIENTO,UNIDAD
20250218,PIURA,PIURA,PIURA,200101,20240816,Melocoton durazno huayco,4.58,9,Frutas,KILOGRAMO,KILOGRAMO
20250218,PIURA,PIURA,PIURA,200101,20240816,Azucar blanca nacional (granel),3.41,6.45,Agro-industriales,SACO NORMAL,KILOGRAMO
20250218,PIURA,PIURA,PIURA,200101,20240816,Papaya,2.12,3.8,Frutas,KILOGRAMO,KILOGRAMO
20250218,PIURA,PIURA,PIURA,200101,20240816,Leche evaporada (azul) 400 g,3.22,3.55,Agro-industriales,CAJA,LATA
20250218,PIURA,PIURA,PIURA,200101,20240816,Manzana israel,3.25,5.05,Frutas,KILOGRAMO,KILOGRAMO
20250218,PIURA,PIURA,PIURA,200101,20240816,Chirimoya cumbe,4.85,11.5,Frutas,CAJON CHICO,KILOGRAMO
20250218,PIURA,PIURA,PIURA,200101,20240816,Arroz superior,2.73,3.6,Cereales,SACO NORMAL,KILOGRAMO
20250218,PIURA,PIURA,PIURA,200101,20240816,Fideos nicolini tallarin,3.55,6.5,Agro-industriales,PAQUETE,KILOGRAMO
20250218,PIURA,PIURA,PIURA,200101,20240816,Manzana delicia,3.78,6.55,Frutas,KILOGRAMO,KILOGRAMO
20250218,PIURA,PIURA,PIURA,200101,20240816,Camote morado,1.41,3,Tuberculos,SACO GRANDE,KILOGRAMO
20250218,PIURA,PIURA,PIURA,200101,20240816,Zanahoria,2.12,4.35,Hortalizas,SACO MEDIANO,KILOGRAMO
20250218,PIURA,PIURA,PIURA,200101,20240816,Arveja verde blanca serrana,3.48,6.25,Legumbres,MALLA MEDIANA,KILOGRAMO
20250218,PIURA,PIURA,PIURA,200101,20240816,Uva italia,5.42,11.25,Frutas,KILOGRAMO,KILOGRAMO
20250218,PIURA,PIURA,PIURA,200101,20240816,Papa canchan,2.12,2.95,Tuberculos,SACO GRANDE,KILOGRAMO
20250218,PIURA,PIURA,PIURA,200101,20240816,Ajo criollo o napuri,13.65,22.5,Hortalizas,MALLA MEDIANA,KILOGRAMO
20250218,PIURA,PIURA,PIURA,200101,20240816,Melon coquito,3.08,3.55,Frutas,KILOGRAMO,KILOGRAMO
20250218,PIURA,PIURA,PIURA,200101,20240816,Cebolla cabeza roja,2.2,4.3,Hortalizas,SACO,KILOGRAMO
20250218,PIURA,PIURA,PIURA,200101,20240816,Platano bellaco,1.2,3.4,Frutas,LITRO,LITRO
20250218,PIURA,PIURA,PIURA,200101,20240816,Carne de porcino (corte unico),14.95,19.5,Carnes y huevos,UNIDAD,KILOGRAMO
20250218,PIURA,PIURA,PIURA,200101,20240816,Leche fresca,7.35,9.35,Agro-industriales,LITRO,LITRO
20250218,PIURA,PIURA,PIURA,200101,20240816,Papa amarilla,3.37,5.9,Tuberculos,SACO GRANDE,KILOGRAMO
20250218,PIURA,PIURA,PIURA,200101,20240816,Aceite clasico botella 900 ml,9.91,12.44,Agro-industriales,CAJA CHICA,LITRO
20250218,PIURA,PIURA,PIURA,200101,20240812,Tomate,4.43,5.5,Hortalizas,KILOGRAMO,KILOGRAMO
20250218,PIURA,PIURA,PIURA,200101,20240812,Frijol castilla,4.55,10.9,Menestras,KILOGRAMO,KILOGRAMO
20250218,PIURA,PIURA,PIURA,200101,20240812,Sandia,2.55,3.45,Frutas,KILOGRAMO,KILOGRAMO
20250218,PIURA,PIURA,PIURA,200101,20240812,Frijol canario,6.17,11.65,Menestras,KILOGRAMO,KILOGRAMO
20250218,PIURA,PIURA,PIURA,200101,20240812,Carne fresca de vacuno,17.1,21.5,Carnes y huevos,KILOGRAMO,KILOGRAMO
20250218,PIURA,PIURA,PIURA,200101,20240812,Haba verde serrana,2.88,7.35,Legumbres,KILOGRAMO,KILOGRAMO
20250218,PIURA,PIURA,PIURA,200101,20240812,Garbanzo,6.13,12.15,Menestras,KILOGRAMO,KILOGRAMO
20250218,PIURA,PIURA,PIURA,200101,20240812,Uva red globe,4.75,6.95,Frutas,KILOGRAMO,KILOGRAMO
20250218,PIURA,PIURA,PIURA,200101,20240812,Huevos rosados,6.71,10.25,Carnes y huevos,KILOGRAMO,KILOGRAMO
20250218,PIURA,PIURA,PIURA,200101,20240812,Naranja valencia,3.09,6,Frutas,KILOGRAMO,KILOGRAMO
20250218,PIURA,PIURA,PIURA,200101,20240812,Limon sutil bolsa,2.13,6.65,Frutas,KILOGRAMO,KILOGRAMO
20250218,PIURA,PIURA,PIURA,200101,20240812,Platano seda congo,1.79,3.45,Frutas,KILOGRAMO,KILOGRAMO
20250218,PIURA,PIURA,PIURA,200101,20240812,Vainita americana,2.63,5.85,Legumbres,KILOGRAMO,KILOGRAMO
20250218,PIURA,PIURA,PIURA,200101,20240812,Lenteja,6.1,7.5,Menestras,KILOGRAMO,KILOGRAMO
20250218,PIURA,PIURA,PIURA,200101,20240812,Pina criolla,2.35,3.45,Frutas,KILOGRAMO,KILOGRAMO
20250218,PIURA,PIURA,PIURA,200101,20240812,Zapallo macre,1.78,3.65,Hortalizas,KILOGRAMO,KILOGRAMO
20250218,PIURA,PIURA,PIURA,200101,20240812,Olluco largo,3.25,5.05,Tuberculos,KILOGRAMO,KILOGRAMO
20250218,PIURA,PIURA,PIURA,200101,20240812,Yuca blanca,2.17,4.4,Tuberculos,KILOGRAMO,KILOGRAMO
20250218,PIURA,PIURA,PIURA,200101,20240812,Palta fuerte,7.8,8.35,Frutas,KILOGRAMO,KILOGRAMO
20250218,PIURA,PIURA,PIURA,200101,20240812,Arroz extra,2.89,4.4,Cereales,SACO NORMAL,KILOGRAMO
20250218,PIURA,PIURA,PIURA,200101,20240812,Pallar,7.8,10.5,Menestras,KILOGRAMO,KILOGRAMO
20250218,PIURA,PIURA,PIURA,200101,20240812,Azucar rubia nacional (granel),3.22,5.4,Agro-industriales,SACO NORMAL,KILOGRAMO
20250218,PIURA,PIURA,PIURA,200101,20240812,Choclo (tipo cusco),4.3,10.5,Cereales,CIENTO,UNIDAD
20250218,PIURA,PIURA,PIURA,200101,20240812,Melocoton durazno huayco,4.58,9.15,Frutas,KILOGRAMO,KILOGRAMO
20250218,PIURA,PIURA,PIURA,200101,20240812,Azucar blanca nacional (granel),3.4,6.45,Agro-industriales,SACO NORMAL,KILOGRAMO
20250218,PIURA,PIURA,PIURA,200101,20240812,Papaya,2.12,3.9,Frutas,KILOGRAMO,KILOGRAMO
20250218,PIURA,PIURA,PIURA,200101,20240812,Leche evaporada (azul) 400 g,3.22,3.55,Agro-industriales,CAJA,LATA
20250218,PIURA,PIURA,PIURA,200101,20240812,Manzana israel,3.25,5.05,Frutas,KILOGRAMO,KILOGRAMO
20250218,PIURA,PIURA,PIURA,200101,20240812,Chirimoya cumbe,4.85,11.5,Frutas,CAJON CHICO,KILOGRAMO
20250218,PIURA,PIURA,PIURA,200101,20240812,Arroz superior,2.73,3.75,Cereales,SACO NORMAL,KILOGRAMO
20250218,PIURA,PIURA,PIURA,200101,20240812,Fideos nicolini tallarin,3.55,6.5,Agro-industriales,PAQUETE,KILOGRAMO
20250218,PIURA,PIURA,PIURA,200101,20240812,Manzana delicia,3.68,6.5,Frutas,KILOGRAMO,KILOGRAMO
20250218,PIURA,PIURA,PIURA,200101,20240812,Camote morado,1.41,2.9,Tuberculos,SACO GRANDE,KILOGRAMO
20250218,PIURA,PIURA,PIURA,200101,20240812,Zanahoria,2.12,4.35,Hortalizas,SACO MEDIANO,KILOGRAMO
20250218,PIURA,PIURA,PIURA,200101,20240812,Arveja verde blanca serrana,3.48,6.25,Legumbres,MALLA MEDIANA,KILOGRAMO
20250218,PIURA,PIURA,PIURA,200101,20240812,Uva italia,5.54,11.25,Frutas,KILOGRAMO,KILOGRAMO
20250218,PIURA,PIURA,PIURA,200101,20240812,Papa canchan,1.9,2.95,Tuberculos,SACO GRANDE,KILOGRAMO
20250218,PIURA,PIURA,PIURA,200101,20240812,Ajo criollo o napuri,13.47,23.5,Hortalizas,MALLA MEDIANA,KILOGRAMO
20250218,PIURA,PIURA,PIURA,200101,20240812,Melon coquito,3.08,4.15,Frutas,KILOGRAMO,KILOGRAMO
20250218,PIURA,PIURA,PIURA,200101,20240812,Cebolla cabeza roja,2.2,5.6,Hortalizas,SACO,KILOGRAMO
20250218,PIURA,PIURA,PIURA,200101,20240812,Platano bellaco,1.2,3.4,Frutas,LITRO,LITRO
20250218,PIURA,PIURA,PIURA,200101,20240812,Carne de porcino (corte unico),14.95,19.5,Carnes y huevos,UNIDAD,KILOGRAMO
20250218,PIURA,PIURA,PIURA,200101,20240812,Leche fresca,7.35,9.35,Agro-industriales,LITRO,LITRO
20250218,PIURA,PIURA,PIURA,200101,20240812,Papa amarilla,3.3,6.55,Tuberculos,SACO GRANDE,KILOGRAMO
20250218,PIURA,PIURA,PIURA,200101,20240812,Aceite clasico botella 900 ml,9.91,12.44,Agro-industriales,CAJA CHICA,LITRO
20250218,PIURA,PIURA,PIURA,200101,20240812,Carne de pollo (eviscerado),9.65,10.9,Carnes y huevos,KILOGRAMO,KILOGRAMO
20250218,PIURA,PIURA,PIURA,200101,20240812,Aji rocoto,3.65,5.15,Hortalizas,KILOGRAMO,KILOGRAMO
20250218,PIURA,PIURA,PIURA,200101,20240812,Uva alfonso lavalett,4.67,9,Frutas,KILOGRAMO,KILOGRAMO
20250218,PIURA,PIURA,PIURA,200101,20240812,Aji escabeche,1.64,4.9,Hortalizas,KILOGRAMO,MALLA
20250218,PIURA,PIURA,PIURA,200101,20240809,Haba verde serrana,2.9,7.2,Legumbres,KILOGRAMO,KILOGRAMO
20250218,PIURA,PIURA,PIURA,200101,20240809,Garbanzo,6.13,12.15,Menestras,KILOGRAMO,KILOGRAMO
20250218,PIURA,PIURA,PIURA,200101,20240809,Uva red globe,4.5,6.75,Frutas,KILOGRAMO,KILOGRAMO
20250218,PIURA,PIURA,PIURA,200101,20240809,Huevos rosados,6.71,10.25,Carnes y huevos,KILOGRAMO,KILOGRAMO
20250218,PIURA,PIURA,PIURA,200101,20240809,Naranja valencia,3.09,5.85,Frutas,KILOGRAMO,KILOGRAMO
20250218,PIURA,PIURA,PIURA,200101,20240809,Limon sutil bolsa,2.12,5.75,Frutas,KILOGRAMO,KILOGRAMO
20250218,PIURA,PIURA,PIURA,200101,20240809,Platano seda congo,1.75,3.45,Frutas,KILOGRAMO,KILOGRAMO
20250218,PIURA,PIURA,PIURA,200101,20240809,Vainita americana,2.63,5.8,Legumbres,KILOGRAMO,KILOGRAMO
20250218,PIURA,PIURA,PIURA,200101,20240809,Lenteja,7.65,7.5,Menestras,KILOGRAMO,KILOGRAMO
20250218,PIURA,PIURA,PIURA,200101,20240809,Pina criolla,2.35,3.45,Frutas,KILOGRAMO,KILOGRAMO
20250218,PIURA,PIURA,PIURA,200101,20240809,Zapallo macre,1.72,3.4,Hortalizas,KILOGRAMO,KILOGRAMO
20250218,PIURA,PIURA,PIURA,200101,20240809,Olluco largo,3.25,5.05,Tuberculos,KILOGRAMO,KILOGRAMO
20250218,PIURA,PIURA,PIURA,200101,20240809,Yuca blanca,2.17,4.4,Tuberculos,KILOGRAMO,KILOGRAMO
20250218,PIURA,PIURA,PIURA,200101,20240809,Palta fuerte,7.8,8.35,Frutas,KILOGRAMO,KILOGRAMO
20250218,PIURA,PIURA,PIURA,200101,20240809,Arroz extra,2.89,4.4,Cereales,SACO NORMAL,KILOGRAMO
20250218,PIURA,PIURA,PIURA,200101,20240809,Pallar,7.8,10.5,Menestras,KILOGRAMO,KILOGRAMO
20250218,PIURA,PIURA,PIURA,200101,20240809,Azucar rubia nacional (granel),3.11,5.25,Agro-industriales,SACO NORMAL,KILOGRAMO
20250218,PIURA,PIURA,PIURA,200101,20240809,Choclo (tipo cusco),4.26,9.75,Cereales,CIENTO,UNIDAD
20250218,PIURA,PIURA,PIURA,200101,20240809,Melocoton durazno huayco,4.58,9,Frutas,KILOGRAMO,KILOGRAMO
20250218,PIURA,PIURA,PIURA,200101,20240809,Azucar blanca nacional (granel),3,6.45,Agro-industriales,SACO NORMAL,KILOGRAMO
20250218,PIURA,PIURA,PIURA,200101,20240809,Papaya,2.11,3.9,Frutas,KILOGRAMO,KILOGRAMO
20250218,PIURA,PIURA,PIURA,200101,20240809,Leche evaporada (azul) 400 g,3.22,3.55,Agro-industriales,CAJA,LATA
20250218,PIURA,PIURA,PIURA,200101,20240809,Manzana israel,3.08,5.05,Frutas,KILOGRAMO,KILOGRAMO
20250218,PIURA,PIURA,PIURA,200101,20240809,Chirimoya cumbe,4.85,11.5,Frutas,CAJON CHICO,KILOGRAMO
20250218,PIURA,PIURA,PIURA,200101,20240809,Arroz superior,2.68,3.7,Cereales,SACO NORMAL,KILOGRAMO
20250218,PIURA,PIURA,PIURA,200101,20240809,Fideos nicolini tallarin,3.55,6.5,Agro-industriales,PAQUETE,KILOGRAMO
20250218,PIURA,PIURA,PIURA,200101,20240809,Manzana delicia,3.55,6.1,Frutas,KILOGRAMO,KILOGRAMO
20250218,PIURA,PIURA,PIURA,200101,20240809,Camote morado,1.45,2.9,Tuberculos,SACO GRANDE,KILOGRAMO
20250218,PIURA,PIURA,PIURA,200101,20240809,Zanahoria,2.12,4.35,Hortalizas,SACO MEDIANO,KILOGRAMO
20250218,PIURA,PIURA,PIURA,200101,20240809,Arveja verde blanca serrana,3.45,5.8,Legumbres,MALLA MEDIANA,KILOGRAMO
20250218,PIURA,PIURA,PIURA,200101,20240809,Uva italia,7.33,11.25,Frutas,KILOGRAMO,KILOGRAMO
20250218,PIURA,PIURA,PIURA,200101,20240809,Papa canchan,1.97,2.95,Tuberculos,SACO GRANDE,KILOGRAMO
20250218,PIURA,PIURA,PIURA,200101,20240809,Ajo criollo o napuri,13.22,18,Hortalizas,MALLA MEDIANA,KILOGRAMO
20250218,PIURA,PIURA,PIURA,200101,20240809,Melon coquito,2.96,4.15,Frutas,KILOGRAMO,KILOGRAMO
20250218,PIURA,PIURA,PIURA,200101,20240809,Platano bellaco,1.2,3.35,Frutas,LITRO,LITRO
20250218,PIURA,PIURA,PIURA,200101,20240809,Carne de porcino (corte unico),14.35,18.75,Carnes y huevos,UNIDAD,KILOGRAMO
20250218,PIURA,PIURA,PIURA,200101,20240809,Leche fresca,6.7,9.35,Agro-industriales,LITRO,LITRO
20250218,PIURA,PIURA,PIURA,200101,20240809,Papa amarilla,3.37,6.35,Tuberculos,SACO GRANDE,KILOGRAMO
20250218,PIURA,PIURA,PIURA,200101,20240809,Aceite clasico botella 900 ml,9.91,12.44,Agro-industriales,CAJA CHICA,LITRO
20250218,PIURA,PIURA,PIURA,200101,20240809,Cebolla cabeza roja,2.15,5.4,Hortalizas,SACO,KILOGRAMO
20250218,PIURA,PIURA,PIURA,200101,20240809,Carne de pollo (eviscerado),9.2,10.65,Carnes y huevos,KILOGRAMO,KILOGRAMO
20250218,PIURA,PIURA,PIURA,200101,20240809,Aji rocoto,3.75,5.15,Hortalizas,KILOGRAMO,KILOGRAMO
20250218,PIURA,PIURA,PIURA,200101,20240809,Uva alfonso lavalett,5.44,8.75,Frutas,KILOGRAMO,KILOGRAMO
20250218,PIURA,PIURA,PIURA,200101,20240809,Aji escabeche,1.64,4.9,Hortalizas,KILOGRAMO,MALLA
20250218,PIURA,PIURA,PIURA,200101,20240809,Tomate,4.32,5.5,Hortalizas,KILOGRAMO,KILOGRAMO
20250218,PIURA,PIURA,PIURA,200101,20240809,Frijol castilla,4.51,10.85,Menestras,KILOGRAMO,KILOGRAMO
20250218,PIURA,PIURA,PIURA,200101,20240809,Sandia,2.55,3.45,Frutas,KILOGRAMO,KILOGRAMO
20250218,PIURA,PIURA,PIURA,200101,20240809,Frijol canario,6.1,11.65,Menestras,KILOGRAMO,KILOGRAMO
20250218,PIURA,PIURA,PIURA,200101,20240809,Carne fresca de vacuno,16,21.5,Carnes y huevos,KILOGRAMO,KILOGRAMO
20250218,PIURA,PIURA,PIURA,200101,20240807,Huevos rosados,6.71,9.5,Carnes y huevos,KILOGRAMO,KILOGRAMO
20250218,PIURA,PIURA,PIURA,200101,20240807,Naranja valencia,3.18,5.85,Frutas,KILOGRAMO,KILOGRAMO
20250218,PIURA,PIURA,PIURA,200101,20240807,Limon sutil bolsa,2.61,4.87,Frutas,KILOGRAMO,KILOGRAMO
20250218,PIURA,PIURA,PIURA,200101,20240807,Platano seda congo,2.11,3.45,Frutas,KILOGRAMO,KILOGRAMO
20250218,PIURA,PIURA,PIURA,200101,20240807,Vainita americana,3.33,5.75,Legumbres,KILOGRAMO,KILOGRAMO
20250218,PIURA,PIURA,PIURA,200101,20240807,Lenteja,6.05,7.55,Menestras,KILOGRAMO,KILOGRAMO
20250218,PIURA,PIURA,PIURA,200101,20240807,Pina criolla,2.1,3.45,Frutas,KILOGRAMO,KILOGRAMO
20250218,PIURA,PIURA,PIURA,200101,20240807,Zapallo macre,1.72,3.4,Hortalizas,KILOGRAMO,KILOGRAMO
20250218,PIURA,PIURA,PIURA,200101,20240807,Olluco largo,3.15,5.3,Tuberculos,KILOGRAMO,KILOGRAMO
20250218,PIURA,PIURA,PIURA,200101,20240807,Yuca blanca,2.97,4,Tuberculos,KILOGRAMO,KILOGRAMO
20250218,PIURA,PIURA,PIURA,200101,20240807,Palta fuerte,7.35,8.4,Frutas,KILOGRAMO,KILOGRAMO
20250218,PIURA,PIURA,PIURA,200101,20240807,Arroz extra,2.99,4.4,Cereales,SACO NORMAL,KILOGRAMO
20250218,PIURA,PIURA,PIURA,200101,20240807,Pallar,6.55,10.5,Menestras,KILOGRAMO,KILOGRAMO
20250218,PIURA,PIURA,PIURA,200101,20240807,Azucar rubia nacional (granel),3.11,5.25,Agro-industriales,SACO NORMAL,KILOGRAMO
20250218,PIURA,PIURA,PIURA,200101,20240807,Choclo (tipo cusco),4.26,9.75,Cereales,CIENTO,UNIDAD
20250218,PIURA,PIURA,PIURA,200101,20240807,Melocoton durazno huayco,4.63,9,Frutas,KILOGRAMO,KILOGRAMO
20250218,PIURA,PIURA,PIURA,200101,20240807,Azucar blanca nacional (granel),3,6.45,Agro-industriales,SACO NORMAL,KILOGRAMO
20250218,PIURA,PIURA,PIURA,200101,20240807,Papaya,2.11,3.9,Frutas,KILOGRAMO,KILOGRAMO
20250218,PIURA,PIURA,PIURA,200101,20240807,Leche evaporada (azul) 400 g,3.2,3.55,Agro-industriales,CAJA,LATA
20250218,PIURA,PIURA,PIURA,200101,20240807,Manzana israel,3.08,5.05,Frutas,KILOGRAMO,KILOGRAMO
20250218,PIURA,PIURA,PIURA,200101,20240807,Chirimoya cumbe,6.85,11,Frutas,CAJON CHICO,KILOGRAMO
20250218,PIURA,PIURA,PIURA,200101,20240807,Arroz superior,2.72,3.7,Cereales,SACO NORMAL,KILOGRAMO
20250218,PIURA,PIURA,PIURA,200101,20240807,Fideos nicolini tallarin,3.2,6.45,Agro-industriales,PAQUETE,KILOGRAMO
20250218,PIURA,PIURA,PIURA,200101,20240807,Manzana delicia,3.55,6.1,Frutas,KILOGRAMO,KILOGRAMO
20250218,PIURA,PIURA,PIURA,200101,20240807,Camote morado,1.8,3.55,Tuberculos,SACO GRANDE,KILOGRAMO
20250218,PIURA,PIURA,PIURA,200101,20240807,Zanahoria,3.15,4.45,Hortalizas,SACO MEDIANO,KILOGRAMO
20250218,PIURA,PIURA,PIURA,200101,20240807,Arveja verde blanca serrana,3.52,5.8,Legumbres,MALLA MEDIANA,KILOGRAMO
20250218,PIURA,PIURA,PIURA,200101,20240807,Papa canchan,1.95,2.85,Tuberculos,SACO GRANDE,KILOGRAMO
20250218,PIURA,PIURA,PIURA,200101,20240807,Ajo criollo o napuri,12.88,15.3,Hortalizas,MALLA MEDIANA,KILOGRAMO
20250218,PIURA,PIURA,PIURA,200101,20240807,Melon coquito,3.08,4.1,Frutas,KILOGRAMO,KILOGRAMO
20250218,PIURA,PIURA,PIURA,200101,20240807,Platano bellaco,2.23,3.25,Frutas,LITRO,LITRO
20250218,PIURA,PIURA,PIURA,200101,20240807,Carne de porcino (corte unico),13.22,18.75,Carnes y huevos,UNIDAD,KILOGRAMO
20250218,PIURA,PIURA,PIURA,200101,20240807,Leche fresca,6.6,9.35,Agro-industriales,LITRO,LITRO
20250218,PIURA,PIURA,PIURA,200101,20240807,Papa amarilla,3.37,6.25,Tuberculos,SACO GRANDE,KILOGRAMO
20250218,PIURA,PIURA,PIURA,200101,20240807,Aceite clasico botella 900 ml,9.86,12.44,Agro-industriales,CAJA CHICA,LITRO
20250218,PIURA,PIURA,PIURA,200101,20240807,Cebolla cabeza roja,2.33,4.61,Hortalizas,SACO,KILOGRAMO
20250218,PIURA,PIURA,PIURA,200101,20240807,Carne de pollo (eviscerado),8.8,10.5,Carnes y huevos,KILOGRAMO,KILOGRAMO
20250218,PIURA,PIURA,PIURA,200101,20240807,Aji rocoto,3.8,4.8,Hortalizas,KILOGRAMO,KILOGRAMO
20250218,PIURA,PIURA,PIURA,200101,20240807,Uva alfonso lavalett,4.46,8.5,Frutas,KILOGRAMO,KILOGRAMO
20250218,PIURA,PIURA,PIURA,200101,20240807,Aji escabeche,1.64,4.9,Hortalizas,KILOGRAMO,MALLA
20250218,PIURA,PIURA,PIURA,200101,20240807,Tomate,4.32,5.15,Hortalizas,KILOGRAMO,KILOGRAMO
20250218,PIURA,PIURA,PIURA,200101,20240807,Frijol castilla,4.42,9.15,Menestras,KILOGRAMO,KILOGRAMO
20250218,PIURA,PIURA,PIURA,200101,20240807,Frijol canario,6.1,11.65,Menestras,KILOGRAMO,KILOGRAMO
20250218,PIURA,PIURA,PIURA,200101,20240807,Carne fresca de vacuno,15.9,21.5,Carnes y huevos,KILOGRAMO,KILOGRAMO
20250218,PIURA,PIURA,PIURA,200101,20240807,Haba verde serrana,2.9,7.2,Legumbres,KILOGRAMO,KILOGRAMO
20250218,PIURA,PIURA,PIURA,200101,20240807,Garbanzo,6.03,11.9,Menestras,KILOGRAMO,KILOGRAMO
20250218,PIURA,PIURA,PIURA,200101,20240805,Pina criolla,2.1,3.45,Frutas,KILOGRAMO,KILOGRAMO
20250218,PIURA,PIURA,PIURA,200101,20240805,Zapallo macre,1.72,3.4,Hortalizas,KILOGRAMO,KILOGRAMO
20250218,PIURA,PIURA,PIURA,200101,20240805,Olluco largo,3.15,5.3,Tuberculos,KILOGRAMO,KILOGRAMO
20250218,PIURA,PIURA,PIURA,200101,20240805,Yuca blanca,2.97,4,Tuberculos,KILOGRAMO,KILOGRAMO
20250218,PIURA,PIURA,PIURA,200101,20240805,Palta fuerte,7.35,8.4,Frutas,KILOGRAMO,KILOGRAMO
20250218,PIURA,PIURA,PIURA,200101,20240805,Arroz extra,2.99,4.4,Cereales,SACO NORMAL,KILOGRAMO
20250218,PIURA,PIURA,PIURA,200101,20240805,Pallar,6.55,10.5,Menestras,KILOGRAMO,KILOGRAMO
20250218,PIURA,PIURA,PIURA,200101,20240805,Azucar rubia nacional (granel),3.11,5.25,Agro-industriales,SACO NORMAL,KILOGRAMO
20250218,PIURA,PIURA,PIURA,200101,20240805,Choclo (tipo cusco),4.26,9.75,Cereales,CIENTO,UNIDAD
20250218,PIURA,PIURA,PIURA,200101,20240805,Melocoton durazno huayco,4.63,9,Frutas,KILOGRAMO,KILOGRAMO
20250218,PIURA,PIURA,PIURA,200101,20240805,Azucar blanca nacional (granel),3,6.45,Agro-industriales,SACO NORMAL,KILOGRAMO
20250218,PIURA,PIURA,PIURA,200101,20240805,Papaya,2.11,3.9,Frutas,KILOGRAMO,KILOGRAMO
20250218,PIURA,PIURA,PIURA,200101,20240805,Leche evaporada (azul) 400 g,3.2,3.55,Agro-industriales,CAJA,LATA
20250218,PIURA,PIURA,PIURA,200101,20240805,Manzana israel,3.08,5.05,Frutas,KILOGRAMO,KILOGRAMO
20250218,PIURA,PIURA,PIURA,200101,20240805,Chirimoya cumbe,6.85,11,Frutas,CAJON CHICO,KILOGRAMO
20250218,PIURA,PIURA,PIURA,200101,20240805,Arroz superior,2.72,3.7,Cereales,SACO NORMAL,KILOGRAMO
20250218,PIURA,PIURA,PIURA,200101,20240805,Fideos nicolini tallarin,3.2,6.45,Agro-industriales,PAQUETE,KILOGRAMO
20250218,PIURA,PIURA,PIURA,200101,20240805,Manzana delicia,3.55,6.1,Frutas,KILOGRAMO,KILOGRAMO
20250218,PIURA,PIURA,PIURA,200101,20240805,Camote morado,1.8,3.55,Tuberculos,SACO GRANDE,KILOGRAMO
20250218,PIURA,PIURA,PIURA,200101,20240805,Zanahoria,3.15,4.45,Hortalizas,SACO MEDIANO,KILOGRAMO
20250218,PIURA,PIURA,PIURA,200101,20240805,Arveja verde blanca serrana,3.52,5.8,Legumbres,MALLA MEDIANA,KILOGRAMO
20250218,PIURA,PIURA,PIURA,200101,20240805,Papa canchan,1.95,2.85,Tuberculos,SACO GRANDE,KILOGRAMO
20250218,PIURA,PIURA,PIURA,200101,20240805,Ajo criollo o napuri,12.88,15.3,Hortalizas,MALLA MEDIANA,KILOGRAMO
20250218,PIURA,PIURA,PIURA,200101,20240805,Melon coquito,3.08,4.1,Frutas,KILOGRAMO,KILOGRAMO
20250218,PIURA,PIURA,PIURA,200101,20240805,Platano bellaco,2.23,3.25,Frutas,LITRO,LITRO
20250218,PIURA,PIURA,PIURA,200101,20240805,Carne de porcino (corte unico),13.22,18.75,Carnes y huevos,UNIDAD,KILOGRAMO
20250218,PIURA,PIURA,PIURA,200101,20240805,Leche fresca,6.6,9.35,Agro-industriales,LITRO,LITRO
20250218,PIURA,PIURA,PIURA,200101,20240805,Papa amarilla,3.37,6.25,Tuberculos,SACO GRANDE,KILOGRAMO
20250218,PIURA,PIURA,PIURA,200101,20240805,Aceite clasico botella 900 ml,9.86,12.44,Agro-industriales,CAJA CHICA,LITRO
20250218,PIURA,PIURA,PIURA,200101,20240805,Cebolla cabeza roja,2.33,4.61,Hortalizas,SACO,KILOGRAMO
20250218,PIURA,PIURA,PIURA,200101,20240805,Carne de pollo (eviscerado),8.8,10.5,Carnes y huevos,KILOGRAMO,KILOGRAMO
20250218,PIURA,PIURA,PIURA,200101,20240805,Aji rocoto,3.8,4.8,Hortalizas,KILOGRAMO,KILOGRAMO
20250218,PIURA,PIURA,PIURA,200101,20240805,Uva alfonso lavalett,4.46,8.5,Frutas,KILOGRAMO,KILOGRAMO
20250218,PIURA,PIURA,PIURA,200101,20240805,Aji escabeche,1.64,4.9,Hortalizas,KILOGRAMO,MALLA
20250218,PIURA,PIURA,PIURA,200101,20240805,Tomate,4.32,5.15,Hortalizas,KILOGRAMO,KILOGRAMO
20250218,PIURA,PIURA,PIURA,200101,20240805,Frijol castilla,4.42,9.15,Menestras,KILOGRAMO,KILOGRAMO
20250218,PIURA,PIURA,PIURA,200101,20240805,Frijol canario,6.1,11.65,Menestras,KILOGRAMO,KILOGRAMO
20250218,PIURA,PIURA,PIURA,200101,20240805,Carne fresca de vacuno,15.9,21.5,Carnes y huevos,KILOGRAMO,KILOGRAMO
20250218,PIURA,PIURA,PIURA,200101,20240805,Huevos rosados,6.71,9.5,Carnes y huevos,KILOGRAMO,KILOGRAMO
20250218,PIURA,PIURA,PIURA,200101,20240805,Haba verde serrana,2.9,7.2,Legumbres,KILOGRAMO,KILOGRAMO
20250218,PIURA,PIURA,PIURA,200101,20240805,Garbanzo,6.03,11.9,Menestras,KILOGRAMO,KILOGRAMO
20250218,PIURA,PIURA,PIURA,200101,20240805,Naranja valencia,3.18,5.85,Frutas,KILOGRAMO,KILOGRAMO
20250218,PIURA,PIURA,PIURA,200101,20240805,Limon sutil bolsa,2.61,4.87,Frutas,KILOGRAMO,KILOGRAMO
20250218,PIURA,PIURA,PIURA,200101,20240805,Platano seda congo,2.11,3.45,Frutas,KILOGRAMO,KILOGRAMO
20250218,PIURA,PIURA,PIURA,200101,20240805,Vainita americana,3.33,5.75,Legumbres,KILOGRAMO,KILOGRAMO
20250218,PIURA,PIURA,PIURA,200101,20240805,Lenteja,6.05,7.55,Menestras,KILOGRAMO,KILOGRAMO
20250218,PIURA,PIURA,PIURA,200101,20240719,Azucar rubia nacional (granel),3.04,5.25,Agro-industriales,SACO NORMAL,KILOGRAMO
20250218,PIURA,PIURA,PIURA,200101,20240719,Choclo (tipo cusco),4.14,9.5,Cereales,CIENTO,UNIDAD
20250218,PIURA,PIURA,PIURA,200101,20240719,Melocoton durazno huayco,4.58,9.1,Frutas,KILOGRAMO,KILOGRAMO
20250218,PIURA,PIURA,PIURA,200101,20240719,Uva red globe,4.33,6.4,Frutas,KILOGRAMO,KILOGRAMO
20250218,PIURA,PIURA,PIURA,200101,20240719,Azucar blanca nacional (granel),3.07,6.4,Agro-industriales,SACO NORMAL,KILOGRAMO
20250218,PIURA,PIURA,PIURA,200101,20240719,Papaya,2.16,3.8,Frutas,KILOGRAMO,KILOGRAMO
20250218,PIURA,PIURA,PIURA,200101,20240719,Leche evaporada (azul) 400 g,3.22,3.55,Agro-industriales,CAJA,LATA
20250218,PIURA,PIURA,PIURA,200101,20240719,Manzana israel,3.03,5.05,Frutas,KILOGRAMO,KILOGRAMO
20250218,PIURA,PIURA,PIURA,200101,20240719,Chirimoya cumbe,4.75,11,Frutas,CAJON CHICO,KILOGRAMO
20250218,PIURA,PIURA,PIURA,200101,20240719,Arroz superior,2.7,3.55,Cereales,SACO NORMAL,KILOGRAMO
20250218,PIURA,PIURA,PIURA,200101,20240719,Fideos nicolini tallarin,3.25,6.45,Agro-industriales,PAQUETE,KILOGRAMO
20250218,PIURA,PIURA,PIURA,200101,20240719,Manzana delicia,3.43,6.05,Frutas,KILOGRAMO,KILOGRAMO
20250218,PIURA,PIURA,PIURA,200101,20240719,Camote morado,1.43,3.5,Tuberculos,SACO GRANDE,KILOGRAMO
20250218,PIURA,PIURA,PIURA,200101,20240719,Zanahoria,2.13,4.45,Hortalizas,SACO MEDIANO,KILOGRAMO
20250218,PIURA,PIURA,PIURA,200101,20240719,Arveja verde blanca serrana,3.37,5.85,Legumbres,MALLA MEDIANA,KILOGRAMO
20250218,PIURA,PIURA,PIURA,200101,20240719,Papa canchan,1.91,3.05,Tuberculos,SACO GRANDE,KILOGRAMO
20250218,PIURA,PIURA,PIURA,200101,20240719,Ajo criollo o napuri,8.85,13.8,Hortalizas,MALLA MEDIANA,KILOGRAMO
20250218,PIURA,PIURA,PIURA,200101,20240719,Melon coquito,3.04,4.05,Frutas,KILOGRAMO,KILOGRAMO
20250218,PIURA,PIURA,PIURA,200101,20240719,Platano bellaco,1.2,2.4,Frutas,LITRO,LITRO
20250218,PIURA,PIURA,PIURA,200101,20240719,Carne de porcino (corte unico),12.02,18.75,Carnes y huevos,UNIDAD,KILOGRAMO
20250218,PIURA,PIURA,PIURA,200101,20240719,Leche fresca,6.3,7.8,Agro-industriales,LITRO,LITRO
20250218,PIURA,PIURA,PIURA,200101,20240719,Papa amarilla,3.39,6.15,Tuberculos,SACO GRANDE,KILOGRAMO
20250218,PIURA,PIURA,PIURA,200101,20240719,Aceite clasico botella 900 ml,10.23,12.44,Agro-industriales,CAJA CHICA,LITRO
20250218,PIURA,PIURA,PIURA,200101,20240719,Cebolla cabeza roja,2.16,4.7,Hortalizas,SACO,KILOGRAMO
20250218,PIURA,PIURA,PIURA,200101,20240719,Carne de pollo (eviscerado),8.85,10.5,Carnes y huevos,KILOGRAMO,KILOGRAMO
20250218,PIURA,PIURA,PIURA,200101,20240719,Aji rocoto,3.85,4.6,Hortalizas,KILOGRAMO,KILOGRAMO
20250218,PIURA,PIURA,PIURA,200101,20240719,Uva italia,4.83,7.85,Frutas,KILOGRAMO,KILOGRAMO
20250218,PIURA,PIURA,PIURA,200101,20240719,Uva alfonso lavalett,4.42,7.8,Frutas,KILOGRAMO,KILOGRAMO
20250218,PIURA,PIURA,PIURA,200101,20240719,Aji escabeche,1.65,3.35,Hortalizas,KILOGRAMO,MALLA
20250218,PIURA,PIURA,PIURA,200101,20240719,Tomate,4.27,5.1,Hortalizas,KILOGRAMO,KILOGRAMO
20250218,PIURA,PIURA,PIURA,200101,20240719,Frijol castilla,4.46,8.75,Menestras,KILOGRAMO,KILOGRAMO
20250218,PIURA,PIURA,PIURA,200101,20240719,Frijol canario,6.15,11.1,Menestras,KILOGRAMO,KILOGRAMO
20250218,PIURA,PIURA,PIURA,200101,20240719,Carne fresca de vacuno,13.45,20.15,Carnes y huevos,KILOGRAMO,KILOGRAMO
20250218,PIURA,PIURA,PIURA,200101,20240719,Huevos rosados,6.54,9.5,Carnes y huevos,KILOGRAMO,KILOGRAMO
20250218,PIURA,PIURA,PIURA,200101,20240719,Haba verde serrana,2.89,7.05,Legumbres,KILOGRAMO,KILOGRAMO
20250218,PIURA,PIURA,PIURA,200101,20240719,Garbanzo,5.99,11.5,Menestras,KILOGRAMO,KILOGRAMO
20250218,PIURA,PIURA,PIURA,200101,20240719,Olluco largo,3.75,6.15,Tuberculos,KILOGRAMO,KILOGRAMO
20250218,PIURA,PIURA,PIURA,200101,20240719,Sandia,2.4,3.45,Frutas,KILOGRAMO,KILOGRAMO
20250218,PIURA,PIURA,PIURA,200101,20240719,Naranja valencia,3.15,5.85,Frutas,KILOGRAMO,KILOGRAMO
20250218,PIURA,PIURA,PIURA,200101,20240719,Limon sutil bolsa,2.1,5.65,Frutas,KILOGRAMO,KILOGRAMO
20250218,PIURA,PIURA,PIURA,200101,20240719,Platano seda congo,1.75,3.35,Frutas,KILOGRAMO,KILOGRAMO
20250218,PIURA,PIURA,PIURA,200101,20240719,Vainita americana,2.68,5.75,Legumbres,KILOGRAMO,KILOGRAMO
20250218,PIURA,PIURA,PIURA,200101,20240719,Lenteja,6,7.65,Menestras,KILOGRAMO,KILOGRAMO
20250218,PIURA,PIURA,PIURA,200101,20240719,Pina criolla,2.05,3.3,Frutas,KILOGRAMO,KILOGRAMO
20250218,PIURA,PIURA,PIURA,200101,20240719,Zapallo macre,1.7,3.35,Hortalizas,KILOGRAMO,KILOGRAMO
20250218,PIURA,PIURA,PIURA,200101,20240719,Yuca blanca,2.08,3.75,Tuberculos,KILOGRAMO,KILOGRAMO
20250218,PIURA,PIURA,PIURA,200101,20240719,Palta fuerte,7.2,8.4,Frutas,KILOGRAMO,KILOGRAMO
20250218,PIURA,PIURA,PIURA,200101,20240719,Arroz extra,2.86,4.35,Cereales,SACO NORMAL,KILOGRAMO
20250218,PIURA,PIURA,PIURA,200101,20240719,Pallar,6.4,10.5,Menestras,KILOGRAMO,KILOGRAMO
20250218,PIURA,PIURA,PIURA,200101,20240712,Camote morado,1.34,3.4,Tuberculos,SACO GRANDE,KILOGRAMO
20250218,PIURA,PIURA,PIURA,200101,20240712,Zanahoria,2.01,4.45,Hortalizas,SACO MEDIANO,KILOGRAMO
20250218,PIURA,PIURA,PIURA,200101,20240712,Arveja verde blanca serrana,3.33,5.7,Legumbres,MALLA MEDIANA,KILOGRAMO
20250218,PIURA,PIURA,PIURA,200101,20240712,Papa canchan,2.02,2.89,Tuberculos,SACO GRANDE,KILOGRAMO
20250218,PIURA,PIURA,PIURA,200101,20240712,Ajo criollo o napuri,9.44,13.7,Hortalizas,MALLA MEDIANA,KILOGRAMO
20250218,PIURA,PIURA,PIURA,200101,20240712,Melon coquito,2.96,4,Frutas,KILOGRAMO,KILOGRAMO
20250218,PIURA,PIURA,PIURA,200101,20240712,Platano bellaco,1.2,2.4,Frutas,LITRO,LITRO
20250218,PIURA,PIURA,PIURA,200101,20240712,Carne de porcino (corte unico),12.6,18.45,Carnes y huevos,UNIDAD,KILOGRAMO
20250218,PIURA,PIURA,PIURA,200101,20240712,Leche fresca,5.9,7.75,Agro-industriales,LITRO,LITRO
20250218,PIURA,PIURA,PIURA,200101,20240712,Papa amarilla,3.26,6.3,Tuberculos,SACO GRANDE,KILOGRAMO
20250218,PIURA,PIURA,PIURA,200101,20240712,Aceite clasico botella 900 ml,10.19,11.8,Agro-industriales,CAJA CHICA,LITRO
20250218,PIURA,PIURA,PIURA,200101,20240712,Cebolla cabeza roja,2.12,4.7,Hortalizas,SACO,KILOGRAMO
20250218,PIURA,PIURA,PIURA,200101,20240712,Carne de pollo (eviscerado),8.65,9.85,Carnes y huevos,KILOGRAMO,KILOGRAMO
20250218,PIURA,PIURA,PIURA,200101,20240712,Aji rocoto,3.65,4.6,Hortalizas,KILOGRAMO,KILOGRAMO
20250218,PIURA,PIURA,PIURA,200101,20240712,Uva italia,4.71,7.55,Frutas,KILOGRAMO,KILOGRAMO
20250218,PIURA,PIURA,PIURA,200101,20240712,Uva alfonso lavalett,4.29,7.8,Frutas,KILOGRAMO,KILOGRAMO
20250218,PIURA,PIURA,PIURA,200101,20240712,Aji escabeche,1.64,3.05,Hortalizas,KILOGRAMO,MALLA
20250218,PIURA,PIURA,PIURA,200101,20240712,Tomate,4.07,5.05,Hortalizas,KILOGRAMO,KILOGRAMO
20250218,PIURA,PIURA,PIURA,200101,20240712,Frijol castilla,4.4,8.55,Menestras,KILOGRAMO,KILOGRAMO
20250218,PIURA,PIURA,PIURA,200101,20240712,Frijol canario,6.04,10.9,Menestras,KILOGRAMO,KILOGRAMO
20250218,PIURA,PIURA,PIURA,200101,20240712,Carne fresca de vacuno,13.35,18.9,Carnes y huevos,KILOGRAMO,KILOGRAMO
20250218,PIURA,PIURA,PIURA,200101,20240712,Huevos rosados,6.35,8.45,Carnes y huevos,KILOGRAMO,KILOGRAMO
20250218,PIURA,PIURA,PIURA,200101,20240712,Haba verde serrana,2.83,7.05,Legumbres,KILOGRAMO,KILOGRAMO
20250218,PIURA,PIURA,PIURA,200101,20240712,Garbanzo,5.89,11.5,Menestras,KILOGRAMO,KILOGRAMO
20250218,PIURA,PIURA,PIURA,200101,20240712,Olluco largo,3.7,5.75,Tuberculos,KILOGRAMO,KILOGRAMO
20250218,PIURA,PIURA,PIURA,200101,20240712,Sandia,2.4,3.5,Frutas,KILOGRAMO,KILOGRAMO
20250218,PIURA,PIURA,PIURA,200101,20240712,Naranja valencia,3.21,5.85,Frutas,KILOGRAMO,KILOGRAMO
20250218,PIURA,PIURA,PIURA,200101,20240712,Limon sutil bolsa,2,5.45,Frutas,KILOGRAMO,KILOGRAMO
20250218,PIURA,PIURA,PIURA,200101,20240712,Platano seda congo,1.54,3.25,Frutas,KILOGRAMO,KILOGRAMO
20250218,PIURA,PIURA,PIURA,200101,20240712,Vainita americana,2.66,5.55,Legumbres,KILOGRAMO,KILOGRAMO
20250218,PIURA,PIURA,PIURA,200101,20240712,Lenteja,6,7.65,Menestras,KILOGRAMO,KILOGRAMO
20250218,PIURA,PIURA,PIURA,200101,20240712,Pina criolla,2,3.3,Frutas,KILOGRAMO,KILOGRAMO
20250218,PIURA,PIURA,PIURA,200101,20240712,Zapallo macre,2.21,3.3,Hortalizas,KILOGRAMO,KILOGRAMO
20250218,PIURA,PIURA,PIURA,200101,20240712,Yuca blanca,1.91,3.75,Tuberculos,KILOGRAMO,KILOGRAMO
20250218,PIURA,PIURA,PIURA,200101,20240712,Palta fuerte,8.05,8.4,Frutas,KILOGRAMO,KILOGRAMO
20250218,PIURA,PIURA,PIURA,200101,20240712,Arroz extra,2.81,4.6,Cereales,SACO NORMAL,KILOGRAMO
20250218,PIURA,PIURA,PIURA,200101,20240712,Pallar,6.2,10.35,Menestras,KILOGRAMO,KILOGRAMO
20250218,PIURA,PIURA,PIURA,200101,20240712,Choclo (tipo cusco),4.12,8.3,Cereales,CIENTO,UNIDAD
20250218,PIURA,PIURA,PIURA,200101,20240712,Melocoton durazno huayco,4.53,9,Frutas,KILOGRAMO,KILOGRAMO
20250218,PIURA,PIURA,PIURA,200101,20240712,Uva red globe,4.88,6.4,Frutas,KILOGRAMO,KILOGRAMO
20250218,PIURA,PIURA,PIURA,200101,20240712,Azucar blanca nacional (granel),3.01,6.45,Agro-industriales,SACO NORMAL,KILOGRAMO
20250218,PIURA,PIURA,PIURA,200101,20240712,Papaya,2.13,3,Frutas,KILOGRAMO,KILOGRAMO
20250218,PIURA,PIURA,PIURA,200101,20240712,Leche evaporada (azul) 400 g,3.2,3.45,Agro-industriales,CAJA,LATA
20250218,PIURA,PIURA,PIURA,200101,20240712,Manzana israel,2.98,4.7,Frutas,KILOGRAMO,KILOGRAMO
20250218,PIURA,PIURA,PIURA,200101,20240712,Chirimoya cumbe,4.7,10,Frutas,CAJON CHICO,KILOGRAMO
20250218,PIURA,PIURA,PIURA,200101,20240712,Arroz superior,2.64,3.45,Cereales,SACO NORMAL,KILOGRAMO
20250218,PIURA,PIURA,PIURA,200101,20240712,Fideos nicolini tallarin,3.1,6.25,Agro-industriales,PAQUETE,KILOGRAMO
20250218,PIURA,PIURA,PIURA,200101,20240712,Manzana delicia,3.35,5.5,Frutas,KILOGRAMO,KILOGRAMO
20250218,PIURA,PIURA,PIURA,200101,20240712,Azucar rubia nacional (granel),3,5.15,Agro-industriales,SACO NORMAL,KILOGRAMO
20250218,PIURA,PIURA,PIURA,200101,20240703,Platano bellaco,1.2,2.4,Frutas,LITRO,LITRO
20250218,PIURA,PIURA,PIURA,200101,20240703,Carne de porcino (corte unico),12.6,18.75,Carnes y huevos,UNIDAD,KILOGRAMO
20250218,PIURA,PIURA,PIURA,200101,20240703,Leche fresca,5.65,7.45,Agro-industriales,LITRO,LITRO
20250218,PIURA,PIURA,PIURA,200101,20240703,Papa amarilla,3.26,6.2,Tuberculos,SACO GRANDE,KILOGRAMO
20250218,PIURA,PIURA,PIURA,200101,20240703,Aceite clasico botella 900 ml,10.42,12.61,Agro-industriales,CAJA CHICA,LITRO
20250218,PIURA,PIURA,PIURA,200101,20240703,Cebolla cabeza roja,2.12,4.65,Hortalizas,SACO,KILOGRAMO
20250218,PIURA,PIURA,PIURA,200101,20240703,Carne de pollo (eviscerado),8.45,9.85,Carnes y huevos,KILOGRAMO,KILOGRAMO
20250218,PIURA,PIURA,PIURA,200101,20240703,Aji rocoto,3.65,4.6,Hortalizas,KILOGRAMO,KILOGRAMO
20250218,PIURA,PIURA,PIURA,200101,20240703,Uva italia,4.71,7.55,Frutas,KILOGRAMO,KILOGRAMO
20250218,PIURA,PIURA,PIURA,200101,20240703,Uva alfonso lavalett,4.29,7.85,Frutas,KILOGRAMO,KILOGRAMO
20250218,PIURA,PIURA,PIURA,200101,20240703,Aji escabeche,1.49,3,Hortalizas,KILOGRAMO,MALLA
20250218,PIURA,PIURA,PIURA,200101,20240703,Tomate,4.02,5.05,Hortalizas,KILOGRAMO,KILOGRAMO
20250218,PIURA,PIURA,PIURA,200101,20240703,Frijol castilla,4.44,8.45,Menestras,KILOGRAMO,KILOGRAMO
20250218,PIURA,PIURA,PIURA,200101,20240703,Frijol canario,6.08,10.9,Menestras,KILOGRAMO,KILOGRAMO
20250218,PIURA,PIURA,PIURA,200101,20240703,Carne fresca de vacuno,13.4,18.9,Carnes y huevos,KILOGRAMO,KILOGRAMO
20250218,PIURA,PIURA,PIURA,200101,20240703,Huevos rosados,6.42,8.45,Carnes y huevos,KILOGRAMO,KILOGRAMO
20250218,PIURA,PIURA,PIURA,200101,20240703,Haba verde serrana,2.83,7.05,Legumbres,KILOGRAMO,KILOGRAMO
20250218,PIURA,PIURA,PIURA,200101,20240703,Garbanzo,5.93,11.5,Menestras,KILOGRAMO,KILOGRAMO
20250218,PIURA,PIURA,PIURA,200101,20240703,Olluco largo,3.7,5.7,Tuberculos,KILOGRAMO,KILOGRAMO
20250218,PIURA,PIURA,PIURA,200101,20240703,Sandia,2.4,3.5,Frutas,KILOGRAMO,KILOGRAMO
20250218,PIURA,PIURA,PIURA,200101,20240703,Naranja valencia,3.18,5.85,Frutas,KILOGRAMO,KILOGRAMO
20250218,PIURA,PIURA,PIURA,200101,20240703,Limon sutil bolsa,1.96,5.55,Frutas,KILOGRAMO,KILOGRAMO
20250218,PIURA,PIURA,PIURA,200101,20240703,Platano seda congo,1.61,3.35,Frutas,KILOGRAMO,KILOGRAMO
20250218,PIURA,PIURA,PIURA,200101,20240703,Vainita americana,2.69,5.55,Legumbres,KILOGRAMO,KILOGRAMO
20250218,PIURA,PIURA,PIURA,200101,20240703,Lenteja,6,7.65,Menestras,KILOGRAMO,KILOGRAMO
20250218,PIURA,PIURA,PIURA,200101,20240703,Zapallo macre,1.67,3.25,Hortalizas,KILOGRAMO,KILOGRAMO
20250218,PIURA,PIURA,PIURA,200101,20240703,Yuca blanca,1.91,3.75,Tuberculos,KILOGRAMO,KILOGRAMO
20250218,PIURA,PIURA,PIURA,200101,20240703,Palta fuerte,8.05,8.4,Frutas,KILOGRAMO,KILOGRAMO
20250218,PIURA,PIURA,PIURA,200101,20240703,Arroz extra,2.81,4.6,Cereales,SACO NORMAL,KILOGRAMO
20250218,PIURA,PIURA,PIURA,200101,20240703,Pallar,6.2,10.35,Menestras,KILOGRAMO,KILOGRAMO
20250218,PIURA,PIURA,PIURA,200101,20240703,Pina criolla,2,3.3,Frutas,KILOGRAMO,KILOGRAMO
20250218,PIURA,PIURA,PIURA,200101,20240703,Choclo (tipo cusco),4.06,8.4,Cereales,CIENTO,UNIDAD
20250218,PIURA,PIURA,PIURA,200101,20240703,Melocoton durazno huayco,4.5,9,Frutas,KILOGRAMO,KILOGRAMO
20250218,PIURA,PIURA,PIURA,200101,20240703,Uva red globe,4.79,6.4,Frutas,KILOGRAMO,KILOGRAMO
20250218,PIURA,PIURA,PIURA,200101,20240703,Azucar blanca nacional (granel),3.01,6.45,Agro-industriales,SACO NORMAL,KILOGRAMO
20250218,PIURA,PIURA,PIURA,200101,20240703,Papaya,2.01,3,Frutas,KILOGRAMO,KILOGRAMO
20250218,PIURA,PIURA,PIURA,200101,20240703,Leche evaporada (azul) 400 g,3.19,3.4,Agro-industriales,CAJA,LATA
20250218,PIURA,PIURA,PIURA,200101,20240703,Manzana israel,2.95,4.7,Frutas,KILOGRAMO,KILOGRAMO
20250218,PIURA,PIURA,PIURA,200101,20240703,Chirimoya cumbe,4.7,10,Frutas,CAJON CHICO,KILOGRAMO
20250218,PIURA,PIURA,PIURA,200101,20240703,Arroz superior,2.63,3.45,Cereales,SACO NORMAL,KILOGRAMO
20250218,PIURA,PIURA,PIURA,200101,20240703,Fideos nicolini tallarin,3.15,6.25,Agro-industriales,PAQUETE,KILOGRAMO
20250218,PIURA,PIURA,PIURA,200101,20240703,Manzana delicia,3.35,5.5,Frutas,KILOGRAMO,KILOGRAMO
20250218,PIURA,PIURA,PIURA,200101,20240703,Azucar rubia nacional (granel),2.99,5.15,Agro-industriales,SACO NORMAL,KILOGRAMO
20250218,PIURA,PIURA,PIURA,200101,20240703,Camote morado,1.32,3.4,Tuberculos,SACO GRANDE,KILOGRAMO
20250218,PIURA,PIURA,PIURA,200101,20240703,Zanahoria,2,4.45,Hortalizas,SACO MEDIANO,KILOGRAMO
20250218,PIURA,PIURA,PIURA,200101,20240703,Arveja verde blanca serrana,3.32,5.7,Legumbres,MALLA MEDIANA,KILOGRAMO
20250218,PIURA,PIURA,PIURA,200101,20240703,Papa canchan,2.01,2.75,Tuberculos,SACO GRANDE,KILOGRAMO
20250218,PIURA,PIURA,PIURA,200101,20240703,Ajo criollo o napuri,8.47,13.75,Hortalizas,MALLA MEDIANA,KILOGRAMO
20250218,PIURA,PIURA,PIURA,200101,20240703,Melon coquito,2.96,4.15,Frutas,KILOGRAMO,KILOGRAMO
20250218,PIURA,PIURA,PIURA,200101,20240701,Carne de pollo (eviscerado),8.45,9.85,Carnes y huevos,KILOGRAMO,KILOGRAMO
20250218,PIURA,PIURA,PIURA,200101,20240701,Aji rocoto,3.65,4.6,Hortalizas,KILOGRAMO,KILOGRAMO
20250218,PIURA,PIURA,PIURA,200101,20240701,Uva italia,4.71,7.6,Frutas,KILOGRAMO,KILOGRAMO
20250218,PIURA,PIURA,PIURA,200101,20240701,Uva alfonso lavalett,4.29,7.85,Frutas,KILOGRAMO,KILOGRAMO
20250218,PIURA,PIURA,PIURA,200101,20240701,Aji escabeche,1.49,3,Hortalizas,KILOGRAMO,MALLA
20250218,PIURA,PIURA,PIURA,200101,20240701,Tomate,4.02,5,Hortalizas,KILOGRAMO,KILOGRAMO
20250218,PIURA,PIURA,PIURA,200101,20240701,Frijol castilla,4.43,8.55,Menestras,KILOGRAMO,KILOGRAMO
20250218,PIURA,PIURA,PIURA,200101,20240701,Frijol canario,6.09,10.85,Menestras,KILOGRAMO,KILOGRAMO
20250218,PIURA,PIURA,PIURA,200101,20240701,Carne fresca de vacuno,13.5,18.9,Carnes y huevos,KILOGRAMO,KILOGRAMO
20250218,PIURA,PIURA,PIURA,200101,20240701,Huevos rosados,6.42,8.45,Carnes y huevos,KILOGRAMO,KILOGRAMO
20250218,PIURA,PIURA,PIURA,200101,20240701,Haba verde serrana,2.81,7.05,Legumbres,KILOGRAMO,KILOGRAMO
20250218,PIURA,PIURA,PIURA,200101,20240701,Garbanzo,5.93,11.5,Menestras,KILOGRAMO,KILOGRAMO
20250218,PIURA,PIURA,PIURA,200101,20240701,Olluco largo,3.7,5.7,Tuberculos,KILOGRAMO,KILOGRAMO
20250218,PIURA,PIURA,PIURA,200101,20240701,Sandia,2.4,3.5,Frutas,KILOGRAMO,KILOGRAMO
20250218,PIURA,PIURA,PIURA,200101,20240701,Naranja valencia,3.18,5.85,Frutas,KILOGRAMO,KILOGRAMO
20250218,PIURA,PIURA,PIURA,200101,20240701,Limon sutil bolsa,1.99,5.6,Frutas,KILOGRAMO,KILOGRAMO
20250218,PIURA,PIURA,PIURA,200101,20240701,Platano seda congo,1.61,3.35,Frutas,KILOGRAMO,KILOGRAMO
20250218,PIURA,PIURA,PIURA,200101,20240701,Vainita americana,2.69,5.55,Legumbres,KILOGRAMO,KILOGRAMO
20250218,PIURA,PIURA,PIURA,200101,20240701,Lenteja,6,7.65,Menestras,KILOGRAMO,KILOGRAMO
20250218,PIURA,PIURA,PIURA,200101,20240701,Zapallo macre,1.67,3.25,Hortalizas,KILOGRAMO,KILOGRAMO
20250218,PIURA,PIURA,PIURA,200101,20240701,Yuca blanca,1.89,3.75,Tuberculos,KILOGRAMO,KILOGRAMO
20250218,PIURA,PIURA,PIURA,200101,20240701,Palta fuerte,8.05,8.5,Frutas,KILOGRAMO,KILOGRAMO
20250218,PIURA,PIURA,PIURA,200101,20240701,Arroz extra,2.83,4.6,Cereales,SACO NORMAL,KILOGRAMO
20250218,PIURA,PIURA,PIURA,200101,20240701,Pallar,6.2,10.35,Menestras,KILOGRAMO,KILOGRAMO
20250218,PIURA,PIURA,PIURA,200101,20240701,Melocoton durazno huayco,4.5,9,Frutas,KILOGRAMO,KILOGRAMO
20250218,PIURA,PIURA,PIURA,200101,20240701,Uva red globe,4.79,6.5,Frutas,KILOGRAMO,KILOGRAMO
20250218,PIURA,PIURA,PIURA,200101,20240701,Azucar blanca nacional (granel),3.04,6.45,Agro-industriales,SACO NORMAL,KILOGRAMO
20250218,PIURA,PIURA,PIURA,200101,20240701,Papaya,2.01,3,Frutas,KILOGRAMO,KILOGRAMO
20250218,PIURA,PIURA,PIURA,200101,20240701,Leche evaporada (azul) 400 g,3.19,3.4,Agro-industriales,CAJA,LATA
20250218,PIURA,PIURA,PIURA,200101,20240701,Manzana israel,2.95,4.7,Frutas,KILOGRAMO,KILOGRAMO
20250218,PIURA,PIURA,PIURA,200101,20240701,Chirimoya cumbe,4.7,10,Frutas,CAJON CHICO,KILOGRAMO
20250218,PIURA,PIURA,PIURA,200101,20240701,Arroz superior,2.64,3.45,Cereales,SACO NORMAL,KILOGRAMO
20250218,PIURA,PIURA,PIURA,200101,20240701,Fideos nicolini tallarin,3.15,6.25,Agro-industriales,PAQUETE,KILOGRAMO
20250218,PIURA,PIURA,PIURA,200101,20240701,Manzana delicia,3.35,5.5,Frutas,KILOGRAMO,KILOGRAMO
20250218,PIURA,PIURA,PIURA,200101,20240701,Azucar rubia nacional (granel),2.99,5.15,Agro-industriales,SACO NORMAL,KILOGRAMO
20250218,PIURA,PIURA,PIURA,200101,20240701,Choclo (tipo cusco),4.06,8.35,Cereales,CIENTO,UNIDAD
20250218,PIURA,PIURA,PIURA,200101,20240701,Camote morado,1.34,3.5,Tuberculos,SACO GRANDE,KILOGRAMO
20250218,PIURA,PIURA,PIURA,200101,20240701,Zanahoria,2,4.4,Hortalizas,SACO MEDIANO,KILOGRAMO
20250218,PIURA,PIURA,PIURA,200101,20240701,Carne de porcino (corte unico),12.6,18.75,Carnes y huevos,UNIDAD,KILOGRAMO
20250218,PIURA,PIURA,PIURA,200101,20240701,Arveja verde blanca serrana,3.28,5.7,Legumbres,MALLA MEDIANA,KILOGRAMO
20250218,PIURA,PIURA,PIURA,200101,20240701,Papa canchan,2.01,2.75,Tuberculos,SACO GRANDE,KILOGRAMO
20250218,PIURA,PIURA,PIURA,200101,20240701,Ajo criollo o napuri,8.53,13.75,Hortalizas,MALLA MEDIANA,KILOGRAMO
20250218,PIURA,PIURA,PIURA,200101,20240701,Melon coquito,3.04,4.1,Frutas,KILOGRAMO,KILOGRAMO
20250218,PIURA,PIURA,PIURA,200101,20240701,Platano bellaco,1.21,2.35,Frutas,LITRO,LITRO
20250218,PIURA,PIURA,PIURA,200101,20240701,Leche fresca,5.7,7.45,Agro-industriales,LITRO,LITRO
20250218,PIURA,PIURA,PIURA,200101,20240701,Papa amarilla,3.27,6.35,Tuberculos,SACO GRANDE,KILOGRAMO
20250218,PIURA,PIURA,PIURA,200101,20240701,Aceite clasico botella 900 ml,10.42,12.5,Agro-industriales,CAJA CHICA,LITRO
20250218,PIURA,PIURA,PIURA,200101,20240701,Cebolla cabeza roja,2.12,4.7,Hortalizas,SACO,KILOGRAMO
20250218,PIURA,PIURA,PIURA,200101,20240626,Tomate,3.82,5,Hortalizas,KILOGRAMO,KILOGRAMO
20250218,PIURA,PIURA,PIURA,200101,20240626,Frijol castilla,4.37,8.45,Menestras,KILOGRAMO,KILOGRAMO
20250218,PIURA,PIURA,PIURA,200101,20240626,Frijol canario,5.89,10.8,Menestras,KILOGRAMO,KILOGRAMO
20250218,PIURA,PIURA,PIURA,200101,20240626,Carne fresca de vacuno,13.1,18.9,Carnes y huevos,KILOGRAMO,KILOGRAMO
20250218,PIURA,PIURA,PIURA,200101,20240626,Huevos rosados,6.35,8.45,Carnes y huevos,KILOGRAMO,KILOGRAMO
20250218,PIURA,PIURA,PIURA,200101,20240626,Haba verde serrana,2.75,7.05,Legumbres,KILOGRAMO,KILOGRAMO
20250218,PIURA,PIURA,PIURA,200101,20240626,Garbanzo,5.93,11.5,Menestras,KILOGRAMO,KILOGRAMO
20250218,PIURA,PIURA,PIURA,200101,20240626,Olluco largo,3.7,5.35,Tuberculos,KILOGRAMO,KILOGRAMO
20250218,PIURA,PIURA,PIURA,200101,20240626,Sandia,2.4,3.5,Frutas,KILOGRAMO,KILOGRAMO
20250218,PIURA,PIURA,PIURA,200101,20240626,Naranja valencia,3.18,5.85,Frutas,KILOGRAMO,KILOGRAMO
20250218,PIURA,PIURA,PIURA,200101,20240626,Limon sutil bolsa,1.96,5.6,Frutas,KILOGRAMO,KILOGRAMO
20250218,PIURA,PIURA,PIURA,200101,20240626,Platano seda congo,1.54,3.35,Frutas,KILOGRAMO,KILOGRAMO
20250218,PIURA,PIURA,PIURA,200101,20240626,Vainita americana,2.63,5.45,Legumbres,KILOGRAMO,KILOGRAMO
20250218,PIURA,PIURA,PIURA,200101,20240626,Lenteja,6,7.65,Menestras,KILOGRAMO,KILOGRAMO
20250218,PIURA,PIURA,PIURA,200101,20240626,Zapallo macre,1.57,3.25,Hortalizas,KILOGRAMO,KILOGRAMO
20250218,PIURA,PIURA,PIURA,200101,20240626,Yuca blanca,1.89,3.45,Tuberculos,KILOGRAMO,KILOGRAMO
20250218,PIURA,PIURA,PIURA,200101,20240626,Palta fuerte,7.75,8.5,Frutas,KILOGRAMO,KILOGRAMO
20250218,PIURA,PIURA,PIURA,200101,20240626,Arroz extra,2.79,4.6,Cereales,SACO NORMAL,KILOGRAMO
20250218,PIURA,PIURA,PIURA,200101,20240626,Pallar,6.2,10.35,Menestras,KILOGRAMO,KILOGRAMO
20250218,PIURA,PIURA,PIURA,200101,20240626,Melocoton durazno huayco,4.48,9,Frutas,KILOGRAMO,KILOGRAMO
20250218,PIURA,PIURA,PIURA,200101,20240626,Uva red globe,4.63,6.5,Frutas,KILOGRAMO,KILOGRAMO
20250218,PIURA,PIURA,PIURA,200101,20240626,Azucar blanca nacional (granel),3.01,6.2,Agro-industriales,SACO NORMAL,KILOGRAMO
20250218,PIURA,PIURA,PIURA,200101,20240626,Papaya,2.01,2.75,Frutas,KILOGRAMO,KILOGRAMO
20250218,PIURA,PIURA,PIURA,200101,20240626,Leche evaporada (azul) 400 g,3.19,3.4,Agro-industriales,CAJA,LATA
20250218,PIURA,PIURA,PIURA,200101,20240626,Manzana israel,2.7,4.6,Frutas,KILOGRAMO,KILOGRAMO
20250218,PIURA,PIURA,PIURA,200101,20240626,Arroz superior,2.64,3.45,Cereales,SACO NORMAL,KILOGRAMO
20250218,PIURA,PIURA,PIURA,200101,20240626,Fideos nicolini tallarin,3.15,6.25,Agro-industriales,PAQUETE,KILOGRAMO
20250218,PIURA,PIURA,PIURA,200101,20240626,Manzana delicia,3.35,5.45,Frutas,KILOGRAMO,KILOGRAMO
20250218,PIURA,PIURA,PIURA,200101,20240626,Azucar rubia nacional (granel),2.94,5.15,Agro-industriales,SACO NORMAL,KILOGRAMO
20250218,PIURA,PIURA,PIURA,200101,20240626,Pina criolla,2,3.3,Frutas,KILOGRAMO,KILOGRAMO
20250218,PIURA,PIURA,PIURA,200101,20240626,Choclo (tipo cusco),4.06,8.35,Cereales,CIENTO,UNIDAD
20250218,PIURA,PIURA,PIURA,200101,20240626,Camote morado,1.3,2.95,Tuberculos,SACO GRANDE,KILOGRAMO
20250218,PIURA,PIURA,PIURA,200101,20240626,Zanahoria,1.95,4.25,Hortalizas,SACO MEDIANO,KILOGRAMO
20250218,PIURA,PIURA,PIURA,200101,20240626,Carne de porcino (corte unico),12.6,17.95,Carnes y huevos,UNIDAD,KILOGRAMO
20250218,PIURA,PIURA,PIURA,200101,20240626,Arveja verde blanca serrana,3.07,5.65,Legumbres,MALLA MEDIANA,KILOGRAMO
20250218,PIURA,PIURA,PIURA,200101,20240626,Papa canchan,1.88,2.75,Tuberculos,SACO GRANDE,KILOGRAMO
20250218,PIURA,PIURA,PIURA,200101,20240626,Ajo criollo o napuri,8.15,12.85,Hortalizas,MALLA MEDIANA,KILOGRAMO
20250218,PIURA,PIURA,PIURA,200101,20240626,Melon coquito,2.83,4.05,Frutas,KILOGRAMO,KILOGRAMO
20250218,PIURA,PIURA,PIURA,200101,20240626,Platano bellaco,1.21,2.35,Frutas,LITRO,LITRO
20250218,PIURA,PIURA,PIURA,200101,20240626,Leche fresca,5.7,7.45,Agro-industriales,LITRO,LITRO
20250218,PIURA,PIURA,PIURA,200101,20240626,Papa amarilla,2.98,6.15,Tuberculos,SACO GRANDE,KILOGRAMO
20250218,PIURA,PIURA,PIURA,200101,20240626,Aceite clasico botella 900 ml,10.32,12.72,Agro-industriales,CAJA CHICA,LITRO
20250218,PIURA,PIURA,PIURA,200101,20240626,Cebolla cabeza roja,2.12,4.65,Hortalizas,SACO,KILOGRAMO
20250218,PIURA,PIURA,PIURA,200101,20240626,Carne de pollo (eviscerado),8.15,9.85,Carnes y huevos,KILOGRAMO,KILOGRAMO
20250218,PIURA,PIURA,PIURA,200101,20240626,Aji rocoto,3.35,4.6,Hortalizas,KILOGRAMO,KILOGRAMO
20250218,PIURA,PIURA,PIURA,200101,20240626,Uva italia,4.71,7.6,Frutas,KILOGRAMO,KILOGRAMO
20250218,PIURA,PIURA,PIURA,200101,20240626,Uva alfonso lavalett,4.17,7.85,Frutas,KILOGRAMO,KILOGRAMO
20250218,PIURA,PIURA,PIURA,200101,20240626,Aji escabeche,1.46,3,Hortalizas,KILOGRAMO,MALLA
20250218,PIURA,PIURA,PIURA,200101,20240624,Huevos rosados,6.35,8.4,Carnes y huevos,KILOGRAMO,KILOGRAMO
20250218,PIURA,PIURA,PIURA,200101,20240624,Haba verde serrana,2.73,7.05,Legumbres,KILOGRAMO,KILOGRAMO
20250218,PIURA,PIURA,PIURA,200101,20240624,Garbanzo,5.93,11.5,Menestras,KILOGRAMO,KILOGRAMO
20250218,PIURA,PIURA,PIURA,200101,20240624,Olluco largo,3.7,5.35,Tuberculos,KILOGRAMO,KILOGRAMO
20250218,PIURA,PIURA,PIURA,200101,20240624,Sandia,2.4,3.5,Frutas,KILOGRAMO,KILOGRAMO
20250218,PIURA,PIURA,PIURA,200101,20240624,Naranja valencia,3.18,5.85,Frutas,KILOGRAMO,KILOGRAMO
20250218,PIURA,PIURA,PIURA,200101,20240624,Limon sutil bolsa,1.72,6,Frutas,KILOGRAMO,KILOGRAMO
20250218,PIURA,PIURA,PIURA,200101,20240624,Platano seda congo,1.54,3.5,Frutas,KILOGRAMO,KILOGRAMO
20250218,PIURA,PIURA,PIURA,200101,20240624,Vainita americana,2.63,5.45,Legumbres,KILOGRAMO,KILOGRAMO
20250218,PIURA,PIURA,PIURA,200101,20240624,Lenteja,6,7.65,Menestras,KILOGRAMO,KILOGRAMO
20250218,PIURA,PIURA,PIURA,200101,20240624,Zapallo macre,1.52,3.25,Hortalizas,KILOGRAMO,KILOGRAMO
20250218,PIURA,PIURA,PIURA,200101,20240624,Yuca blanca,1.85,3.45,Tuberculos,KILOGRAMO,KILOGRAMO
20250218,PIURA,PIURA,PIURA,200101,20240624,Palta fuerte,7.75,8.5,Frutas,KILOGRAMO,KILOGRAMO
20250218,PIURA,PIURA,PIURA,200101,20240624,Arroz extra,2.78,4.6,Cereales,SACO NORMAL,KILOGRAMO
20250218,PIURA,PIURA,PIURA,200101,20240624,Pallar,6.2,10.35,Menestras,KILOGRAMO,KILOGRAMO
20250218,PIURA,PIURA,PIURA,200101,20240624,Melocoton durazno huayco,5.48,8.75,Frutas,KILOGRAMO,KILOGRAMO
20250218,PIURA,PIURA,PIURA,200101,20240624,Uva red globe,4.54,6.5,Frutas,KILOGRAMO,KILOGRAMO
20250218,PIURA,PIURA,PIURA,200101,20240624,Azucar blanca nacional (granel),3.01,6.6,Agro-industriales,SACO NORMAL,KILOGRAMO
20250218,PIURA,PIURA,PIURA,200101,20240624,Papaya,2,2.75,Frutas,KILOGRAMO,KILOGRAMO
20250218,PIURA,PIURA,PIURA,200101,20240624,Leche evaporada (azul) 400 g,3.09,3.4,Agro-industriales,CAJA,LATA
20250218,PIURA,PIURA,PIURA,200101,20240624,Manzana israel,2.68,4.6,Frutas,KILOGRAMO,KILOGRAMO
20250218,PIURA,PIURA,PIURA,200101,20240624,Arroz superior,2.62,3.45,Cereales,SACO NORMAL,KILOGRAMO
20250218,PIURA,PIURA,PIURA,200101,20240624,Fideos nicolini tallarin,3.15,6.25,Agro-industriales,PAQUETE,KILOGRAMO
20250218,PIURA,PIURA,PIURA,200101,20240624,Manzana delicia,3.25,5.45,Frutas,KILOGRAMO,KILOGRAMO
20250218,PIURA,PIURA,PIURA,200101,20240624,Azucar rubia nacional (granel),2.92,5.4,Agro-industriales,SACO NORMAL,KILOGRAMO
20250218,PIURA,PIURA,PIURA,200101,20240624,Pina criolla,2,3.3,Frutas,KILOGRAMO,KILOGRAMO
20250218,PIURA,PIURA,PIURA,200101,20240624,Choclo (tipo cusco),4.06,8.35,Cereales,CIENTO,UNIDAD
20250218,PIURA,PIURA,PIURA,200101,20240624,Camote morado,1.29,2.95,Tuberculos,SACO GRANDE,KILOGRAMO
20250218,PIURA,PIURA,PIURA,200101,20240624,Zanahoria,1.95,4.25,Hortalizas,SACO MEDIANO,KILOGRAMO
20250218,PIURA,PIURA,PIURA,200101,20240624,Carne de porcino (corte unico),12.4,17.95,Carnes y huevos,UNIDAD,KILOGRAMO
20250218,PIURA,PIURA,PIURA,200101,20240624,Arveja verde blanca serrana,3.05,5.65,Legumbres,MALLA MEDIANA,KILOGRAMO
20250218,PIURA,PIURA,PIURA,200101,20240624,Papa canchan,1.87,2.75,Tuberculos,SACO GRANDE,KILOGRAMO
20250218,PIURA,PIURA,PIURA,200101,20240624,Ajo criollo o napuri,8.2,12.9,Hortalizas,MALLA MEDIANA,KILOGRAMO
20250218,PIURA,PIURA,PIURA,200101,20240624,Melon coquito,2.67,4.05,Frutas,KILOGRAMO,KILOGRAMO
20250218,PIURA,PIURA,PIURA,200101,20240624,Platano bellaco,1.2,2.35,Frutas,LITRO,LITRO
20250218,PIURA,PIURA,PIURA,200101,20240624,Leche fresca,5.7,7.45,Agro-industriales,LITRO,LITRO
20250218,PIURA,PIURA,PIURA,200101,20240624,Papa amarilla,3,6.05,Tuberculos,SACO GRANDE,KILOGRAMO
20250218,PIURA,PIURA,PIURA,200101,20240624,Aceite clasico botella 900 ml,10.28,12.4,Agro-industriales,CAJA CHICA,LITRO
20250218,PIURA,PIURA,PIURA,200101,20240624,Cebolla cabeza roja,2.13,4.65,Hortalizas,SACO,KILOGRAMO
20250218,PIURA,PIURA,PIURA,200101,20240624,Carne de pollo (eviscerado),8.05,9.85,Carnes y huevos,KILOGRAMO,KILOGRAMO
20250218,PIURA,PIURA,PIURA,200101,20240624,Aji rocoto,3.33,4.6,Hortalizas,KILOGRAMO,KILOGRAMO
20250218,PIURA,PIURA,PIURA,200101,20240624,Uva alfonso lavalett,4.17,7.85,Frutas,KILOGRAMO,KILOGRAMO
20250218,PIURA,PIURA,PIURA,200101,20240624,Aji escabeche,1.43,2.9,Hortalizas,KILOGRAMO,MALLA
20250218,PIURA,PIURA,PIURA,200101,20240624,Tomate,3.8,5,Hortalizas,KILOGRAMO,KILOGRAMO
20250218,PIURA,PIURA,PIURA,200101,20240624,Frijol castilla,4.3,8.55,Menestras,KILOGRAMO,KILOGRAMO
20250218,PIURA,PIURA,PIURA,200101,20240624,Frijol canario,5.9,10.85,Menestras,KILOGRAMO,KILOGRAMO
20250218,PIURA,PIURA,PIURA,200101,20240624,Carne fresca de vacuno,13.1,18.9,Carnes y huevos,KILOGRAMO,KILOGRAMO
20250218,PIURA,PIURA,PIURA,200101,20240621,Olluco largo,3.7,5.35,Tuberculos,KILOGRAMO,KILOGRAMO
20250218,PIURA,PIURA,PIURA,200101,20240621,Sandia,2.4,3.5,Frutas,KILOGRAMO,KILOGRAMO
20250218,PIURA,PIURA,PIURA,200101,20240621,Naranja valencia,2.79,5.8,Frutas,KILOGRAMO,KILOGRAMO
20250218,PIURA,PIURA,PIURA,200101,20240621,Limon sutil bolsa,1.62,6.6,Frutas,KILOGRAMO,KILOGRAMO
20250218,PIURA,PIURA,PIURA,200101,20240621,Platano seda congo,1.54,3.35,Frutas,KILOGRAMO,KILOGRAMO
20250218,PIURA,PIURA,PIURA,200101,20240621,Vainita americana,2.5,5.45,Legumbres,KILOGRAMO,KILOGRAMO
20250218,PIURA,PIURA,PIURA,200101,20240621,Lenteja,6,7.55,Menestras,KILOGRAMO,KILOGRAMO
20250218,PIURA,PIURA,PIURA,200101,20240621,Zapallo macre,1.52,3.25,Hortalizas,KILOGRAMO,KILOGRAMO
20250218,PIURA,PIURA,PIURA,200101,20240621,Yuca blanca,1.84,3.3,Tuberculos,KILOGRAMO,KILOGRAMO
20250218,PIURA,PIURA,PIURA,200101,20240621,Palta fuerte,7.75,8.45,Frutas,KILOGRAMO,KILOGRAMO
20250218,PIURA,PIURA,PIURA,200101,20240621,Arroz extra,2.78,4.65,Cereales,SACO NORMAL,KILOGRAMO
20250218,PIURA,PIURA,PIURA,200101,20240621,Pallar,5.8,9.95,Menestras,KILOGRAMO,KILOGRAMO
20250218,PIURA,PIURA,PIURA,200101,20240621,Melocoton durazno huayco,4.48,8.4,Frutas,KILOGRAMO,KILOGRAMO
20250218,PIURA,PIURA,PIURA,200101,20240621,Uva red globe,4.38,6.5,Frutas,KILOGRAMO,KILOGRAMO
20250218,PIURA,PIURA,PIURA,200101,20240621,Azucar blanca nacional (granel),3.13,6.6,Agro-industriales,SACO NORMAL,KILOGRAMO
20250218,PIURA,PIURA,PIURA,200101,20240621,Papaya,2,2.75,Frutas,KILOGRAMO,KILOGRAMO
20250218,PIURA,PIURA,PIURA,200101,20240621,Leche evaporada (azul) 400 g,3.2,3.4,Agro-industriales,CAJA,LATA
20250218,PIURA,PIURA,PIURA,200101,20240621,Manzana israel,2.5,4.6,Frutas,KILOGRAMO,KILOGRAMO
20250218,PIURA,PIURA,PIURA,200101,20240621,Arroz superior,2.62,3.45,Cereales,SACO NORMAL,KILOGRAMO
20250218,PIURA,PIURA,PIURA,200101,20240621,Fideos nicolini tallarin,3.15,6.25,Agro-industriales,PAQUETE,KILOGRAMO
20250218,PIURA,PIURA,PIURA,200101,20240621,Manzana delicia,3.08,6.1,Frutas,KILOGRAMO,KILOGRAMO
20250218,PIURA,PIURA,PIURA,200101,20240621,Azucar rubia nacional (granel),3,5.35,Agro-industriales,SACO NORMAL,KILOGRAMO
20250218,PIURA,PIURA,PIURA,200101,20240621,Pina criolla,2,3.3,Frutas,KILOGRAMO,KILOGRAMO
20250218,PIURA,PIURA,PIURA,200101,20240621,Choclo (tipo cusco),4,8.2,Cereales,CIENTO,UNIDAD
20250218,PIURA,PIURA,PIURA,200101,20240621,Camote morado,1.29,2.6,Tuberculos,SACO GRANDE,KILOGRAMO
20250218,PIURA,PIURA,PIURA,200101,20240621,Zanahoria,1.78,4.25,Hortalizas,SACO MEDIANO,KILOGRAMO
20250218,PIURA,PIURA,PIURA,200101,20240621,Carne de porcino (corte unico),12.4,17.95,Carnes y huevos,UNIDAD,KILOGRAMO
20250218,PIURA,PIURA,PIURA,200101,20240621,Arveja verde blanca serrana,3.05,5.6,Legumbres,MALLA MEDIANA,KILOGRAMO
20250218,PIURA,PIURA,PIURA,200101,20240621,Papa canchan,1.8,2.55,Tuberculos,SACO GRANDE,KILOGRAMO
20250218,PIURA,PIURA,PIURA,200101,20240621,Ajo criollo o napuri,6.04,12.75,Hortalizas,MALLA MEDIANA,KILOGRAMO
20250218,PIURA,PIURA,PIURA,200101,20240621,Melon coquito,2.46,4.5,Frutas,KILOGRAMO,KILOGRAMO
20250218,PIURA,PIURA,PIURA,200101,20240621,Platano bellaco,1.19,2.35,Frutas,LITRO,LITRO
20250218,PIURA,PIURA,PIURA,200101,20240621,Leche fresca,5.7,7.45,Agro-industriales,LITRO,LITRO
20250218,PIURA,PIURA,PIURA,200101,20240621,Chirimoya cumbe,4.6,10,Frutas,CAJON CHICO,KILOGRAMO
20250218,PIURA,PIURA,PIURA,200101,20240621,Papa amarilla,3.28,6.05,Tuberculos,SACO GRANDE,KILOGRAMO
20250218,PIURA,PIURA,PIURA,200101,20240621,Aceite clasico botella 900 ml,10.28,12.72,Agro-industriales,CAJA CHICA,LITRO
20250218,PIURA,PIURA,PIURA,200101,20240621,Cebolla cabeza roja,2.03,4.5,Hortalizas,SACO,KILOGRAMO
20250218,PIURA,PIURA,PIURA,200101,20240621,Carne de pollo (eviscerado),8.05,9.85,Carnes y huevos,KILOGRAMO,KILOGRAMO
20250218,PIURA,PIURA,PIURA,200101,20240621,Aji rocoto,3.13,4.6,Hortalizas,KILOGRAMO,KILOGRAMO
20250218,PIURA,PIURA,PIURA,200101,20240621,Uva alfonso lavalett,4.13,7.85,Frutas,KILOGRAMO,KILOGRAMO
20250218,PIURA,PIURA,PIURA,200101,20240621,Aji escabeche,1.43,2.9,Hortalizas,KILOGRAMO,MALLA
20250218,PIURA,PIURA,PIURA,200101,20240621,Tomate,3.64,5.35,Hortalizas,KILOGRAMO,KILOGRAMO
20250218,PIURA,PIURA,PIURA,200101,20240621,Frijol castilla,6.33,8.3,Menestras,KILOGRAMO,KILOGRAMO
20250218,PIURA,PIURA,PIURA,200101,20240621,Uva italia,4.71,7.6,Frutas,KILOGRAMO,KILOGRAMO
20250218,PIURA,PIURA,PIURA,200101,20240621,Frijol canario,7.2,10,Menestras,KILOGRAMO,KILOGRAMO
20250218,PIURA,PIURA,PIURA,200101,20240621,Carne fresca de vacuno,13.1,18.95,Carnes y huevos,KILOGRAMO,KILOGRAMO
20250218,PIURA,PIURA,PIURA,200101,20240621,Huevos rosados,6.13,8.4,Carnes y huevos,KILOGRAMO,KILOGRAMO
20250218,PIURA,PIURA,PIURA,200101,20240621,Haba verde serrana,2.51,7.1,Legumbres,KILOGRAMO,KILOGRAMO
20250218,PIURA,PIURA,PIURA,200101,20240621,Garbanzo,8.45,10.8,Menestras,KILOGRAMO,KILOGRAMO
20250218,PIURA,PIURA,PIURA,200101,20240617,Zapallo macre,1.52,3.25,Hortalizas,KILOGRAMO,KILOGRAMO
20250218,PIURA,PIURA,PIURA,200101,20240617,Yuca blanca,1.84,3.3,Tuberculos,KILOGRAMO,KILOGRAMO
20250218,PIURA,PIURA,PIURA,200101,20240617,Palta fuerte,7.75,8.45,Frutas,KILOGRAMO,KILOGRAMO
20250218,PIURA,PIURA,PIURA,200101,20240617,Arroz extra,2.78,4.65,Cereales,SACO NORMAL,KILOGRAMO
20250218,PIURA,PIURA,PIURA,200101,20240617,Pallar,5.8,9.95,Menestras,KILOGRAMO,KILOGRAMO
20250218,PIURA,PIURA,PIURA,200101,20240617,Melocoton durazno huayco,4.48,8.4,Frutas,KILOGRAMO,KILOGRAMO
20250218,PIURA,PIURA,PIURA,200101,20240617,Uva red globe,4.33,6.5,Frutas,KILOGRAMO,KILOGRAMO
20250218,PIURA,PIURA,PIURA,200101,20240617,Azucar blanca nacional (granel),3.1,6.2,Agro-industriales,SACO NORMAL,KILOGRAMO
20250218,PIURA,PIURA,PIURA,200101,20240617,Papaya,2,2.75,Frutas,KILOGRAMO,KILOGRAMO
20250218,PIURA,PIURA,PIURA,200101,20240617,Leche evaporada (azul) 400 g,3.22,3.4,Agro-industriales,CAJA,LATA
20250218,PIURA,PIURA,PIURA,200101,20240617,Manzana israel,2.45,4.6,Frutas,KILOGRAMO,KILOGRAMO
20250218,PIURA,PIURA,PIURA,200101,20240617,Arroz superior,2.62,3.3,Cereales,SACO NORMAL,KILOGRAMO
20250218,PIURA,PIURA,PIURA,200101,20240617,Fideos nicolini tallarin,3.15,5.45,Agro-industriales,PAQUETE,KILOGRAMO
20250218,PIURA,PIURA,PIURA,200101,20240617,Manzana delicia,3.08,6.05,Frutas,KILOGRAMO,KILOGRAMO
20250218,PIURA,PIURA,PIURA,200101,20240617,Azucar rubia nacional (granel),3,5.35,Agro-industriales,SACO NORMAL,KILOGRAMO
20250218,PIURA,PIURA,PIURA,200101,20240617,Pina criolla,2,3.2,Frutas,KILOGRAMO,KILOGRAMO
20250218,PIURA,PIURA,PIURA,200101,20240617,Choclo (tipo cusco),4.02,8.2,Cereales,CIENTO,UNIDAD
20250218,PIURA,PIURA,PIURA,200101,20240617,Camote morado,1.29,2.6,Tuberculos,SACO GRANDE,KILOGRAMO
20250218,PIURA,PIURA,PIURA,200101,20240617,Zanahoria,1.8,4.25,Hortalizas,SACO MEDIANO,KILOGRAMO
20250218,PIURA,PIURA,PIURA,200101,20240617,Carne de porcino (corte unico),12.4,17.7,Carnes y huevos,UNIDAD,KILOGRAMO
20250218,PIURA,PIURA,PIURA,200101,20240617,Arveja verde blanca serrana,3.05,5.6,Legumbres,MALLA MEDIANA,KILOGRAMO
20250218,PIURA,PIURA,PIURA,200101,20240617,Papa canchan,1.8,2.55,Tuberculos,SACO GRANDE,KILOGRAMO
20250218,PIURA,PIURA,PIURA,200101,20240617,Ajo criollo o napuri,6.04,11.7,Hortalizas,MALLA MEDIANA,KILOGRAMO
20250218,PIURA,PIURA,PIURA,200101,20240617,Melon coquito,2.42,4.5,Frutas,KILOGRAMO,KILOGRAMO
20250218,PIURA,PIURA,PIURA,200101,20240617,Platano bellaco,1.19,2.35,Frutas,LITRO,LITRO
20250218,PIURA,PIURA,PIURA,200101,20240617,Leche fresca,5.65,7.45,Agro-industriales,LITRO,LITRO
20250218,PIURA,PIURA,PIURA,200101,20240617,Chirimoya cumbe,4.6,10,Frutas,CAJON CHICO,KILOGRAMO
20250218,PIURA,PIURA,PIURA,200101,20240617,Papa amarilla,3.28,6.05,Tuberculos,SACO GRANDE,KILOGRAMO
20250218,PIURA,PIURA,PIURA,200101,20240617,Aceite clasico botella 900 ml,10.28,12.61,Agro-industriales,CAJA CHICA,LITRO
20250218,PIURA,PIURA,PIURA,200101,20240617,Cebolla cabeza roja,2.06,4.05,Hortalizas,SACO,KILOGRAMO
20250218,PIURA,PIURA,PIURA,200101,20240617,Carne de pollo (eviscerado),8,9.85,Carnes y huevos,KILOGRAMO,KILOGRAMO
20250218,PIURA,PIURA,PIURA,200101,20240617,Aji rocoto,3.13,4.6,Hortalizas,KILOGRAMO,KILOGRAMO
20250218,PIURA,PIURA,PIURA,200101,20240617,Uva alfonso lavalett,3.96,7.85,Frutas,KILOGRAMO,KILOGRAMO
20250218,PIURA,PIURA,PIURA,200101,20240617,Aji escabeche,1.48,2.9,Hortalizas,KILOGRAMO,MALLA
20250218,PIURA,PIURA,PIURA,200101,20240617,Frijol castilla,3.94,8,Menestras,KILOGRAMO,KILOGRAMO
20250218,PIURA,PIURA,PIURA,200101,20240617,Uva italia,4.71,7.6,Frutas,KILOGRAMO,KILOGRAMO
20250218,PIURA,PIURA,PIURA,200101,20240617,Frijol canario,5.07,8.5,Menestras,KILOGRAMO,KILOGRAMO
20250218,PIURA,PIURA,PIURA,200101,20240617,Carne fresca de vacuno,13.1,18.95,Carnes y huevos,KILOGRAMO,KILOGRAMO
20250218,PIURA,PIURA,PIURA,200101,20240617,Tomate,3.61,5.15,Hortalizas,KILOGRAMO,KILOGRAMO
20250218,PIURA,PIURA,PIURA,200101,20240617,Huevos rosados,6.13,7.95,Carnes y huevos,KILOGRAMO,KILOGRAMO
20250218,PIURA,PIURA,PIURA,200101,20240617,Haba verde serrana,2.57,7.1,Legumbres,KILOGRAMO,KILOGRAMO
20250218,PIURA,PIURA,PIURA,200101,20240617,Garbanzo,4.58,10.4,Menestras,KILOGRAMO,KILOGRAMO
20250218,PIURA,PIURA,PIURA,200101,20240617,Olluco largo,3.85,5.26,Tuberculos,KILOGRAMO,KILOGRAMO
20250218,PIURA,PIURA,PIURA,200101,20240617,Sandia,2.4,3.45,Frutas,KILOGRAMO,KILOGRAMO
20250218,PIURA,PIURA,PIURA,200101,20240617,Naranja valencia,2.79,5.8,Frutas,KILOGRAMO,KILOGRAMO
20250218,PIURA,PIURA,PIURA,200101,20240617,Limon sutil bolsa,1.47,6,Frutas,KILOGRAMO,KILOGRAMO
20250218,PIURA,PIURA,PIURA,200101,20240617,Platano seda congo,1.46,3.35,Frutas,KILOGRAMO,KILOGRAMO
20250218,PIURA,PIURA,PIURA,200101,20240617,Vainita americana,2.5,5.45,Legumbres,KILOGRAMO,KILOGRAMO
20250218,PIURA,PIURA,PIURA,200101,20240617,Lenteja,6,7.55,Menestras,KILOGRAMO,KILOGRAMO
20250218,PIURA,PIURA,PIURA,200101,20240605,Melocoton durazno huayco,4.58,8.45,Frutas,KILOGRAMO,KILOGRAMO
20250218,PIURA,PIURA,PIURA,200101,20240605,Uva red globe,4.17,6.5,Frutas,KILOGRAMO,KILOGRAMO
20250218,PIURA,PIURA,PIURA,200101,20240605,Azucar blanca nacional (granel),3.08,6.1,Agro-industriales,SACO NORMAL,KILOGRAMO
20250218,PIURA,PIURA,PIURA,200101,20240605,Papaya,2.05,2.6,Frutas,KILOGRAMO,KILOGRAMO
20250218,PIURA,PIURA,PIURA,200101,20240605,Leche evaporada (azul) 400 g,3.28,3.4,Agro-industriales,CAJA,LATA
20250218,PIURA,PIURA,PIURA,200101,20240605,Manzana israel,2.45,4.45,Frutas,KILOGRAMO,KILOGRAMO
20250218,PIURA,PIURA,PIURA,200101,20240605,Arroz superior,2.64,3.35,Cereales,SACO NORMAL,KILOGRAMO
20250218,PIURA,PIURA,PIURA,200101,20240605,Fideos nicolini tallarin,3.25,5.45,Agro-industriales,PAQUETE,KILOGRAMO
20250218,PIURA,PIURA,PIURA,200101,20240605,Manzana delicia,3.08,6.05,Frutas,KILOGRAMO,KILOGRAMO
20250218,PIURA,PIURA,PIURA,200101,20240605,Azucar rubia nacional (granel),2.99,5.35,Agro-industriales,SACO NORMAL,KILOGRAMO
20250218,PIURA,PIURA,PIURA,200101,20240605,Pina criolla,2,3.15,Frutas,KILOGRAMO,KILOGRAMO
20250218,PIURA,PIURA,PIURA,200101,20240605,Choclo (tipo cusco),4.02,8.2,Cereales,CIENTO,UNIDAD
20250218,PIURA,PIURA,PIURA,200101,20240605,Camote morado,1.16,2.6,Tuberculos,SACO GRANDE,KILOGRAMO
20250218,PIURA,PIURA,PIURA,200101,20240605,Zanahoria,1.75,4.35,Hortalizas,SACO MEDIANO,KILOGRAMO
20250218,PIURA,PIURA,PIURA,200101,20240605,Carne de porcino (corte unico),11.5,17.7,Carnes y huevos,UNIDAD,KILOGRAMO
20250218,PIURA,PIURA,PIURA,200101,20240605,Arveja verde blanca serrana,3.08,5.6,Legumbres,MALLA MEDIANA,KILOGRAMO
20250218,PIURA,PIURA,PIURA,200101,20240605,Papa canchan,1.8,2.45,Tuberculos,SACO GRANDE,KILOGRAMO
20250218,PIURA,PIURA,PIURA,200101,20240605,Ajo criollo o napuri,6.01,11.9,Hortalizas,MALLA MEDIANA,KILOGRAMO
20250218,PIURA,PIURA,PIURA,200101,20240605,Melon coquito,2.42,4.5,Frutas,KILOGRAMO,KILOGRAMO
20250218,PIURA,PIURA,PIURA,200101,20240605,Platano bellaco,1.2,2.35,Frutas,LITRO,LITRO
20250218,PIURA,PIURA,PIURA,200101,20240605,Leche fresca,5.65,7.5,Agro-industriales,LITRO,LITRO
20250218,PIURA,PIURA,PIURA,200101,20240605,Chirimoya cumbe,4.85,10,Frutas,CAJON CHICO,KILOGRAMO
20250218,PIURA,PIURA,PIURA,200101,20240605,Papa amarilla,3.29,6,Tuberculos,SACO GRANDE,KILOGRAMO
20250218,PIURA,PIURA,PIURA,200101,20240605,Aceite clasico botella 900 ml,10.28,12.61,Agro-industriales,CAJA CHICA,LITRO
20250218,PIURA,PIURA,PIURA,200101,20240605,Cebolla cabeza roja,2.17,4.05,Hortalizas,SACO,KILOGRAMO
20250218,PIURA,PIURA,PIURA,200101,20240605,Carne de pollo (eviscerado),7.9,9.35,Carnes y huevos,KILOGRAMO,KILOGRAMO
20250218,PIURA,PIURA,PIURA,200101,20240605,Aji rocoto,3.13,4.85,Hortalizas,KILOGRAMO,KILOGRAMO
20250218,PIURA,PIURA,PIURA,200101,20240605,Uva alfonso lavalett,4.13,7.8,Frutas,KILOGRAMO,KILOGRAMO
20250218,PIURA,PIURA,PIURA,200101,20240605,Aji escabeche,1.53,3.05,Hortalizas,KILOGRAMO,MALLA
20250218,PIURA,PIURA,PIURA,200101,20240605,Frijol castilla,3.99,8,Menestras,KILOGRAMO,KILOGRAMO
20250218,PIURA,PIURA,PIURA,200101,20240605,Uva italia,4.63,7.6,Frutas,KILOGRAMO,KILOGRAMO
20250218,PIURA,PIURA,PIURA,200101,20240605,Frijol canario,5.13,8.3,Menestras,KILOGRAMO,KILOGRAMO
20250218,PIURA,PIURA,PIURA,200101,20240605,Carne fresca de vacuno,12.6,18.95,Carnes y huevos,KILOGRAMO,KILOGRAMO
20250218,PIURA,PIURA,PIURA,200101,20240605,Tomate,3.73,5.15,Hortalizas,KILOGRAMO,KILOGRAMO
20250218,PIURA,PIURA,PIURA,200101,20240605,Huevos rosados,6.21,8.05,Carnes y huevos,KILOGRAMO,KILOGRAMO
20250218,PIURA,PIURA,PIURA,200101,20240605,Haba verde serrana,2.56,7.05,Legumbres,KILOGRAMO,KILOGRAMO
20250218,PIURA,PIURA,PIURA,200101,20240605,Garbanzo,4.68,10.3,Menestras,KILOGRAMO,KILOGRAMO
20250218,PIURA,PIURA,PIURA,200101,20240605,Olluco largo,4.65,5.4,Tuberculos,KILOGRAMO,KILOGRAMO
20250218,PIURA,PIURA,PIURA,200101,20240605,Sandia,2.4,3.45,Frutas,KILOGRAMO,KILOGRAMO
20250218,PIURA,PIURA,PIURA,200101,20240605,Naranja valencia,2.94,5.65,Frutas,KILOGRAMO,KILOGRAMO
20250218,PIURA,PIURA,PIURA,200101,20240605,Limon sutil bolsa,1.49,5.5,Frutas,KILOGRAMO,KILOGRAMO
20250218,PIURA,PIURA,PIURA,200101,20240605,Platano seda congo,1.57,3.3,Frutas,KILOGRAMO,KILOGRAMO
20250218,PIURA,PIURA,PIURA,200101,20240605,Vainita americana,2.49,5.45,Legumbres,KILOGRAMO,KILOGRAMO
20250218,PIURA,PIURA,PIURA,200101,20240605,Lenteja,6.05,7.85,Menestras,KILOGRAMO,KILOGRAMO
20250218,PIURA,PIURA,PIURA,200101,20240605,Zapallo macre,1.47,3.25,Hortalizas,KILOGRAMO,KILOGRAMO
20250218,PIURA,PIURA,PIURA,200101,20240605,Yuca blanca,1.88,3.3,Tuberculos,KILOGRAMO,KILOGRAMO
20250218,PIURA,PIURA,PIURA,200101,20240605,Palta fuerte,5.55,8.45,Frutas,KILOGRAMO,KILOGRAMO
20250218,PIURA,PIURA,PIURA,200101,20240605,Arroz extra,2.79,4.55,Cereales,SACO NORMAL,KILOGRAMO
20250218,PIURA,PIURA,PIURA,200101,20240605,Pallar,5.8,9.95,Menestras,KILOGRAMO,KILOGRAMO
20250218,PIURA,PIURA,PIURA,200101,20240603,Camote morado,1.23,2.55,Tuberculos,SACO GRANDE,KILOGRAMO
20250218,PIURA,PIURA,PIURA,200101,20240603,Zanahoria,1.77,4.35,Hortalizas,SACO MEDIANO,KILOGRAMO
20250218,PIURA,PIURA,PIURA,200101,20240603,Carne de porcino (corte unico),11.5,17.7,Carnes y huevos,UNIDAD,KILOGRAMO
20250218,PIURA,PIURA,PIURA,200101,20240603,Arveja verde blanca serrana,3.12,5.55,Legumbres,MALLA MEDIANA,KILOGRAMO
20250218,PIURA,PIURA,PIURA,200101,20240603,Papa canchan,1.79,2.45,Tuberculos,SACO GRANDE,KILOGRAMO
20250218,PIURA,PIURA,PIURA,200101,20240603,Ajo criollo o napuri,5.96,12,Hortalizas,MALLA MEDIANA,KILOGRAMO
20250218,PIURA,PIURA,PIURA,200101,20240603,Melon coquito,2.54,4.3,Frutas,KILOGRAMO,KILOGRAMO
20250218,PIURA,PIURA,PIURA,200101,20240603,Platano bellaco,1.2,2.3,Frutas,LITRO,LITRO
20250218,PIURA,PIURA,PIURA,200101,20240603,Leche fresca,5.65,7.5,Agro-industriales,LITRO,LITRO
20250218,PIURA,PIURA,PIURA,200101,20240603,Chirimoya cumbe,4.8,8.25,Frutas,CAJON CHICO,KILOGRAMO
20250218,PIURA,PIURA,PIURA,200101,20240603,Papa amarilla,3.34,6,Tuberculos,SACO GRANDE,KILOGRAMO
20250218,PIURA,PIURA,PIURA,200101,20240603,Aceite clasico botella 900 ml,10.23,12.61,Agro-industriales,CAJA CHICA,LITRO
20250218,PIURA,PIURA,PIURA,200101,20240603,Cebolla cabeza roja,2.17,4.1,Hortalizas,SACO,KILOGRAMO
20250218,PIURA,PIURA,PIURA,200101,20240603,Carne de pollo (eviscerado),7.9,9.35,Carnes y huevos,KILOGRAMO,KILOGRAMO
20250218,PIURA,PIURA,PIURA,200101,20240603,Aji rocoto,3.1,4.95,Hortalizas,KILOGRAMO,KILOGRAMO
20250218,PIURA,PIURA,PIURA,200101,20240603,Uva alfonso lavalett,4.21,8.1,Frutas,KILOGRAMO,KILOGRAMO
20250218,PIURA,PIURA,PIURA,200101,20240603,Aji escabeche,1.54,3.05,Hortalizas,KILOGRAMO,MALLA
20250218,PIURA,PIURA,PIURA,200101,20240603,Frijol castilla,3.99,8,Menestras,KILOGRAMO,KILOGRAMO
20250218,PIURA,PIURA,PIURA,200101,20240603,Uva italia,4.63,7.6,Frutas,KILOGRAMO,KILOGRAMO
20250218,PIURA,PIURA,PIURA,200101,20240603,Frijol canario,5.13,9,Menestras,KILOGRAMO,KILOGRAMO
20250218,PIURA,PIURA,PIURA,200101,20240603,Carne fresca de vacuno,12.6,18.95,Carnes y huevos,KILOGRAMO,KILOGRAMO
20250218,PIURA,PIURA,PIURA,200101,20240603,Tomate,3.73,5.15,Hortalizas,KILOGRAMO,KILOGRAMO
20250218,PIURA,PIURA,PIURA,200101,20240603,Huevos rosados,6.21,8.05,Carnes y huevos,KILOGRAMO,KILOGRAMO
20250218,PIURA,PIURA,PIURA,200101,20240603,Haba verde serrana,2.57,7.05,Legumbres,KILOGRAMO,KILOGRAMO
20250218,PIURA,PIURA,PIURA,200101,20240603,Garbanzo,4.7,10.7,Menestras,KILOGRAMO,KILOGRAMO
20250218,PIURA,PIURA,PIURA,200101,20240603,Olluco largo,4.65,5.35,Tuberculos,KILOGRAMO,KILOGRAMO
20250218,PIURA,PIURA,PIURA,200101,20240603,Sandia,2.4,3.45,Frutas,KILOGRAMO,KILOGRAMO
20250218,PIURA,PIURA,PIURA,200101,20240603,Naranja valencia,2.94,5.65,Frutas,KILOGRAMO,KILOGRAMO
20250218,PIURA,PIURA,PIURA,200101,20240603,Limon sutil bolsa,1.47,5.25,Frutas,KILOGRAMO,KILOGRAMO
20250218,PIURA,PIURA,PIURA,200101,20240603,Platano seda congo,1.57,3.3,Frutas,KILOGRAMO,KILOGRAMO
20250218,PIURA,PIURA,PIURA,200101,20240603,Vainita americana,2.49,5.4,Legumbres,KILOGRAMO,KILOGRAMO
20250218,PIURA,PIURA,PIURA,200101,20240603,Lenteja,6.05,7.85,Menestras,KILOGRAMO,KILOGRAMO
20250218,PIURA,PIURA,PIURA,200101,20240603,Zapallo macre,1.47,3.25,Hortalizas,KILOGRAMO,KILOGRAMO
20250218,PIURA,PIURA,PIURA,200101,20240603,Papaya,2.05,2.6,Frutas,KILOGRAMO,KILOGRAMO
20250218,PIURA,PIURA,PIURA,200101,20240603,Choclo (tipo cusco),4.02,8.2,Cereales,CIENTO,UNIDAD
20250218,PIURA,PIURA,PIURA,200101,20240603,Yuca blanca,1.87,3.3,Tuberculos,KILOGRAMO,KILOGRAMO
20250218,PIURA,PIURA,PIURA,200101,20240603,Palta fuerte,5.6,8.5,Frutas,KILOGRAMO,KILOGRAMO
20250218,PIURA,PIURA,PIURA,200101,20240603,Arroz extra,2.79,4.45,Cereales,SACO NORMAL,KILOGRAMO
20250218,PIURA,PIURA,PIURA,200101,20240603,Pallar,5.8,9.95,Menestras,KILOGRAMO,KILOGRAMO
20250218,PIURA,PIURA,PIURA,200101,20240603,Azucar blanca nacional (granel),3.01,6.35,Agro-industriales,SACO NORMAL,KILOGRAMO
20250218,PIURA,PIURA,PIURA,200101,20240603,Leche evaporada (azul) 400 g,3.34,3.4,Agro-industriales,CAJA,LATA
20250218,PIURA,PIURA,PIURA,200101,20240603,Manzana israel,2.5,4.45,Frutas,KILOGRAMO,KILOGRAMO
20250218,PIURA,PIURA,PIURA,200101,20240603,Arroz superior,2.68,3.35,Cereales,SACO NORMAL,KILOGRAMO
20250218,PIURA,PIURA,PIURA,200101,20240603,Fideos nicolini tallarin,3.25,5.45,Agro-industriales,PAQUETE,KILOGRAMO
20250218,PIURA,PIURA,PIURA,200101,20240603,Manzana delicia,3.08,6.05,Frutas,KILOGRAMO,KILOGRAMO
20250218,PIURA,PIURA,PIURA,200101,20240603,Azucar rubia nacional (granel),2.96,5.35,Agro-industriales,SACO NORMAL,KILOGRAMO
20250218,PIURA,PIURA,PIURA,200101,20240603,Pina criolla,2,3.15,Frutas,KILOGRAMO,KILOGRAMO
20250218,PIURA,PIURA,PIURA,200101,20240603,Melocoton durazno huayco,4.58,8.4,Frutas,KILOGRAMO,KILOGRAMO
20250218,PIURA,PIURA,PIURA,200101,20240531,Platano bellaco,1.2,2.3,Frutas,LITRO,LITRO
20250218,PIURA,PIURA,PIURA,200101,20240531,Leche fresca,5.7,7.5,Agro-industriales,LITRO,LITRO
20250218,PIURA,PIURA,PIURA,200101,20240531,Chirimoya cumbe,4.8,8.25,Frutas,CAJON CHICO,KILOGRAMO
20250218,PIURA,PIURA,PIURA,200101,20240531,Papa amarilla,3.33,6,Tuberculos,SACO GRANDE,KILOGRAMO
20250218,PIURA,PIURA,PIURA,200101,20240531,Aceite clasico botella 900 ml,10.19,12.61,Agro-industriales,CAJA CHICA,LITRO
20250218,PIURA,PIURA,PIURA,200101,20240531,Cebolla cabeza roja,2.19,4.05,Hortalizas,SACO,KILOGRAMO
20250218,PIURA,PIURA,PIURA,200101,20240531,Carne de pollo (eviscerado),7.9,9.35,Carnes y huevos,KILOGRAMO,KILOGRAMO
20250218,PIURA,PIURA,PIURA,200101,20240531,Aji rocoto,3.13,4.85,Hortalizas,KILOGRAMO,KILOGRAMO
20250218,PIURA,PIURA,PIURA,200101,20240531,Uva alfonso lavalett,4.29,8.1,Frutas,KILOGRAMO,KILOGRAMO
20250218,PIURA,PIURA,PIURA,200101,20240531,Aji escabeche,1.54,3.05,Hortalizas,KILOGRAMO,MALLA
20250218,PIURA,PIURA,PIURA,200101,20240531,Frijol castilla,3.98,7.95,Menestras,KILOGRAMO,KILOGRAMO
20250218,PIURA,PIURA,PIURA,200101,20240531,Uva italia,4.63,7.55,Frutas,KILOGRAMO,KILOGRAMO
20250218,PIURA,PIURA,PIURA,200101,20240531,Frijol canario,5.21,9,Menestras,KILOGRAMO,KILOGRAMO
20250218,PIURA,PIURA,PIURA,200101,20240531,Carne fresca de vacuno,12.7,18.9,Carnes y huevos,KILOGRAMO,KILOGRAMO
20250218,PIURA,PIURA,PIURA,200101,20240531,Tomate,3.64,5.15,Hortalizas,KILOGRAMO,KILOGRAMO
20250218,PIURA,PIURA,PIURA,200101,20240531,Huevos rosados,6.23,8.05,Carnes y huevos,KILOGRAMO,KILOGRAMO
20250218,PIURA,PIURA,PIURA,200101,20240531,Haba verde serrana,2.59,7,Legumbres,KILOGRAMO,KILOGRAMO
20250218,PIURA,PIURA,PIURA,200101,20240531,Garbanzo,4.68,10.65,Menestras,KILOGRAMO,KILOGRAMO
20250218,PIURA,PIURA,PIURA,200101,20240531,Olluco largo,4.75,5.45,Tuberculos,KILOGRAMO,KILOGRAMO
20250218,PIURA,PIURA,PIURA,200101,20240531,Sandia,2.4,3.45,Frutas,KILOGRAMO,KILOGRAMO
20250218,PIURA,PIURA,PIURA,200101,20240531,Naranja valencia,2.91,5.65,Frutas,KILOGRAMO,KILOGRAMO
20250218,PIURA,PIURA,PIURA,200101,20240531,Limon sutil bolsa,1.46,5.2,Frutas,KILOGRAMO,KILOGRAMO
20250218,PIURA,PIURA,PIURA,200101,20240531,Platano seda congo,1.57,3.3,Frutas,KILOGRAMO,KILOGRAMO
20250218,PIURA,PIURA,PIURA,200101,20240531,Vainita americana,2.49,5.45,Legumbres,KILOGRAMO,KILOGRAMO
20250218,PIURA,PIURA,PIURA,200101,20240531,Lenteja,6.05,7.85,Menestras,KILOGRAMO,KILOGRAMO
20250218,PIURA,PIURA,PIURA,200101,20240531,Zapallo macre,1.37,3.25,Hortalizas,KILOGRAMO,KILOGRAMO
20250218,PIURA,PIURA,PIURA,200101,20240531,Papaya,2.05,2.6,Frutas,KILOGRAMO,KILOGRAMO
20250218,PIURA,PIURA,PIURA,200101,20240531,Choclo (tipo cusco),4.02,8.1,Cereales,CIENTO,UNIDAD
20250218,PIURA,PIURA,PIURA,200101,20240531,Yuca blanca,1.89,3.3,Tuberculos,KILOGRAMO,KILOGRAMO
20250218,PIURA,PIURA,PIURA,200101,20240531,Palta fuerte,5.5,8.3,Frutas,KILOGRAMO,KILOGRAMO
20250218,PIURA,PIURA,PIURA,200101,20240531,Arroz extra,2.8,4.4,Cereales,SACO NORMAL,KILOGRAMO
20250218,PIURA,PIURA,PIURA,200101,20240531,Pallar,5.75,9.85,Menestras,KILOGRAMO,KILOGRAMO
20250218,PIURA,PIURA,PIURA,200101,20240531,Azucar blanca nacional (granel),3.01,6.4,Agro-industriales,SACO NORMAL,KILOGRAMO
20250218,PIURA,PIURA,PIURA,200101,20240531,Leche evaporada (azul) 400 g,3.34,4.25,Agro-industriales,CAJA,LATA
20250218,PIURA,PIURA,PIURA,200101,20240531,Manzana israel,2.55,4.45,Frutas,KILOGRAMO,KILOGRAMO
20250218,PIURA,PIURA,PIURA,200101,20240531,Arroz superior,2.7,3.35,Cereales,SACO NORMAL,KILOGRAMO
20250218,PIURA,PIURA,PIURA,200101,20240531,Fideos nicolini tallarin,3.25,5.45,Agro-industriales,PAQUETE,KILOGRAMO
20250218,PIURA,PIURA,PIURA,200101,20240531,Manzana delicia,3.08,6.05,Frutas,KILOGRAMO,KILOGRAMO
20250218,PIURA,PIURA,PIURA,200101,20240531,Azucar rubia nacional (granel),3,5.35,Agro-industriales,SACO NORMAL,KILOGRAMO
20250218,PIURA,PIURA,PIURA,200101,20240531,Pina criolla,2,3.15,Frutas,KILOGRAMO,KILOGRAMO
20250218,PIURA,PIURA,PIURA,200101,20240531,Melocoton durazno huayco,4.58,8.4,Frutas,KILOGRAMO,KILOGRAMO
20250218,PIURA,PIURA,PIURA,200101,20240531,Uva red globe,4.17,6.55,Frutas,KILOGRAMO,KILOGRAMO
20250218,PIURA,PIURA,PIURA,200101,20240531,Zanahoria,1.75,4.35,Hortalizas,SACO MEDIANO,KILOGRAMO
20250218,PIURA,PIURA,PIURA,200101,20240531,Carne de porcino (corte unico),11.5,17.6,Carnes y huevos,UNIDAD,KILOGRAMO
20250218,PIURA,PIURA,PIURA,200101,20240531,Arveja verde blanca serrana,3.12,5.55,Legumbres,MALLA MEDIANA,KILOGRAMO
20250218,PIURA,PIURA,PIURA,200101,20240531,Papa canchan,1.79,2.4,Tuberculos,SACO GRANDE,KILOGRAMO
20250218,PIURA,PIURA,PIURA,200101,20240531,Ajo criollo o napuri,5.86,12,Hortalizas,MALLA MEDIANA,KILOGRAMO
20250218,PIURA,PIURA,PIURA,200101,20240531,Melon coquito,2.54,4.15,Frutas,KILOGRAMO,KILOGRAMO
20250218,PIURA,PIURA,PIURA,200101,20240531,Camote morado,1.23,2.55,Tuberculos,SACO GRANDE,KILOGRAMO
20250218,PIURA,PIURA,PIURA,200101,20240527,Carne de pollo (eviscerado),7.9,9.25,Carnes y huevos,KILOGRAMO,KILOGRAMO
20250218,PIURA,PIURA,PIURA,200101,20240527,Aji rocoto,3.15,4.85,Hortalizas,KILOGRAMO,KILOGRAMO
20250218,PIURA,PIURA,PIURA,200101,20240527,Uva alfonso lavalett,4.17,8.1,Frutas,KILOGRAMO,KILOGRAMO
20250218,PIURA,PIURA,PIURA,200101,20240527,Aji escabeche,1.64,3,Hortalizas,KILOGRAMO,MALLA
20250218,PIURA,PIURA,PIURA,200101,20240527,Frijol castilla,4.03,7.95,Menestras,KILOGRAMO,KILOGRAMO
20250218,PIURA,PIURA,PIURA,200101,20240527,Uva italia,4.63,7.55,Frutas,KILOGRAMO,KILOGRAMO
20250218,PIURA,PIURA,PIURA,200101,20240527,Frijol canario,5.23,9,Menestras,KILOGRAMO,KILOGRAMO
20250218,PIURA,PIURA,PIURA,200101,20240527,Carne fresca de vacuno,13.3,18.9,Carnes y huevos,KILOGRAMO,KILOGRAMO
20250218,PIURA,PIURA,PIURA,200101,20240527,Tomate,3.73,5.15,Hortalizas,KILOGRAMO,KILOGRAMO
20250218,PIURA,PIURA,PIURA,200101,20240527,Huevos rosados,6.23,7.8,Carnes y huevos,KILOGRAMO,KILOGRAMO
20250218,PIURA,PIURA,PIURA,200101,20240527,Haba verde serrana,2.68,6.9,Legumbres,KILOGRAMO,KILOGRAMO
20250218,PIURA,PIURA,PIURA,200101,20240527,Garbanzo,4.68,10.65,Menestras,KILOGRAMO,KILOGRAMO
20250218,PIURA,PIURA,PIURA,200101,20240527,Olluco largo,4.45,5.35,Tuberculos,KILOGRAMO,KILOGRAMO
20250218,PIURA,PIURA,PIURA,200101,20240527,Sandia,2.4,3.6,Frutas,KILOGRAMO,KILOGRAMO
20250218,PIURA,PIURA,PIURA,200101,20240527,Naranja valencia,2.88,5.7,Frutas,KILOGRAMO,KILOGRAMO
20250218,PIURA,PIURA,PIURA,200101,20240527,Limon sutil bolsa,1.4,4.65,Frutas,KILOGRAMO,KILOGRAMO
20250218,PIURA,PIURA,PIURA,200101,20240527,Platano seda congo,1.57,3.3,Frutas,KILOGRAMO,KILOGRAMO
20250218,PIURA,PIURA,PIURA,200101,20240527,Vainita americana,2.6,5.25,Legumbres,KILOGRAMO,KILOGRAMO
20250218,PIURA,PIURA,PIURA,200101,20240527,Lenteja,6.05,7.85,Menestras,KILOGRAMO,KILOGRAMO
20250218,PIURA,PIURA,PIURA,200101,20240527,Zapallo macre,1.38,3.15,Hortalizas,KILOGRAMO,KILOGRAMO
20250218,PIURA,PIURA,PIURA,200101,20240527,Papaya,2,2.6,Frutas,KILOGRAMO,KILOGRAMO
20250218,PIURA,PIURA,PIURA,200101,20240527,Choclo (tipo cusco),4.08,8.05,Cereales,CIENTO,UNIDAD
20250218,PIURA,PIURA,PIURA,200101,20240527,Yuca blanca,1.85,3.3,Tuberculos,KILOGRAMO,KILOGRAMO
20250218,PIURA,PIURA,PIURA,200101,20240527,Palta fuerte,5.4,8.1,Frutas,KILOGRAMO,KILOGRAMO
20250218,PIURA,PIURA,PIURA,200101,20240527,Arroz extra,2.82,4.35,Cereales,SACO NORMAL,KILOGRAMO
20250218,PIURA,PIURA,PIURA,200101,20240527,Pallar,5.6,9.85,Menestras,KILOGRAMO,KILOGRAMO
20250218,PIURA,PIURA,PIURA,200101,20240527,Azucar blanca nacional (granel),3.05,6.35,Agro-industriales,SACO NORMAL,KILOGRAMO
20250218,PIURA,PIURA,PIURA,200101,20240527,Leche evaporada (azul) 400 g,3.4,4.2,Agro-industriales,CAJA,LATA
20250218,PIURA,PIURA,PIURA,200101,20240527,Manzana israel,2.53,4.4,Frutas,KILOGRAMO,KILOGRAMO
20250218,PIURA,PIURA,PIURA,200101,20240527,Arroz superior,2.7,3.35,Cereales,SACO NORMAL,KILOGRAMO
20250218,PIURA,PIURA,PIURA,200101,20240527,Fideos nicolini tallarin,3.35,5.45,Agro-industriales,PAQUETE,KILOGRAMO
20250218,PIURA,PIURA,PIURA,200101,20240527,Manzana delicia,3.08,6.05,Frutas,KILOGRAMO,KILOGRAMO
20250218,PIURA,PIURA,PIURA,200101,20240527,Azucar rubia nacional (granel),3,5.35,Agro-industriales,SACO NORMAL,KILOGRAMO
20250218,PIURA,PIURA,PIURA,200101,20240527,Pina criolla,2,3.15,Frutas,KILOGRAMO,KILOGRAMO
20250218,PIURA,PIURA,PIURA,200101,20240527,Melocoton durazno huayco,4.58,8.4,Frutas,KILOGRAMO,KILOGRAMO
20250218,PIURA,PIURA,PIURA,200101,20240527,Uva red globe,4.17,6.55,Frutas,KILOGRAMO,KILOGRAMO
20250218,PIURA,PIURA,PIURA,200101,20240527,Zanahoria,1.84,4.45,Hortalizas,SACO MEDIANO,KILOGRAMO
20250218,PIURA,PIURA,PIURA,200101,20240527,Carne de porcino (corte unico),10.85,17.7,Carnes y huevos,UNIDAD,KILOGRAMO
20250218,PIURA,PIURA,PIURA,200101,20240527,Arveja verde blanca serrana,3.1,5.75,Legumbres,MALLA MEDIANA,KILOGRAMO
20250218,PIURA,PIURA,PIURA,200101,20240527,Papa canchan,1.82,2.45,Tuberculos,SACO GRANDE,KILOGRAMO
20250218,PIURA,PIURA,PIURA,200101,20240527,Ajo criollo o napuri,6.06,11.6,Hortalizas,MALLA MEDIANA,KILOGRAMO
20250218,PIURA,PIURA,PIURA,200101,20240527,Melon coquito,2.5,4.25,Frutas,KILOGRAMO,KILOGRAMO
20250218,PIURA,PIURA,PIURA,200101,20240527,Camote morado,1.17,2.6,Tuberculos,SACO GRANDE,KILOGRAMO
20250218,PIURA,PIURA,PIURA,200101,20240527,Platano bellaco,1.24,2.3,Frutas,LITRO,LITRO
20250218,PIURA,PIURA,PIURA,200101,20240527,Leche fresca,5.85,7.5,Agro-industriales,LITRO,LITRO
20250218,PIURA,PIURA,PIURA,200101,20240527,Chirimoya cumbe,4.95,8.25,Frutas,CAJON CHICO,KILOGRAMO
20250218,PIURA,PIURA,PIURA,200101,20240527,Papa amarilla,3.41,6,Tuberculos,SACO GRANDE,KILOGRAMO
20250218,PIURA,PIURA,PIURA,200101,20240527,Aceite clasico botella 900 ml,10.6,12.61,Agro-industriales,CAJA CHICA,LITRO
20250218,PIURA,PIURA,PIURA,200101,20240527,Cebolla cabeza roja,2.37,4.1,Hortalizas,SACO,KILOGRAMO
20250218,PIURA,PIURA,PIURA,200101,20240524,Olluco largo,4.45,5.5,Tuberculos,KILOGRAMO,KILOGRAMO
20250218,PIURA,PIURA,PIURA,200101,20240524,Naranja valencia,2.88,5.7,Frutas,KILOGRAMO,KILOGRAMO
20250218,PIURA,PIURA,PIURA,200101,20240524,Limon sutil bolsa,1.37,4.1,Frutas,KILOGRAMO,KILOGRAMO
20250218,PIURA,PIURA,PIURA,200101,20240524,Vainita americana,2.6,5.25,Legumbres,KILOGRAMO,KILOGRAMO
20250218,PIURA,PIURA,PIURA,200101,20240524,Lenteja,6.05,7.85,Menestras,KILOGRAMO,KILOGRAMO
20250218,PIURA,PIURA,PIURA,200101,20240524,Zapallo macre,1.38,3.15,Hortalizas,KILOGRAMO,KILOGRAMO
20250218,PIURA,PIURA,PIURA,200101,20240524,Papaya,2,2.6,Frutas,KILOGRAMO,KILOGRAMO
20250218,PIURA,PIURA,PIURA,200101,20240524,Choclo (tipo cusco),4.08,7.9,Cereales,CIENTO,UNIDAD
20250218,PIURA,PIURA,PIURA,200101,20240524,Yuca blanca,1.85,3.3,Tuberculos,KILOGRAMO,KILOGRAMO
20250218,PIURA,PIURA,PIURA,200101,20240524,Palta fuerte,5.8,8.1,Frutas,KILOGRAMO,KILOGRAMO
20250218,PIURA,PIURA,PIURA,200101,20240524,Platano seda congo,1.45,3.65,Frutas,KILOGRAMO,KILOGRAMO
20250218,PIURA,PIURA,PIURA,200101,20240524,Arroz extra,2.82,4.35,Cereales,SACO NORMAL,KILOGRAMO
20250218,PIURA,PIURA,PIURA,200101,20240524,Pallar,5.7,9.85,Menestras,KILOGRAMO,KILOGRAMO
20250218,PIURA,PIURA,PIURA,200101,20240524,Azucar blanca nacional (granel),3.01,6.35,Agro-industriales,SACO NORMAL,KILOGRAMO
20250218,PIURA,PIURA,PIURA,200101,20240524,Leche evaporada (azul) 400 g,3.4,4.2,Agro-industriales,CAJA,LATA
20250218,PIURA,PIURA,PIURA,200101,20240524,Manzana israel,2.5,4.4,Frutas,KILOGRAMO,KILOGRAMO
20250218,PIURA,PIURA,PIURA,200101,20240524,Arroz superior,2.72,3.35,Cereales,SACO NORMAL,KILOGRAMO
20250218,PIURA,PIURA,PIURA,200101,20240524,Fideos nicolini tallarin,3.35,5.45,Agro-industriales,PAQUETE,KILOGRAMO
20250218,PIURA,PIURA,PIURA,200101,20240524,Manzana delicia,3.08,6.05,Frutas,KILOGRAMO,KILOGRAMO
20250218,PIURA,PIURA,PIURA,200101,20240524,Azucar rubia nacional (granel),3.11,5.35,Agro-industriales,SACO NORMAL,KILOGRAMO
20250218,PIURA,PIURA,PIURA,200101,20240524,Pina criolla,1.85,3.05,Frutas,KILOGRAMO,KILOGRAMO
20250218,PIURA,PIURA,PIURA,200101,20240524,Melocoton durazno huayco,4.58,8.35,Frutas,KILOGRAMO,KILOGRAMO
20250218,PIURA,PIURA,PIURA,200101,20240524,Carne de porcino (corte unico),10.85,17.7,Carnes y huevos,UNIDAD,KILOGRAMO
20250218,PIURA,PIURA,PIURA,200101,20240524,Arveja verde blanca serrana,3.1,5.75,Legumbres,MALLA MEDIANA,KILOGRAMO
20250218,PIURA,PIURA,PIURA,200101,20240524,Papa canchan,1.85,2.45,Tuberculos,SACO GRANDE,KILOGRAMO
20250218,PIURA,PIURA,PIURA,200101,20240524,Ajo criollo o napuri,6.14,12.2,Hortalizas,MALLA MEDIANA,KILOGRAMO
20250218,PIURA,PIURA,PIURA,200101,20240524,Melon coquito,2.46,4.25,Frutas,KILOGRAMO,KILOGRAMO
20250218,PIURA,PIURA,PIURA,200101,20240524,Camote morado,1.17,2.65,Tuberculos,SACO GRANDE,KILOGRAMO
20250218,PIURA,PIURA,PIURA,200101,20240524,Uva red globe,4.17,6.55,Frutas,KILOGRAMO,KILOGRAMO
20250218,PIURA,PIURA,PIURA,200101,20240524,Zanahoria,1.84,4.3,Hortalizas,SACO MEDIANO,KILOGRAMO
20250218,PIURA,PIURA,PIURA,200101,20240524,Platano bellaco,1.24,2.3,Frutas,LITRO,LITRO
20250218,PIURA,PIURA,PIURA,200101,20240524,Leche fresca,5.65,7.45,Agro-industriales,LITRO,LITRO
20250218,PIURA,PIURA,PIURA,200101,20240524,Chirimoya cumbe,4.95,8.25,Frutas,CAJON CHICO,KILOGRAMO
20250218,PIURA,PIURA,PIURA,200101,20240524,Papa amarilla,3.43,5.95,Tuberculos,SACO GRANDE,KILOGRAMO
20250218,PIURA,PIURA,PIURA,200101,20240524,Aceite clasico botella 900 ml,10.6,12.61,Agro-industriales,CAJA CHICA,LITRO
20250218,PIURA,PIURA,PIURA,200101,20240524,Cebolla cabeza roja,2.39,4.1,Hortalizas,SACO,KILOGRAMO
20250218,PIURA,PIURA,PIURA,200101,20240524,Aji rocoto,3.11,4.6,Hortalizas,KILOGRAMO,KILOGRAMO
20250218,PIURA,PIURA,PIURA,200101,20240524,Aji escabeche,1.53,2.9,Hortalizas,KILOGRAMO,MALLA
20250218,PIURA,PIURA,PIURA,200101,20240524,Carne de pollo (eviscerado),7.9,9.35,Carnes y huevos,KILOGRAMO,KILOGRAMO
20250218,PIURA,PIURA,PIURA,200101,20240524,Frijol castilla,3.99,8.05,Menestras,KILOGRAMO,KILOGRAMO
20250218,PIURA,PIURA,PIURA,200101,20240524,Uva italia,4.63,7.55,Frutas,KILOGRAMO,KILOGRAMO
20250218,PIURA,PIURA,PIURA,200101,20240524,Frijol canario,5.24,9,Menestras,KILOGRAMO,KILOGRAMO
20250218,PIURA,PIURA,PIURA,200101,20240524,Carne fresca de vacuno,13.3,18.9,Carnes y huevos,KILOGRAMO,KILOGRAMO
20250218,PIURA,PIURA,PIURA,200101,20240524,Tomate,3.84,4.9,Hortalizas,KILOGRAMO,KILOGRAMO
20250218,PIURA,PIURA,PIURA,200101,20240524,Haba verde serrana,2.68,6.6,Legumbres,KILOGRAMO,KILOGRAMO
20250218,PIURA,PIURA,PIURA,200101,20240524,Garbanzo,4.71,10.65,Menestras,KILOGRAMO,KILOGRAMO
20250218,PIURA,PIURA,PIURA,200101,20240524,Huevos rosados,6.6,7.8,Carnes y huevos,KILOGRAMO,KILOGRAMO
20250218,PIURA,PIURA,PIURA,200101,20240520,Zapallo macre,1.45,3.2,Hortalizas,KILOGRAMO,KILOGRAMO
20250218,PIURA,PIURA,PIURA,200101,20240520,Papaya,2,2.6,Frutas,KILOGRAMO,KILOGRAMO
20250218,PIURA,PIURA,PIURA,200101,20240520,Choclo (tipo cusco),3.9,7.9,Cereales,CIENTO,UNIDAD
20250218,PIURA,PIURA,PIURA,200101,20240520,Sandia,2.15,3.6,Frutas,KILOGRAMO,KILOGRAMO
20250218,PIURA,PIURA,PIURA,200101,20240520,Yuca blanca,1.88,3.3,Tuberculos,KILOGRAMO,KILOGRAMO
20250218,PIURA,PIURA,PIURA,200101,20240520,Palta fuerte,5.8,8.35,Frutas,KILOGRAMO,KILOGRAMO
20250218,PIURA,PIURA,PIURA,200101,20240520,Platano seda congo,1.45,3.7,Frutas,KILOGRAMO,KILOGRAMO
20250218,PIURA,PIURA,PIURA,200101,20240520,Arroz extra,2.87,4.1,Cereales,SACO NORMAL,KILOGRAMO
20250218,PIURA,PIURA,PIURA,200101,20240520,Pallar,5.75,9.85,Menestras,KILOGRAMO,KILOGRAMO
20250218,PIURA,PIURA,PIURA,200101,20240520,Azucar blanca nacional (granel),3.1,6.15,Agro-industriales,SACO NORMAL,KILOGRAMO
20250218,PIURA,PIURA,PIURA,200101,20240520,Leche evaporada (azul) 400 g,3.44,4.35,Agro-industriales,CAJA,LATA
20250218,PIURA,PIURA,PIURA,200101,20240520,Manzana israel,2.5,4.4,Frutas,KILOGRAMO,KILOGRAMO
20250218,PIURA,PIURA,PIURA,200101,20240520,Arroz superior,2.77,3.3,Cereales,SACO NORMAL,KILOGRAMO
20250218,PIURA,PIURA,PIURA,200101,20240520,Fideos nicolini tallarin,3.35,5.6,Agro-industriales,PAQUETE,KILOGRAMO
20250218,PIURA,PIURA,PIURA,200101,20240520,Manzana delicia,3.08,6.15,Frutas,KILOGRAMO,KILOGRAMO
20250218,PIURA,PIURA,PIURA,200101,20240520,Azucar rubia nacional (granel),3.11,5.35,Agro-industriales,SACO NORMAL,KILOGRAMO
20250218,PIURA,PIURA,PIURA,200101,20240520,Pina criolla,1.85,2.95,Frutas,KILOGRAMO,KILOGRAMO
20250218,PIURA,PIURA,PIURA,200101,20240520,Melocoton durazno huayco,4.5,8.35,Frutas,KILOGRAMO,KILOGRAMO
20250218,PIURA,PIURA,PIURA,200101,20240520,Carne de porcino (corte unico),11.25,17.65,Carnes y huevos,UNIDAD,KILOGRAMO
20250218,PIURA,PIURA,PIURA,200101,20240520,Arveja verde blanca serrana,3.12,5.75,Legumbres,MALLA MEDIANA,KILOGRAMO
20250218,PIURA,PIURA,PIURA,200101,20240520,Papa canchan,1.95,2.45,Tuberculos,SACO GRANDE,KILOGRAMO
20250218,PIURA,PIURA,PIURA,200101,20240520,Ajo criollo o napuri,6.17,12.2,Hortalizas,MALLA MEDIANA,KILOGRAMO
20250218,PIURA,PIURA,PIURA,200101,20240520,Melon coquito,2.46,4.25,Frutas,KILOGRAMO,KILOGRAMO
20250218,PIURA,PIURA,PIURA,200101,20240520,Camote morado,1.17,2.55,Tuberculos,SACO GRANDE,KILOGRAMO
20250218,PIURA,PIURA,PIURA,200101,20240520,Uva red globe,4.33,6.55,Frutas,KILOGRAMO,KILOGRAMO
20250218,PIURA,PIURA,PIURA,200101,20240520,Zanahoria,1.84,4.3,Hortalizas,SACO MEDIANO,KILOGRAMO
20250218,PIURA,PIURA,PIURA,200101,20240520,Platano bellaco,1.21,2.35,Frutas,LITRO,LITRO
20250218,PIURA,PIURA,PIURA,200101,20240520,Leche fresca,5.65,7.55,Agro-industriales,LITRO,LITRO
20250218,PIURA,PIURA,PIURA,200101,20240520,Chirimoya cumbe,5.05,8.25,Frutas,CAJON CHICO,KILOGRAMO
20250218,PIURA,PIURA,PIURA,200101,20240520,Papa amarilla,3.5,5.85,Tuberculos,SACO GRANDE,KILOGRAMO
20250218,PIURA,PIURA,PIURA,200101,20240520,Aceite clasico botella 900 ml,10.46,12.61,Agro-industriales,CAJA CHICA,LITRO
20250218,PIURA,PIURA,PIURA,200101,20240520,Cebolla cabeza roja,2.47,4.2,Hortalizas,SACO,KILOGRAMO
20250218,PIURA,PIURA,PIURA,200101,20240520,Aji rocoto,3.15,4.75,Hortalizas,KILOGRAMO,KILOGRAMO
20250218,PIURA,PIURA,PIURA,200101,20240520,Aji escabeche,1.63,2.9,Hortalizas,KILOGRAMO,MALLA
20250218,PIURA,PIURA,PIURA,200101,20240520,Carne de pollo (eviscerado),7.8,9.35,Carnes y huevos,KILOGRAMO,KILOGRAMO
20250218,PIURA,PIURA,PIURA,200101,20240520,Frijol castilla,3.95,7.95,Menestras,KILOGRAMO,KILOGRAMO
20250218,PIURA,PIURA,PIURA,200101,20240520,Uva italia,4.38,7.55,Frutas,KILOGRAMO,KILOGRAMO
20250218,PIURA,PIURA,PIURA,200101,20240520,Frijol canario,5.2,9.7,Menestras,KILOGRAMO,KILOGRAMO
20250218,PIURA,PIURA,PIURA,200101,20240520,Uva alfonso lavalett,4.25,8.1,Frutas,KILOGRAMO,KILOGRAMO
20250218,PIURA,PIURA,PIURA,200101,20240520,Carne fresca de vacuno,13.35,19,Carnes y huevos,KILOGRAMO,KILOGRAMO
20250218,PIURA,PIURA,PIURA,200101,20240520,Tomate,3.91,4.9,Hortalizas,KILOGRAMO,KILOGRAMO
20250218,PIURA,PIURA,PIURA,200101,20240520,Haba verde serrana,2.75,6.65,Legumbres,KILOGRAMO,KILOGRAMO
20250218,PIURA,PIURA,PIURA,200101,20240520,Garbanzo,4.69,10.65,Menestras,KILOGRAMO,KILOGRAMO
20250218,PIURA,PIURA,PIURA,200101,20240520,Huevos rosados,6.6,8,Carnes y huevos,KILOGRAMO,KILOGRAMO
20250218,PIURA,PIURA,PIURA,200101,20240520,Limon sutil bolsa,1.4,4,Frutas,KILOGRAMO,KILOGRAMO
20250218,PIURA,PIURA,PIURA,200101,20240520,Vainita americana,2.63,5.25,Legumbres,KILOGRAMO,KILOGRAMO
20250218,PIURA,PIURA,PIURA,200101,20240520,Lenteja,6,7.75,Menestras,KILOGRAMO,KILOGRAMO
20250218,PIURA,PIURA,PIURA,200101,20240520,Olluco largo,4.4,5.5,Tuberculos,KILOGRAMO,KILOGRAMO
20250218,PIURA,PIURA,PIURA,200101,20240515,Huevos rosados,7.35,9.35,Carnes y huevos,KILOGRAMO,KILOGRAMO
20250218,PIURA,PIURA,PIURA,200101,20240515,Haba verde serrana,2.69,7.5,Legumbres,KILOGRAMO,KILOGRAMO
20250218,PIURA,PIURA,PIURA,200101,20240515,Garbanzo,4.75,10.65,Menestras,KILOGRAMO,KILOGRAMO
20250218,PIURA,PIURA,PIURA,200101,20240515,Olluco largo,4.4,5.35,Tuberculos,KILOGRAMO,KILOGRAMO
20250218,PIURA,PIURA,PIURA,200101,20240515,Sandia,2.15,3.6,Frutas,KILOGRAMO,KILOGRAMO
20250218,PIURA,PIURA,PIURA,200101,20240515,Naranja valencia,2.85,6.1,Frutas,KILOGRAMO,KILOGRAMO
20250218,PIURA,PIURA,PIURA,200101,20240515,Limon sutil bolsa,1.32,3.9,Frutas,KILOGRAMO,KILOGRAMO
20250218,PIURA,PIURA,PIURA,200101,20240515,Vainita americana,2.7,5.25,Legumbres,KILOGRAMO,KILOGRAMO
20250218,PIURA,PIURA,PIURA,200101,20240515,Lenteja,6,8.05,Menestras,KILOGRAMO,KILOGRAMO
20250218,PIURA,PIURA,PIURA,200101,20240515,Zapallo macre,1.45,3.2,Hortalizas,KILOGRAMO,KILOGRAMO
20250218,PIURA,PIURA,PIURA,200101,20240515,Papaya,2,2.75,Frutas,KILOGRAMO,KILOGRAMO
20250218,PIURA,PIURA,PIURA,200101,20240515,Choclo (tipo cusco),3.96,7.9,Cereales,CIENTO,UNIDAD
20250218,PIURA,PIURA,PIURA,200101,20240515,Yuca blanca,1.88,3.3,Tuberculos,KILOGRAMO,KILOGRAMO
20250218,PIURA,PIURA,PIURA,200101,20240515,Palta fuerte,5.8,8.35,Frutas,KILOGRAMO,KILOGRAMO
20250218,PIURA,PIURA,PIURA,200101,20240515,Platano seda congo,1.45,3.8,Frutas,KILOGRAMO,KILOGRAMO
20250218,PIURA,PIURA,PIURA,200101,20240515,Arroz extra,2.87,4.25,Cereales,SACO NORMAL,KILOGRAMO
20250218,PIURA,PIURA,PIURA,200101,20240515,Pallar,5.75,9.85,Menestras,KILOGRAMO,KILOGRAMO
20250218,PIURA,PIURA,PIURA,200101,20240515,Azucar blanca nacional (granel),3.1,6.25,Agro-industriales,SACO NORMAL,KILOGRAMO
20250218,PIURA,PIURA,PIURA,200101,20240515,Leche evaporada (azul) 400 g,3.51,4.35,Agro-industriales,CAJA,LATA
20250218,PIURA,PIURA,PIURA,200101,20240515,Manzana israel,2.53,4.4,Frutas,KILOGRAMO,KILOGRAMO
20250218,PIURA,PIURA,PIURA,200101,20240515,Arroz superior,2.77,3.3,Cereales,SACO NORMAL,KILOGRAMO
20250218,PIURA,PIURA,PIURA,200101,20240515,Fideos nicolini tallarin,3.45,5.6,Agro-industriales,PAQUETE,KILOGRAMO
20250218,PIURA,PIURA,PIURA,200101,20240515,Manzana delicia,3.08,6.15,Frutas,KILOGRAMO,KILOGRAMO
20250218,PIURA,PIURA,PIURA,200101,20240515,Azucar rubia nacional (granel),3.11,5.45,Agro-industriales,SACO NORMAL,KILOGRAMO
20250218,PIURA,PIURA,PIURA,200101,20240515,Pina criolla,1.85,2.95,Frutas,KILOGRAMO,KILOGRAMO
20250218,PIURA,PIURA,PIURA,200101,20240515,Melocoton durazno huayco,4.5,8.5,Frutas,KILOGRAMO,KILOGRAMO
20250218,PIURA,PIURA,PIURA,200101,20240515,Carne de porcino (corte unico),11.4,17.75,Carnes y huevos,UNIDAD,KILOGRAMO
20250218,PIURA,PIURA,PIURA,200101,20240515,Arveja verde blanca serrana,3.12,5.85,Legumbres,MALLA MEDIANA,KILOGRAMO
20250218,PIURA,PIURA,PIURA,200101,20240515,Papa canchan,1.95,2.45,Tuberculos,SACO GRANDE,KILOGRAMO
20250218,PIURA,PIURA,PIURA,200101,20240515,Ajo criollo o napuri,6.18,12.25,Hortalizas,MALLA MEDIANA,KILOGRAMO
20250218,PIURA,PIURA,PIURA,200101,20240515,Melon coquito,2.46,4.25,Frutas,KILOGRAMO,KILOGRAMO
20250218,PIURA,PIURA,PIURA,200101,20240515,Camote morado,1.17,2.6,Tuberculos,SACO GRANDE,KILOGRAMO
20250218,PIURA,PIURA,PIURA,200101,20240515,Uva red globe,4.42,6.55,Frutas,KILOGRAMO,KILOGRAMO
20250218,PIURA,PIURA,PIURA,200101,20240515,Zanahoria,1.98,4.3,Hortalizas,SACO MEDIANO,KILOGRAMO
20250218,PIURA,PIURA,PIURA,200101,20240515,Platano bellaco,1.22,2.4,Frutas,LITRO,LITRO
20250218,PIURA,PIURA,PIURA,200101,20240515,Leche fresca,5.65,7.55,Agro-industriales,LITRO,LITRO
20250218,PIURA,PIURA,PIURA,200101,20240515,Chirimoya cumbe,5.05,8.25,Frutas,CAJON CHICO,KILOGRAMO
20250218,PIURA,PIURA,PIURA,200101,20240515,Papa amarilla,3.6,5.85,Tuberculos,SACO GRANDE,KILOGRAMO
20250218,PIURA,PIURA,PIURA,200101,20240515,Aceite clasico botella 900 ml,10.42,12.61,Agro-industriales,CAJA CHICA,LITRO
20250218,PIURA,PIURA,PIURA,200101,20240515,Cebolla cabeza roja,2.49,4.25,Hortalizas,SACO,KILOGRAMO
20250218,PIURA,PIURA,PIURA,200101,20240515,Aji rocoto,3.15,5.5,Hortalizas,KILOGRAMO,KILOGRAMO
20250218,PIURA,PIURA,PIURA,200101,20240515,Uva alfonso lavalett,4.25,8.1,Frutas,KILOGRAMO,KILOGRAMO
20250218,PIURA,PIURA,PIURA,200101,20240515,Aji escabeche,1.63,3.1,Hortalizas,KILOGRAMO,MALLA
20250218,PIURA,PIURA,PIURA,200101,20240515,Carne de pollo (eviscerado),8.05,9.35,Carnes y huevos,KILOGRAMO,KILOGRAMO
20250218,PIURA,PIURA,PIURA,200101,20240515,Frijol castilla,3.98,8.05,Menestras,KILOGRAMO,KILOGRAMO
20250218,PIURA,PIURA,PIURA,200101,20240515,Uva italia,4.83,7.55,Frutas,KILOGRAMO,KILOGRAMO
20250218,PIURA,PIURA,PIURA,200101,20240515,Frijol canario,5.28,9.7,Menestras,KILOGRAMO,KILOGRAMO
20250218,PIURA,PIURA,PIURA,200101,20240515,Carne fresca de vacuno,13.35,19.15,Carnes y huevos,KILOGRAMO,KILOGRAMO
20250218,PIURA,PIURA,PIURA,200101,20240515,Tomate,4.09,4.95,Hortalizas,KILOGRAMO,KILOGRAMO
20250218,PIURA,PIURA,PIURA,200101,20240513,Frijol castilla,4.02,8.05,Menestras,KILOGRAMO,KILOGRAMO
20250218,PIURA,PIURA,PIURA,200101,20240513,Uva italia,4.83,7.55,Frutas,KILOGRAMO,KILOGRAMO
20250218,PIURA,PIURA,PIURA,200101,20240513,Frijol canario,5.35,9.75,Menestras,KILOGRAMO,KILOGRAMO
20250218,PIURA,PIURA,PIURA,200101,20240513,Carne fresca de vacuno,13.3,19.15,Carnes y huevos,KILOGRAMO,KILOGRAMO
20250218,PIURA,PIURA,PIURA,200101,20240513,Tomate,3.93,5.05,Hortalizas,KILOGRAMO,KILOGRAMO
20250218,PIURA,PIURA,PIURA,200101,20240513,Huevos rosados,7.35,9.45,Carnes y huevos,KILOGRAMO,KILOGRAMO
20250218,PIURA,PIURA,PIURA,200101,20240513,Haba verde serrana,2.69,7.65,Legumbres,KILOGRAMO,KILOGRAMO
20250218,PIURA,PIURA,PIURA,200101,20240513,Garbanzo,4.69,10.65,Menestras,KILOGRAMO,KILOGRAMO
20250218,PIURA,PIURA,PIURA,200101,20240513,Olluco largo,4.4,5.35,Tuberculos,KILOGRAMO,KILOGRAMO
20250218,PIURA,PIURA,PIURA,200101,20240513,Sandia,2.15,3.6,Frutas,KILOGRAMO,KILOGRAMO
20250218,PIURA,PIURA,PIURA,200101,20240513,Naranja valencia,2.82,6.1,Frutas,KILOGRAMO,KILOGRAMO
20250218,PIURA,PIURA,PIURA,200101,20240513,Limon sutil bolsa,1.41,4.15,Frutas,KILOGRAMO,KILOGRAMO
20250218,PIURA,PIURA,PIURA,200101,20240513,Vainita americana,2.68,5.3,Legumbres,KILOGRAMO,KILOGRAMO
20250218,PIURA,PIURA,PIURA,200101,20240513,Lenteja,6,8.15,Menestras,KILOGRAMO,KILOGRAMO
20250218,PIURA,PIURA,PIURA,200101,20240513,Zapallo macre,1.45,3.35,Hortalizas,KILOGRAMO,KILOGRAMO
20250218,PIURA,PIURA,PIURA,200101,20240513,Papaya,2,2.75,Frutas,KILOGRAMO,KILOGRAMO
20250218,PIURA,PIURA,PIURA,200101,20240513,Choclo (tipo cusco),3.98,8,Cereales,CIENTO,UNIDAD
20250218,PIURA,PIURA,PIURA,200101,20240513,Yuca blanca,1.86,3.3,Tuberculos,KILOGRAMO,KILOGRAMO
20250218,PIURA,PIURA,PIURA,200101,20240513,Palta fuerte,5.8,8.55,Frutas,KILOGRAMO,KILOGRAMO
20250218,PIURA,PIURA,PIURA,200101,20240513,Arroz extra,2.87,4.35,Cereales,SACO NORMAL,KILOGRAMO
20250218,PIURA,PIURA,PIURA,200101,20240513,Pallar,5.85,9.9,Menestras,KILOGRAMO,KILOGRAMO
20250218,PIURA,PIURA,PIURA,200101,20240513,Azucar blanca nacional (granel),3.09,6.25,Agro-industriales,SACO NORMAL,KILOGRAMO
20250218,PIURA,PIURA,PIURA,200101,20240513,Leche evaporada (azul) 400 g,3.51,4.4,Agro-industriales,CAJA,LATA
20250218,PIURA,PIURA,PIURA,200101,20240513,Manzana israel,2.58,4.55,Frutas,KILOGRAMO,KILOGRAMO
20250218,PIURA,PIURA,PIURA,200101,20240513,Arroz superior,2.77,3.3,Cereales,SACO NORMAL,KILOGRAMO
20250218,PIURA,PIURA,PIURA,200101,20240513,Fideos nicolini tallarin,3.45,5.6,Agro-industriales,PAQUETE,KILOGRAMO
20250218,PIURA,PIURA,PIURA,200101,20240513,Manzana delicia,3.08,6.15,Frutas,KILOGRAMO,KILOGRAMO
20250218,PIURA,PIURA,PIURA,200101,20240513,Azucar rubia nacional (granel),3,5.45,Agro-industriales,SACO NORMAL,KILOGRAMO
20250218,PIURA,PIURA,PIURA,200101,20240513,Pina criolla,1.85,2.95,Frutas,KILOGRAMO,KILOGRAMO
20250218,PIURA,PIURA,PIURA,200101,20240513,Melocoton durazno huayco,4.5,8.35,Frutas,KILOGRAMO,KILOGRAMO
20250218,PIURA,PIURA,PIURA,200101,20240513,Carne de porcino (corte unico),11.25,17.75,Carnes y huevos,UNIDAD,KILOGRAMO
20250218,PIURA,PIURA,PIURA,200101,20240513,Arveja verde blanca serrana,3.23,5.95,Legumbres,MALLA MEDIANA,KILOGRAMO
20250218,PIURA,PIURA,PIURA,200101,20240513,Papa canchan,1.95,2.4,Tuberculos,SACO GRANDE,KILOGRAMO
20250218,PIURA,PIURA,PIURA,200101,20240513,Ajo criollo o napuri,6.15,12.4,Hortalizas,MALLA MEDIANA,KILOGRAMO
20250218,PIURA,PIURA,PIURA,200101,20240513,Melon coquito,2.46,4.35,Frutas,KILOGRAMO,KILOGRAMO
20250218,PIURA,PIURA,PIURA,200101,20240513,Camote morado,1.17,2.65,Tuberculos,SACO GRANDE,KILOGRAMO
20250218,PIURA,PIURA,PIURA,200101,20240513,Uva red globe,4.54,6.55,Frutas,KILOGRAMO,KILOGRAMO
20250218,PIURA,PIURA,PIURA,200101,20240513,Zanahoria,1.98,4.35,Hortalizas,SACO MEDIANO,KILOGRAMO
20250218,PIURA,PIURA,PIURA,200101,20240513,Platano bellaco,1.24,2.4,Frutas,LITRO,LITRO
20250218,PIURA,PIURA,PIURA,200101,20240513,Leche fresca,5.65,7.55,Agro-industriales,LITRO,LITRO
20250218,PIURA,PIURA,PIURA,200101,20240513,Chirimoya cumbe,5,8.35,Frutas,CAJON CHICO,KILOGRAMO
20250218,PIURA,PIURA,PIURA,200101,20240513,Papa amarilla,3.56,5.85,Tuberculos,SACO GRANDE,KILOGRAMO
20250218,PIURA,PIURA,PIURA,200101,20240513,Aceite clasico botella 900 ml,10.42,12.72,Agro-industriales,CAJA CHICA,LITRO
20250218,PIURA,PIURA,PIURA,200101,20240513,Cebolla cabeza roja,2.55,4.15,Hortalizas,SACO,KILOGRAMO
20250218,PIURA,PIURA,PIURA,200101,20240513,Carne de pollo (eviscerado),8.16,9.45,Carnes y huevos,KILOGRAMO,KILOGRAMO
20250218,PIURA,PIURA,PIURA,200101,20240513,Aji rocoto,3.15,5.4,Hortalizas,KILOGRAMO,KILOGRAMO
20250218,PIURA,PIURA,PIURA,200101,20240513,Uva alfonso lavalett,4.25,7.41,Frutas,KILOGRAMO,KILOGRAMO
20250218,PIURA,PIURA,PIURA,200101,20240513,Aji escabeche,1.63,3.1,Hortalizas,KILOGRAMO,MALLA
20250218,PIURA,PIURA,PIURA,200101,20240304,Azucar blanca nacional (granel),3,6.05,Agro-industriales,SACO NORMAL,KILOGRAMO
20250218,PIURA,PIURA,PIURA,200101,20240304,Leche evaporada (azul) 400 g,2.57,3.35,Agro-industriales,CAJA,LATA
20250218,PIURA,PIURA,PIURA,200101,20240304,Manzana israel,2.68,4.3,Frutas,KILOGRAMO,KILOGRAMO
20250218,PIURA,PIURA,PIURA,200101,20240304,Arroz superior,2.71,3.25,Cereales,SACO NORMAL,KILOGRAMO
20250218,PIURA,PIURA,PIURA,200101,20240304,Fideos nicolini tallarin,3.7,5.65,Agro-industriales,PAQUETE,KILOGRAMO
20250218,PIURA,PIURA,PIURA,200101,20240304,Manzana delicia,2.43,5.4,Frutas,KILOGRAMO,KILOGRAMO
20250218,PIURA,PIURA,PIURA,200101,20240304,Azucar rubia nacional (granel),3.07,5.3,Agro-industriales,SACO NORMAL,KILOGRAMO
20250218,PIURA,PIURA,PIURA,200101,20240304,Pina criolla,1.75,2.65,Frutas,KILOGRAMO,KILOGRAMO
20250218,PIURA,PIURA,PIURA,200101,20240304,Melocoton durazno huayco,4.35,9.1,Frutas,KILOGRAMO,KILOGRAMO
20250218,PIURA,PIURA,PIURA,200101,20240304,Carne de porcino (corte unico),12.37,17.8,Carnes y huevos,UNIDAD,KILOGRAMO
20250218,PIURA,PIURA,PIURA,200101,20240304,Arveja verde blanca serrana,2.92,7.4,Legumbres,MALLA MEDIANA,KILOGRAMO
20250218,PIURA,PIURA,PIURA,200101,20240304,Papa canchan,1.93,2.45,Tuberculos,SACO GRANDE,KILOGRAMO
20250218,PIURA,PIURA,PIURA,200101,20240304,Ajo criollo o napuri,6.61,13.05,Hortalizas,MALLA MEDIANA,KILOGRAMO
20250218,PIURA,PIURA,PIURA,200101,20240304,Melon coquito,2.21,4.45,Frutas,KILOGRAMO,KILOGRAMO
20250218,PIURA,PIURA,PIURA,200101,20240304,Camote morado,1.34,3.25,Tuberculos,SACO GRANDE,KILOGRAMO
20250218,PIURA,PIURA,PIURA,200101,20240304,Uva red globe,4.04,6.65,Frutas,KILOGRAMO,KILOGRAMO
20250218,PIURA,PIURA,PIURA,200101,20240304,Zanahoria,1.92,3.95,Hortalizas,SACO MEDIANO,KILOGRAMO
20250218,PIURA,PIURA,PIURA,200101,20240304,Platano bellaco,1.41,2.7,Frutas,LITRO,LITRO
20250218,PIURA,PIURA,PIURA,200101,20240304,Leche fresca,5.85,7.35,Agro-industriales,LITRO,LITRO
20250218,PIURA,PIURA,PIURA,200101,20240304,Chirimoya cumbe,5.6,8.25,Frutas,CAJON CHICO,KILOGRAMO
20250218,PIURA,PIURA,PIURA,200101,20240304,Papa amarilla,3.51,6.5,Tuberculos,SACO GRANDE,KILOGRAMO
20250218,PIURA,PIURA,PIURA,200101,20240304,Aceite clasico botella 900 ml,9,10.4,Agro-industriales,CAJA CHICA,LITRO
20250218,PIURA,PIURA,PIURA,200101,20240304,Cebolla cabeza roja,2.48,3.1,Hortalizas,SACO,KILOGRAMO
20250218,PIURA,PIURA,PIURA,200101,20240304,Aji rocoto,3.8,5.3,Hortalizas,KILOGRAMO,KILOGRAMO
20250218,PIURA,PIURA,PIURA,200101,20240304,Aji escabeche,1.65,3.4,Hortalizas,KILOGRAMO,MALLA
20250218,PIURA,PIURA,PIURA,200101,20240304,Carne de pollo (eviscerado),8.65,10.85,Carnes y huevos,KILOGRAMO,KILOGRAMO
20250218,PIURA,PIURA,PIURA,200101,20240304,Frijol castilla,3.72,7.75,Menestras,KILOGRAMO,KILOGRAMO
20250218,PIURA,PIURA,PIURA,200101,20240304,Uva italia,5.29,7.8,Frutas,KILOGRAMO,KILOGRAMO
20250218,PIURA,PIURA,PIURA,200101,20240304,Frijol canario,3.78,8.85,Menestras,KILOGRAMO,KILOGRAMO
20250218,PIURA,PIURA,PIURA,200101,20240304,Uva alfonso lavalett,4.67,8.05,Frutas,KILOGRAMO,KILOGRAMO
20250218,PIURA,PIURA,PIURA,200101,20240304,Carne fresca de vacuno,17.65,20.75,Carnes y huevos,KILOGRAMO,KILOGRAMO
20250218,PIURA,PIURA,PIURA,200101,20240304,Tomate,4.2,5,Hortalizas,KILOGRAMO,KILOGRAMO
20250218,PIURA,PIURA,PIURA,200101,20240304,Haba verde serrana,2.98,8.35,Legumbres,KILOGRAMO,KILOGRAMO
20250218,PIURA,PIURA,PIURA,200101,20240304,Garbanzo,4.15,8.05,Menestras,KILOGRAMO,KILOGRAMO
20250218,PIURA,PIURA,PIURA,200101,20240304,Huevos rosados,7.75,8.4,Carnes y huevos,KILOGRAMO,KILOGRAMO
20250218,PIURA,PIURA,PIURA,200101,20240304,Mango edward,4.83,8.86,Frutas,KILOGRAMO,KILOGRAMO
20250218,PIURA,PIURA,PIURA,200101,20240304,Sandia,1.85,3.35,Frutas,KILOGRAMO,KILOGRAMO
20250218,PIURA,PIURA,PIURA,200101,20240304,Limon sutil bolsa,1.36,2.65,Frutas,KILOGRAMO,KILOGRAMO
20250218,PIURA,PIURA,PIURA,200101,20240304,Vainita americana,2.63,5.25,Legumbres,KILOGRAMO,KILOGRAMO
20250218,PIURA,PIURA,PIURA,200101,20240304,Lenteja,5.6,7.7,Menestras,KILOGRAMO,KILOGRAMO
20250218,PIURA,PIURA,PIURA,200101,20240304,Olluco largo,4.85,7.25,Tuberculos,KILOGRAMO,KILOGRAMO
20250218,PIURA,PIURA,PIURA,200101,20240304,Zapallo macre,1.2,3,Hortalizas,KILOGRAMO,KILOGRAMO
20250218,PIURA,PIURA,PIURA,200101,20240304,Papaya,1.7,2.55,Frutas,KILOGRAMO,KILOGRAMO
20250218,PIURA,PIURA,PIURA,200101,20240304,Choclo (tipo cusco),3.68,10.2,Cereales,CIENTO,UNIDAD
20250218,PIURA,PIURA,PIURA,200101,20240304,Naranja valencia,3.24,6.15,Frutas,KILOGRAMO,KILOGRAMO
20250218,PIURA,PIURA,PIURA,200101,20240304,Yuca blanca,2.08,3.95,Tuberculos,KILOGRAMO,KILOGRAMO
20250218,PIURA,PIURA,PIURA,200101,20240304,Palta fuerte,6.5,8.4,Frutas,KILOGRAMO,KILOGRAMO
20250218,PIURA,PIURA,PIURA,200101,20240304,Platano seda congo,2,3.65,Frutas,KILOGRAMO,KILOGRAMO
20250218,PIURA,PIURA,PIURA,200101,20240304,Arroz extra,2.88,3.45,Cereales,SACO NORMAL,KILOGRAMO
20250218,PIURA,PIURA,PIURA,200101,20240304,Pallar,5.4,8.05,Menestras,KILOGRAMO,KILOGRAMO
20250218,PIURA,PIURA,PIURA,200101,20240301,Leche fresca,5.85,7.35,Agro-industriales,LITRO,LITRO
20250218,PIURA,PIURA,PIURA,200101,20240301,Papa canchan,1.9,2.45,Tuberculos,SACO GRANDE,KILOGRAMO
20250218,PIURA,PIURA,PIURA,200101,20240301,Chirimoya cumbe,5.25,8.25,Frutas,CAJON CHICO,KILOGRAMO
20250218,PIURA,PIURA,PIURA,200101,20240301,Papa amarilla,3.45,6.5,Tuberculos,SACO GRANDE,KILOGRAMO
20250218,PIURA,PIURA,PIURA,200101,20240301,Aceite clasico botella 900 ml,9,10.4,Agro-industriales,CAJA CHICA,LITRO
20250218,PIURA,PIURA,PIURA,200101,20240301,Cebolla cabeza roja,2.43,3.1,Hortalizas,SACO,KILOGRAMO
20250218,PIURA,PIURA,PIURA,200101,20240301,Platano bellaco,1.43,2.7,Frutas,LITRO,LITRO
20250218,PIURA,PIURA,PIURA,200101,20240301,Aji rocoto,3.8,5.3,Hortalizas,KILOGRAMO,KILOGRAMO
20250218,PIURA,PIURA,PIURA,200101,20240301,Aji escabeche,1.59,3.35,Hortalizas,KILOGRAMO,MALLA
20250218,PIURA,PIURA,PIURA,200101,20240301,Carne de pollo (eviscerado),8.55,10.7,Carnes y huevos,KILOGRAMO,KILOGRAMO
20250218,PIURA,PIURA,PIURA,200101,20240301,Frijol castilla,3.69,7.55,Menestras,KILOGRAMO,KILOGRAMO
20250218,PIURA,PIURA,PIURA,200101,20240301,Uva italia,5.38,7.8,Frutas,KILOGRAMO,KILOGRAMO
20250218,PIURA,PIURA,PIURA,200101,20240301,Frijol canario,3.71,8.85,Menestras,KILOGRAMO,KILOGRAMO
20250218,PIURA,PIURA,PIURA,200101,20240301,Uva alfonso lavalett,4.67,7.95,Frutas,KILOGRAMO,KILOGRAMO
20250218,PIURA,PIURA,PIURA,200101,20240301,Carne fresca de vacuno,17.65,20.75,Carnes y huevos,KILOGRAMO,KILOGRAMO
20250218,PIURA,PIURA,PIURA,200101,20240301,Tomate,4.09,5,Hortalizas,KILOGRAMO,KILOGRAMO
20250218,PIURA,PIURA,PIURA,200101,20240301,Haba verde serrana,2.98,8.25,Legumbres,KILOGRAMO,KILOGRAMO
20250218,PIURA,PIURA,PIURA,200101,20240301,Garbanzo,4.17,8.05,Menestras,KILOGRAMO,KILOGRAMO
20250218,PIURA,PIURA,PIURA,200101,20240301,Huevos rosados,7.75,8.15,Carnes y huevos,KILOGRAMO,KILOGRAMO
20250218,PIURA,PIURA,PIURA,200101,20240301,Mango edward,4.77,8.81,Frutas,KILOGRAMO,KILOGRAMO
20250218,PIURA,PIURA,PIURA,200101,20240301,Sandia,1.85,3.35,Frutas,KILOGRAMO,KILOGRAMO
20250218,PIURA,PIURA,PIURA,200101,20240301,Limon sutil bolsa,1.35,2.45,Frutas,KILOGRAMO,KILOGRAMO
20250218,PIURA,PIURA,PIURA,200101,20240301,Vainita americana,2.63,5.3,Legumbres,KILOGRAMO,KILOGRAMO
20250218,PIURA,PIURA,PIURA,200101,20240301,Lenteja,6,7.55,Menestras,KILOGRAMO,KILOGRAMO
20250218,PIURA,PIURA,PIURA,200101,20240301,Olluco largo,2.4,3.2,Tuberculos,KILOGRAMO,KILOGRAMO
20250218,PIURA,PIURA,PIURA,200101,20240301,Papaya,1.7,2.5,Frutas,KILOGRAMO,KILOGRAMO
20250218,PIURA,PIURA,PIURA,200101,20240301,Naranja valencia,3.21,6.15,Frutas,KILOGRAMO,KILOGRAMO
20250218,PIURA,PIURA,PIURA,200101,20240301,Yuca blanca,2.08,3.95,Tuberculos,KILOGRAMO,KILOGRAMO
20250218,PIURA,PIURA,PIURA,200101,20240301,Palta fuerte,6.45,8.25,Frutas,KILOGRAMO,KILOGRAMO
20250218,PIURA,PIURA,PIURA,200101,20240301,Platano seda congo,2,3.65,Frutas,KILOGRAMO,KILOGRAMO
20250218,PIURA,PIURA,PIURA,200101,20240301,Arroz extra,3.16,3.35,Cereales,SACO NORMAL,KILOGRAMO
20250218,PIURA,PIURA,PIURA,200101,20240301,Pallar,5.4,7.95,Menestras,KILOGRAMO,KILOGRAMO
20250218,PIURA,PIURA,PIURA,200101,20240301,Zapallo macre,1.2,3,Hortalizas,KILOGRAMO,KILOGRAMO
20250218,PIURA,PIURA,PIURA,200101,20240301,Choclo (tipo cusco),3.68,10.15,Cereales,CIENTO,UNIDAD
20250218,PIURA,PIURA,PIURA,200101,20240301,Azucar blanca nacional (granel),3,6.05,Agro-industriales,SACO NORMAL,KILOGRAMO
20250218,PIURA,PIURA,PIURA,200101,20240301,Leche evaporada (azul) 400 g,2.57,3.4,Agro-industriales,CAJA,LATA
20250218,PIURA,PIURA,PIURA,200101,20240301,Manzana israel,2.68,4.3,Frutas,KILOGRAMO,KILOGRAMO
20250218,PIURA,PIURA,PIURA,200101,20240301,Arroz superior,2.65,3.25,Cereales,SACO NORMAL,KILOGRAMO
20250218,PIURA,PIURA,PIURA,200101,20240301,Fideos nicolini tallarin,3.7,5.65,Agro-industriales,PAQUETE,KILOGRAMO
20250218,PIURA,PIURA,PIURA,200101,20240301,Manzana delicia,2.43,5.35,Frutas,KILOGRAMO,KILOGRAMO
20250218,PIURA,PIURA,PIURA,200101,20240301,Azucar rubia nacional (granel),3.05,5.3,Agro-industriales,SACO NORMAL,KILOGRAMO
20250218,PIURA,PIURA,PIURA,200101,20240301,Pina criolla,1.75,2.65,Frutas,KILOGRAMO,KILOGRAMO
20250218,PIURA,PIURA,PIURA,200101,20240301,Zanahoria,1.89,3.85,Hortalizas,SACO MEDIANO,KILOGRAMO
20250218,PIURA,PIURA,PIURA,200101,20240301,Melocoton durazno huayco,4.33,8.9,Frutas,KILOGRAMO,KILOGRAMO
20250218,PIURA,PIURA,PIURA,200101,20240301,Arveja verde blanca serrana,2.92,7.4,Legumbres,MALLA MEDIANA,KILOGRAMO
20250218,PIURA,PIURA,PIURA,200101,20240301,Ajo criollo o napuri,6.53,12.95,Hortalizas,MALLA MEDIANA,KILOGRAMO
20250218,PIURA,PIURA,PIURA,200101,20240301,Melon coquito,2.17,4.45,Frutas,KILOGRAMO,KILOGRAMO
20250218,PIURA,PIURA,PIURA,200101,20240301,Camote morado,1.34,3.25,Tuberculos,SACO GRANDE,KILOGRAMO
20250218,PIURA,PIURA,PIURA,200101,20240301,Uva red globe,4.04,6.65,Frutas,KILOGRAMO,KILOGRAMO
20250218,PIURA,PIURA,PIURA,200101,20240301,Carne de porcino (corte unico),12.37,17.8,Carnes y huevos,UNIDAD,KILOGRAMO
20250218,PIURA,PIURA,PIURA,200101,20240108,Carne de porcino (corte unico),16.15,18,Carnes y huevos,UNIDAD,KILOGRAMO
20250218,PIURA,PIURA,PIURA,200101,20240108,Arveja verde blanca serrana,3.18,8.2,Legumbres,MALLA MEDIANA,KILOGRAMO
20250218,PIURA,PIURA,PIURA,200101,20240108,Ajo criollo o napuri,5.85,11.47,Hortalizas,MALLA MEDIANA,KILOGRAMO
20250218,PIURA,PIURA,PIURA,200101,20240108,Melon coquito,2.18,4.3,Frutas,KILOGRAMO,KILOGRAMO
20250218,PIURA,PIURA,PIURA,200101,20240108,Camote morado,1.33,2.91,Tuberculos,SACO GRANDE,KILOGRAMO
20250218,PIURA,PIURA,PIURA,200101,20240108,Uva red globe,3.8,6.2,Frutas,KILOGRAMO,KILOGRAMO
20250218,PIURA,PIURA,PIURA,200101,20240108,Zanahoria,1.6,2.8,Hortalizas,SACO MEDIANO,KILOGRAMO
20250218,PIURA,PIURA,PIURA,200101,20240108,Platano bellaco,1.5,2.7,Frutas,LITRO,LITRO
20250218,PIURA,PIURA,PIURA,200101,20240108,Leche fresca,5.3,6.4,Agro-industriales,LITRO,LITRO
20250218,PIURA,PIURA,PIURA,200101,20240108,Chirimoya cumbe,5.1,7.9,Frutas,CAJON CHICO,KILOGRAMO
20250218,PIURA,PIURA,PIURA,200101,20240108,Papa amarilla,3.2,5,Tuberculos,SACO GRANDE,KILOGRAMO
20250218,PIURA,PIURA,PIURA,200101,20240108,Aceite clasico botella 900 ml,11.4,13,Agro-industriales,CAJA CHICA,LITRO
20250218,PIURA,PIURA,PIURA,200101,20240108,Cebolla cabeza roja,3.02,4.15,Hortalizas,SACO,KILOGRAMO
20250218,PIURA,PIURA,PIURA,200101,20240108,Aji rocoto,2.45,5.5,Hortalizas,KILOGRAMO,KILOGRAMO
20250218,PIURA,PIURA,PIURA,200101,20240108,Aji escabeche,1.74,3.44,Hortalizas,KILOGRAMO,MALLA
20250218,PIURA,PIURA,PIURA,200101,20240108,Carne de pollo (eviscerado),8.15,10.75,Carnes y huevos,KILOGRAMO,KILOGRAMO
20250218,PIURA,PIURA,PIURA,200101,20240108,Frijol castilla,3.9,7.4,Menestras,KILOGRAMO,KILOGRAMO
20250218,PIURA,PIURA,PIURA,200101,20240108,Uva italia,5.2,7.5,Frutas,KILOGRAMO,KILOGRAMO
20250218,PIURA,PIURA,PIURA,200101,20240108,Frijol canario,6.1,8.4,Menestras,KILOGRAMO,KILOGRAMO
20250218,PIURA,PIURA,PIURA,200101,20240108,Uva alfonso lavalett,5,8.4,Frutas,KILOGRAMO,KILOGRAMO
20250218,PIURA,PIURA,PIURA,200101,20240108,Carne fresca de vacuno,16.65,20.75,Carnes y huevos,KILOGRAMO,KILOGRAMO
20250218,PIURA,PIURA,PIURA,200101,20240108,Tomate,3.8,5,Hortalizas,KILOGRAMO,KILOGRAMO
20250218,PIURA,PIURA,PIURA,200101,20240108,Haba verde serrana,3.55,8.4,Legumbres,KILOGRAMO,KILOGRAMO
20250218,PIURA,PIURA,PIURA,200101,20240108,Garbanzo,4.4,8.1,Menestras,KILOGRAMO,KILOGRAMO
20250218,PIURA,PIURA,PIURA,200101,20240108,Huevos rosados,7.9,9.8,Carnes y huevos,KILOGRAMO,KILOGRAMO
20250218,PIURA,PIURA,PIURA,200101,20240108,Mango edward,4.1,7.2,Frutas,KILOGRAMO,KILOGRAMO
20250218,PIURA,PIURA,PIURA,200101,20240108,Sandia,1.8,3.3,Frutas,KILOGRAMO,KILOGRAMO
20250218,PIURA,PIURA,PIURA,200101,20240108,Limon sutil bolsa,1.33,2.3,Frutas,KILOGRAMO,KILOGRAMO
20250218,PIURA,PIURA,PIURA,200101,20240108,Vainita americana,2.33,5.4,Legumbres,KILOGRAMO,KILOGRAMO
20250218,PIURA,PIURA,PIURA,200101,20240108,Lenteja,6.15,7.4,Menestras,KILOGRAMO,KILOGRAMO
20250218,PIURA,PIURA,PIURA,200101,20240108,Olluco largo,2.7,5.25,Tuberculos,KILOGRAMO,KILOGRAMO
20250218,PIURA,PIURA,PIURA,200101,20240108,Zapallo macre,1.08,2.3,Hortalizas,KILOGRAMO,KILOGRAMO
20250218,PIURA,PIURA,PIURA,200101,20240108,Papaya,1.98,2.65,Frutas,KILOGRAMO,KILOGRAMO
20250218,PIURA,PIURA,PIURA,200101,20240108,Naranja valencia,3.3,6.2,Frutas,KILOGRAMO,KILOGRAMO
20250218,PIURA,PIURA,PIURA,200101,20240108,Yuca blanca,2.11,4,Tuberculos,KILOGRAMO,KILOGRAMO
20250218,PIURA,PIURA,PIURA,200101,20240108,Palta fuerte,6.8,8.1,Frutas,KILOGRAMO,KILOGRAMO
20250218,PIURA,PIURA,PIURA,200101,20240108,Platano seda congo,1.8,3.7,Frutas,KILOGRAMO,KILOGRAMO
20250218,PIURA,PIURA,PIURA,200101,20240108,Arroz extra,2.78,3.6,Cereales,SACO NORMAL,KILOGRAMO
20250218,PIURA,PIURA,PIURA,200101,20240108,Pallar,6,8.2,Menestras,KILOGRAMO,KILOGRAMO
20250218,PIURA,PIURA,PIURA,200101,20240108,Azucar blanca nacional (granel),3.2,6.12,Agro-industriales,SACO NORMAL,KILOGRAMO
20250218,PIURA,PIURA,PIURA,200101,20240108,Leche evaporada (azul) 400 g,2.75,3.3,Agro-industriales,CAJA,LATA
20250218,PIURA,PIURA,PIURA,200101,20240108,Manzana israel,2.6,5,Frutas,KILOGRAMO,KILOGRAMO
20250218,PIURA,PIURA,PIURA,200101,20240108,Arroz superior,2.6,3.2,Cereales,SACO NORMAL,KILOGRAMO
20250218,PIURA,PIURA,PIURA,200101,20240108,Fideos nicolini tallarin,3.4,5.5,Agro-industriales,PAQUETE,KILOGRAMO
20250218,PIURA,PIURA,PIURA,200101,20240108,Manzana delicia,2.13,4.4,Frutas,KILOGRAMO,KILOGRAMO
20250218,PIURA,PIURA,PIURA,200101,20240108,Azucar rubia nacional (granel),3.1,6,Agro-industriales,SACO NORMAL,KILOGRAMO
20250218,PIURA,PIURA,PIURA,200101,20240108,Pina criolla,1.75,2.6,Frutas,KILOGRAMO,KILOGRAMO
20250218,PIURA,PIURA,PIURA,200101,20240108,Melocoton durazno huayco,4.1,8.2,Frutas,KILOGRAMO,KILOGRAMO
